catalogue_release,measurement_id,physical_object_id,host_system_id,preferred_measurement_flag,preferred_measurement_reason,match_method,match_reference,identity_resolution_status
v7.5-accreting-atlas-catalogue,CEERS00397_harikane23,HZA-CEERS-397,HZS-CEERS-397,False,prior-release preferred measurement retained for longitudinal reproducibility,coordinate-redshift match; manually reviewed,0.5 arcsec and delta-z 0.01 candidate thresholds,resolved
v7.5-accreting-atlas-catalogue,CEERS00672_harikane23,HZA-CEERS-672,HZS-CEERS-672,False,prior-release preferred measurement retained for longitudinal reproducibility,coordinate-redshift match; manually reviewed,0.5 arcsec and delta-z 0.01 candidate thresholds,resolved
v7.5-accreting-atlas-catalogue,CEERS00717_harikane23,HZA-CEERS-00717,HZS-CEERS-00717,True,only catalogue measurement in this release,singleton assignment after coordinate-redshift search,no candidate within 0.5 arcsec and delta-z 0.01,resolved
v7.5-accreting-atlas-catalogue,CEERS00746_harikane23,HZA-CEERS-746,HZS-CEERS-746,False,prior-release preferred measurement retained for longitudinal reproducibility,coordinate-redshift match; manually reviewed,0.5 arcsec and delta-z 0.01 candidate thresholds,resolved
v7.5-accreting-atlas-catalogue,CEERS01236_harikane23,HZA-CEERS-01236,HZS-CEERS-01236,True,only catalogue measurement in this release,singleton assignment after coordinate-redshift search,no candidate within 0.5 arcsec and delta-z 0.01,resolved
v7.5-accreting-atlas-catalogue,CEERS01244_harikane23,HZA-CEERS-1244,HZS-CEERS-1244,False,prior-release preferred measurement retained for longitudinal reproducibility,coordinate-redshift match; manually reviewed,0.5 arcsec and delta-z 0.01 candidate thresholds,resolved
v7.5-accreting-atlas-catalogue,CEERS01665_harikane23,HZA-CEERS-01665,HZS-CEERS-01665,True,only catalogue measurement in this release,singleton assignment after coordinate-redshift search,no candidate within 0.5 arcsec and delta-z 0.01,resolved
v7.5-accreting-atlas-catalogue,CEERS02782_harikane23,HZA-CEERS-2782,HZS-CEERS-2782,False,prior-release preferred measurement retained for longitudinal reproducibility,coordinate-redshift match; manually reviewed,0.5 arcsec and delta-z 0.01 candidate thresholds,resolved
v7.5-accreting-atlas-catalogue,CEERS1244_taylor24,HZA-CEERS-1244,HZS-CEERS-1244,True,only catalogue measurement in this release,singleton assignment,"Taylor et al. (2025), Table 1",resolved
v7.5-accreting-atlas-catalogue,CEERS2782_taylor24,HZA-CEERS-2782,HZS-CEERS-2782,False,nonpreferred duplicate: severe spatial slit loss; Taylor et al. adopt RUBIES-EGS-50052,explicit literature duplicate,"Taylor et al. (2025), Section 3.3 / Table 1 notes",resolved
v7.5-accreting-atlas-catalogue,CEERS397_taylor24,HZA-CEERS-397,HZS-CEERS-397,True,only catalogue measurement in this release,singleton assignment,"Taylor et al. (2025), Table 1",resolved
v7.5-accreting-atlas-catalogue,CEERS672_taylor24,HZA-CEERS-672,HZS-CEERS-672,True,only catalogue measurement in this release,singleton assignment,"Taylor et al. (2025), Table 1",resolved
v7.5-accreting-atlas-catalogue,CEERS746_taylor24,HZA-CEERS-746,HZS-CEERS-746,True,only catalogue measurement in this release,singleton assignment,"Taylor et al. (2025), Table 1",resolved
v7.5-accreting-atlas-catalogue,DC417567_ren25,HZA-DC-417567,HZS-DC-417567,True,only catalogue measurement for this physical object,singleton assignment after coordinate-redshift search,no v6 candidate within 0.5 arcsec and delta-z 0.01,resolved
v7.5-accreting-atlas-catalogue,DC519281_ren25,HZA-DC-519281,HZS-DC-519281,True,only catalogue measurement for this physical object,singleton assignment after coordinate-redshift search,no v6 candidate within 0.5 arcsec and delta-z 0.01,resolved
v7.5-accreting-atlas-catalogue,DC536534_ren25,HZA-DC-536534,HZS-DC-536534,True,only catalogue measurement for this physical object,singleton assignment after coordinate-redshift search,no v6 candidate within 0.5 arcsec and delta-z 0.01,resolved
v7.5-accreting-atlas-catalogue,DC683613_ren25,HZA-DC-683613,HZS-DC-683613,True,only catalogue measurement for this physical object,singleton assignment after coordinate-redshift search,no v6 candidate within 0.5 arcsec and delta-z 0.01,resolved
v7.5-accreting-atlas-catalogue,DC848185a_ren25,HZA-DC-848185-A,HZS-DC-848185,True,only catalogue measurement for this physical object,singleton assignment after coordinate-redshift search,no v6 candidate within 0.5 arcsec and delta-z 0.01,resolved
v7.5-accreting-atlas-catalogue,DC848185b_ren25,HZA-DC-848185-B,HZS-DC-848185,True,only catalogue measurement for this physical object,singleton assignment after coordinate-redshift search,no v6 candidate within 0.5 arcsec and delta-z 0.01,resolved
v7.5-accreting-atlas-catalogue,DC873321_ren25,HZA-DC-873321,HZS-DC-873321,True,only catalogue measurement for this physical object,singleton assignment after coordinate-redshift search,no v6 candidate within 0.5 arcsec and delta-z 0.01,resolved
v7.5-accreting-atlas-catalogue,GLASS150029_harikane23,HZA-GLASS-150029,HZS-GLASS-150029,True,only catalogue measurement in this release,singleton assignment after coordinate-redshift search,no candidate within 0.5 arcsec and delta-z 0.01,resolved
v7.5-accreting-atlas-catalogue,GLASS160133_harikane23,HZA-GLASS-160133,HZS-GLASS-160133,True,only catalogue measurement in this release,singleton assignment after coordinate-redshift search,no candidate within 0.5 arcsec and delta-z 0.01,resolved
v7.5-accreting-atlas-catalogue,GN1093_juodzbalis25,HZA-GN-1093,HZS-GN-1093,True,only catalogue measurement in this release,singleton assignment,v1 catalogue,resolved
v7.5-accreting-atlas-catalogue,GN11836_juodzbalis25,HZA-GN-11836,HZS-GN-11836,True,only catalogue measurement in this release,singleton assignment,v1 catalogue,resolved
v7.5-accreting-atlas-catalogue,GN20621_juodzbalis25,HZA-GN-20621,HZS-GN-20621,True,only catalogue measurement in this release,singleton assignment,v1 catalogue,resolved
v7.5-accreting-atlas-catalogue,GN38509_juodzbalis25,HZA-GN-38509,HZS-GN-38509,True,only catalogue measurement in this release,singleton assignment,v1 catalogue,resolved
v7.5-accreting-atlas-catalogue,GN4685_juodzbalis25,HZA-GN-4685,HZS-GN-4685,True,only catalogue measurement in this release,singleton assignment,v1 catalogue,resolved
v7.5-accreting-atlas-catalogue,GN53757_juodzbalis25,HZA-GN-53757,HZS-GN-53757,True,only catalogue measurement in this release,singleton assignment,v1 catalogue,resolved
v7.5-accreting-atlas-catalogue,GN61888_juodzbalis25,HZA-GN-61888,HZS-GN-61888,True,only catalogue measurement in this release,singleton assignment,v1 catalogue,resolved
v7.5-accreting-atlas-catalogue,GN62309_juodzbalis25,HZA-GN-62309,HZS-GN-62309,True,only catalogue measurement in this release,singleton assignment,v1 catalogue,resolved
v7.5-accreting-atlas-catalogue,GN73488_juodzbalis25,HZA-GN-73488,HZS-GN-73488,True,only catalogue measurement in this release,singleton assignment,v1 catalogue,resolved
v7.5-accreting-atlas-catalogue,GN77652_juodzbalis25,HZA-GN-77652,HZS-GN-77652,True,only catalogue measurement in this release,singleton assignment,v1 catalogue,resolved
v7.5-accreting-atlas-catalogue,GN954_juodzbalis25,HZA-GN-954,HZS-GN-954,True,only catalogue measurement in this release,singleton assignment,v1 catalogue,resolved
v7.5-accreting-atlas-catalogue,GNIRS50-J0002-2550_shen19,HZA-GNIRS50-J0002-2550,HZS-GNIRS50-J0002-2550,True,only atlas measurement for this physical object,singleton assignment after coordinate-redshift search,no v7.1 candidate within 0.5 arcsec and delta-z 0.01 and no manual identity assertion,resolved
v7.5-accreting-atlas-catalogue,GNIRS50-J0008-0626_shen19,HZA-GNIRS50-J0008-0626,HZS-GNIRS50-J0008-0626,True,only atlas measurement for this physical object,singleton assignment after coordinate-redshift search,no v7.1 candidate within 0.5 arcsec and delta-z 0.01 and no manual identity assertion,resolved
v7.5-accreting-atlas-catalogue,GNIRS50-J0028-0457_shen19,HZA-XQR30-PSO-J007-04,HZS-XQR30-PSO-J007-04,False,v7.1 XQR-30 measurement retained as preferred; GNIRS measurement preserved as alternate,reviewed literature identity,v7.2 reviewed identity registry,resolved
v7.5-accreting-atlas-catalogue,GNIRS50-J0033-0125_shen19,HZA-GNIRS50-J0033-0125,HZS-GNIRS50-J0033-0125,True,only atlas measurement for this physical object,singleton assignment after coordinate-redshift search,no v7.1 candidate within 0.5 arcsec and delta-z 0.01 and no manual identity assertion,resolved
v7.5-accreting-atlas-catalogue,GNIRS50-J0050-3445_shen19,HZA-GNIRS50-J0050-3445,HZS-GNIRS50-J0050-3445,True,only atlas measurement for this physical object,singleton assignment after coordinate-redshift search,no v7.1 candidate within 0.5 arcsec and delta-z 0.01 and no manual identity assertion,resolved
v7.5-accreting-atlas-catalogue,GNIRS50-J0055-0146_shen19,HZA-GNIRS50-J0055-0146,HZS-GNIRS50-J0055-0146,True,only atlas measurement for this physical object,singleton assignment after coordinate-redshift search,no v7.1 candidate within 0.5 arcsec and delta-z 0.01 and no manual identity assertion,resolved
v7.5-accreting-atlas-catalogue,GNIRS50-J0136-0226_shen19,HZA-GNIRS50-J0136-0226,HZS-GNIRS50-J0136-0226,True,only atlas measurement for this physical object,singleton assignment after coordinate-redshift search,no v7.1 candidate within 0.5 arcsec and delta-z 0.01 and no manual identity assertion,resolved
v7.5-accreting-atlas-catalogue,GNIRS50-J0203-0012_shen19,HZA-GNIRS50-J0203-0012,HZS-GNIRS50-J0203-0012,True,only atlas measurement for this physical object,singleton assignment after coordinate-redshift search,no v7.1 candidate within 0.5 arcsec and delta-z 0.01 and no manual identity assertion,resolved
v7.5-accreting-atlas-catalogue,GNIRS50-J0221-0802_shen19,HZA-GNIRS50-J0221-0802,HZS-GNIRS50-J0221-0802,True,only atlas measurement for this physical object,singleton assignment after coordinate-redshift search,no v7.1 candidate within 0.5 arcsec and delta-z 0.01 and no manual identity assertion,resolved
v7.5-accreting-atlas-catalogue,GNIRS50-J0227-0605_shen19,HZA-GNIRS50-J0227-0605,HZS-GNIRS50-J0227-0605,True,only atlas measurement for this physical object,singleton assignment after coordinate-redshift search,no v7.1 candidate within 0.5 arcsec and delta-z 0.01 and no manual identity assertion,resolved
v7.5-accreting-atlas-catalogue,GNIRS50-J0300-2232_shen19,HZA-GNIRS50-J0300-2232,HZS-GNIRS50-J0300-2232,True,only atlas measurement for this physical object,singleton assignment after coordinate-redshift search,no v7.1 candidate within 0.5 arcsec and delta-z 0.01 and no manual identity assertion,resolved
v7.5-accreting-atlas-catalogue,GNIRS50-J0353-0104_shen19,HZA-GNIRS50-J0353-0104,HZS-GNIRS50-J0353-0104,True,only atlas measurement for this physical object,singleton assignment after coordinate-redshift search,no v7.1 candidate within 0.5 arcsec and delta-z 0.01 and no manual identity assertion,resolved
v7.5-accreting-atlas-catalogue,GNIRS50-J0810-5105_shen19,HZA-GNIRS50-J0810-5105,HZS-GNIRS50-J0810-5105,True,only atlas measurement for this physical object,singleton assignment after coordinate-redshift search,no v7.1 candidate within 0.5 arcsec and delta-z 0.01 and no manual identity assertion,resolved
v7.5-accreting-atlas-catalogue,GNIRS50-J0835-3217_shen19,HZA-GNIRS50-J0835-3217,HZS-GNIRS50-J0835-3217,True,only atlas measurement for this physical object,singleton assignment after coordinate-redshift search,no v7.1 candidate within 0.5 arcsec and delta-z 0.01 and no manual identity assertion,resolved
v7.5-accreting-atlas-catalogue,GNIRS50-J0836-0054_shen19,HZA-XQR30-SDSS-J0836-0054,HZS-XQR30-SDSS-J0836-0054,False,v7.1 XQR-30 measurement retained as preferred; GNIRS measurement preserved as alternate,reviewed literature identity,v7.2 reviewed identity registry,resolved
v7.5-accreting-atlas-catalogue,GNIRS50-J0840-5624_shen19,HZA-GNIRS50-J0840-5624,HZS-GNIRS50-J0840-5624,True,only atlas measurement for this physical object,singleton assignment after coordinate-redshift search,no v7.1 candidate within 0.5 arcsec and delta-z 0.01 and no manual identity assertion,resolved
v7.5-accreting-atlas-catalogue,GNIRS50-J0841-2905_shen19,HZA-GNIRS50-J0841-2905,HZS-GNIRS50-J0841-2905,True,only atlas measurement for this physical object,singleton assignment after coordinate-redshift search,no v7.1 candidate within 0.5 arcsec and delta-z 0.01 and no manual identity assertion,resolved
v7.5-accreting-atlas-catalogue,GNIRS50-J0842-1218_shen19,HZA-XQR30-SDSS-J0842-1218,HZS-XQR30-SDSS-J0842-1218,False,v7.1 XQR-30 measurement retained as preferred; GNIRS measurement preserved as alternate,reviewed literature identity,v7.2 reviewed identity registry,resolved
v7.5-accreting-atlas-catalogue,GNIRS50-J0850-3246_shen19,HZA-GNIRS50-J0850-3246,HZS-GNIRS50-J0850-3246,True,only atlas measurement for this physical object,singleton assignment after coordinate-redshift search,no v7.1 candidate within 0.5 arcsec and delta-z 0.01 and no manual identity assertion,resolved
v7.5-accreting-atlas-catalogue,GNIRS50-J0927-2001_shen19,HZA-XQR30-SDSS-J0927-2001,HZS-XQR30-SDSS-J0927-2001,False,v7.1 XQR-30 measurement retained as preferred; GNIRS measurement preserved as alternate,reviewed literature identity,v7.2 reviewed identity registry,resolved
v7.5-accreting-atlas-catalogue,GNIRS50-J1044-0125_shen19,HZA-GNIRS50-J1044-0125,HZS-GNIRS50-J1044-0125,True,only atlas measurement for this physical object,singleton assignment after coordinate-redshift search,no v7.1 candidate within 0.5 arcsec and delta-z 0.01 and no manual identity assertion,resolved
v7.5-accreting-atlas-catalogue,GNIRS50-J1137-3549_shen19,HZA-GNIRS50-J1137-3549,HZS-GNIRS50-J1137-3549,True,only atlas measurement for this physical object,singleton assignment after coordinate-redshift search,no v7.1 candidate within 0.5 arcsec and delta-z 0.01 and no manual identity assertion,resolved
v7.5-accreting-atlas-catalogue,GNIRS50-J1143-3808_shen19,HZA-GNIRS50-J1143-3808,HZS-GNIRS50-J1143-3808,True,only atlas measurement for this physical object,singleton assignment after coordinate-redshift search,no v7.1 candidate within 0.5 arcsec and delta-z 0.01 and no manual identity assertion,resolved
v7.5-accreting-atlas-catalogue,GNIRS50-J1148-0702_shen19,HZA-GNIRS50-J1148-0702,HZS-GNIRS50-J1148-0702,True,only atlas measurement for this physical object,singleton assignment after coordinate-redshift search,no v7.1 candidate within 0.5 arcsec and delta-z 0.01 and no manual identity assertion,resolved
v7.5-accreting-atlas-catalogue,GNIRS50-J1148-5251_shen19,HZA-GNIRS50-J1148-5251,HZS-GNIRS50-J1148-5251,True,only atlas measurement for this physical object,singleton assignment after coordinate-redshift search,no v7.1 candidate within 0.5 arcsec and delta-z 0.01 and no manual identity assertion,resolved
v7.5-accreting-atlas-catalogue,GNIRS50-J1207-0630_shen19,HZA-GNIRS50-J1207-0630,HZS-GNIRS50-J1207-0630,True,only atlas measurement for this physical object,singleton assignment after coordinate-redshift search,no v7.1 candidate within 0.5 arcsec and delta-z 0.01 and no manual identity assertion,resolved
v7.5-accreting-atlas-catalogue,GNIRS50-J1243-2529_shen19,HZA-GNIRS50-J1243-2529,HZS-GNIRS50-J1243-2529,True,only atlas measurement for this physical object,singleton assignment after coordinate-redshift search,no v7.1 candidate within 0.5 arcsec and delta-z 0.01 and no manual identity assertion,resolved
v7.5-accreting-atlas-catalogue,GNIRS50-J1250-3130_shen19,HZA-GNIRS50-J1250-3130,HZS-GNIRS50-J1250-3130,True,only atlas measurement for this physical object,singleton assignment after coordinate-redshift search,no v7.1 candidate within 0.5 arcsec and delta-z 0.01 and no manual identity assertion,resolved
v7.5-accreting-atlas-catalogue,GNIRS50-J1257-6349_shen19,HZA-GNIRS50-J1257-6349,HZS-GNIRS50-J1257-6349,True,only atlas measurement for this physical object,singleton assignment after coordinate-redshift search,no v7.1 candidate within 0.5 arcsec and delta-z 0.01 and no manual identity assertion,resolved
v7.5-accreting-atlas-catalogue,GNIRS50-J1335-3533_shen19,HZA-GNIRS50-J1335-3533,HZS-GNIRS50-J1335-3533,True,only atlas measurement for this physical object,singleton assignment after coordinate-redshift search,no v7.1 candidate within 0.5 arcsec and delta-z 0.01 and no manual identity assertion,resolved
v7.5-accreting-atlas-catalogue,GNIRS50-J1403-0902_shen19,HZA-GNIRS50-J1403-0902,HZS-GNIRS50-J1403-0902,True,only atlas measurement for this physical object,singleton assignment after coordinate-redshift search,no v7.1 candidate within 0.5 arcsec and delta-z 0.01 and no manual identity assertion,resolved
v7.5-accreting-atlas-catalogue,GNIRS50-J1425-3254_shen19,HZA-GNIRS50-J1425-3254,HZS-GNIRS50-J1425-3254,True,only atlas measurement for this physical object,singleton assignment after coordinate-redshift search,no v7.1 candidate within 0.5 arcsec and delta-z 0.01 and no manual identity assertion,resolved
v7.5-accreting-atlas-catalogue,GNIRS50-J1427-3312_shen19,HZA-GNIRS50-J1427-3312,HZS-GNIRS50-J1427-3312,True,only atlas measurement for this physical object,singleton assignment after coordinate-redshift search,no v7.1 candidate within 0.5 arcsec and delta-z 0.01 and no manual identity assertion,resolved
v7.5-accreting-atlas-catalogue,GNIRS50-J1429-5447_shen19,HZA-GNIRS50-J1429-5447,HZS-GNIRS50-J1429-5447,True,only atlas measurement for this physical object,singleton assignment after coordinate-redshift search,no v7.1 candidate within 0.5 arcsec and delta-z 0.01 and no manual identity assertion,resolved
v7.5-accreting-atlas-catalogue,GNIRS50-J1436-5007_shen19,HZA-GNIRS50-J1436-5007,HZS-GNIRS50-J1436-5007,True,only atlas measurement for this physical object,singleton assignment after coordinate-redshift search,no v7.1 candidate within 0.5 arcsec and delta-z 0.01 and no manual identity assertion,resolved
v7.5-accreting-atlas-catalogue,GNIRS50-J1545-6028_shen19,HZA-GNIRS50-J1545-6028,HZS-GNIRS50-J1545-6028,True,only atlas measurement for this physical object,singleton assignment after coordinate-redshift search,no v7.1 candidate within 0.5 arcsec and delta-z 0.01 and no manual identity assertion,resolved
v7.5-accreting-atlas-catalogue,GNIRS50-J1602-4228_shen19,HZA-GNIRS50-J1602-4228,HZS-GNIRS50-J1602-4228,True,only atlas measurement for this physical object,singleton assignment after coordinate-redshift search,no v7.1 candidate within 0.5 arcsec and delta-z 0.01 and no manual identity assertion,resolved
v7.5-accreting-atlas-catalogue,GNIRS50-J1609-3041_shen19,HZA-GNIRS50-J1609-3041,HZS-GNIRS50-J1609-3041,True,only atlas measurement for this physical object,singleton assignment after coordinate-redshift search,no v7.1 candidate within 0.5 arcsec and delta-z 0.01 and no manual identity assertion,resolved
v7.5-accreting-atlas-catalogue,GNIRS50-J1621-5155_shen19,HZA-GNIRS50-J1621-5155,HZS-GNIRS50-J1621-5155,True,only atlas measurement for this physical object,singleton assignment after coordinate-redshift search,no v7.1 candidate within 0.5 arcsec and delta-z 0.01 and no manual identity assertion,resolved
v7.5-accreting-atlas-catalogue,GNIRS50-J1623-3112_shen19,HZA-GNIRS50-J1623-3112,HZS-GNIRS50-J1623-3112,True,only atlas measurement for this physical object,singleton assignment after coordinate-redshift search,no v7.1 candidate within 0.5 arcsec and delta-z 0.01 and no manual identity assertion,resolved
v7.5-accreting-atlas-catalogue,GNIRS50-J1630-4012_shen19,HZA-GNIRS50-J1630-4012,HZS-GNIRS50-J1630-4012,True,only atlas measurement for this physical object,singleton assignment after coordinate-redshift search,no v7.1 candidate within 0.5 arcsec and delta-z 0.01 and no manual identity assertion,resolved
v7.5-accreting-atlas-catalogue,GNIRS50-J2307-0031_shen19,HZA-GNIRS50-J2307-0031,HZS-GNIRS50-J2307-0031,True,only atlas measurement for this physical object,singleton assignment after coordinate-redshift search,no v7.1 candidate within 0.5 arcsec and delta-z 0.01 and no manual identity assertion,resolved
v7.5-accreting-atlas-catalogue,GNIRS50-J2310-1855_shen19,HZA-XQR30-SDSS-J2310-1855,HZS-XQR30-SDSS-J2310-1855,False,v7.1 XQR-30 measurement retained as preferred; GNIRS measurement preserved as alternate,reviewed literature identity,v7.2 reviewed identity registry,resolved
v7.5-accreting-atlas-catalogue,GNIRS50-J2329-0403_shen19,HZA-GNIRS50-J2329-0403,HZS-GNIRS50-J2329-0403,True,only atlas measurement for this physical object,singleton assignment after coordinate-redshift search,no v7.1 candidate within 0.5 arcsec and delta-z 0.01 and no manual identity assertion,resolved
v7.5-accreting-atlas-catalogue,GNIRS50-J2356-0023_shen19,HZA-GNIRS50-J2356-0023,HZS-GNIRS50-J2356-0023,True,only atlas measurement for this physical object,singleton assignment after coordinate-redshift search,no v7.1 candidate within 0.5 arcsec and delta-z 0.01 and no manual identity assertion,resolved
v7.5-accreting-atlas-catalogue,GNIRS50-P000-26_shen19,HZA-GNIRS50-P000-26,HZS-GNIRS50-P000-26,True,only atlas measurement for this physical object,singleton assignment after coordinate-redshift search,no v7.1 candidate within 0.5 arcsec and delta-z 0.01 and no manual identity assertion,resolved
v7.5-accreting-atlas-catalogue,GNIRS50-P060-24_shen19,HZA-XQR30-PSO-J060-24,HZS-XQR30-PSO-J060-24,False,v7.1 XQR-30 measurement retained as preferred; GNIRS measurement preserved as alternate,reviewed literature identity,v7.2 reviewed identity registry,resolved
v7.5-accreting-atlas-catalogue,GNIRS50-P210-27_shen19,HZA-GNIRS50-P210-27,HZS-GNIRS50-P210-27,True,only atlas measurement for this physical object,singleton assignment after coordinate-redshift search,no v7.1 candidate within 0.5 arcsec and delta-z 0.01 and no manual identity assertion,resolved
v7.5-accreting-atlas-catalogue,GNIRS50-P228-21_shen19,HZA-GNIRS50-P228-21,HZS-GNIRS50-P228-21,True,only atlas measurement for this physical object,singleton assignment after coordinate-redshift search,no v7.1 candidate within 0.5 arcsec and delta-z 0.01 and no manual identity assertion,resolved
v7.5-accreting-atlas-catalogue,GNIRS50-P333-26_shen19,HZA-GNIRS50-P333-26,HZS-GNIRS50-P333-26,True,only atlas measurement for this physical object,singleton assignment after coordinate-redshift search,no v7.1 candidate within 0.5 arcsec and delta-z 0.01 and no manual identity assertion,resolved
v7.5-accreting-atlas-catalogue,GOODSN12839_matthee23,HZA-GOODS-N-12839,HZS-GOODS-N-12839,True,only catalogue measurement in this release,singleton assignment after coordinate-redshift search,no candidate within 0.5 arcsec and delta-z 0.01,resolved
v7.5-accreting-atlas-catalogue,GOODSN13733_matthee23,HZA-GOODS-N-13733,HZS-GOODS-N-13733,True,only catalogue measurement in this release,singleton assignment after coordinate-redshift search,no candidate within 0.5 arcsec and delta-z 0.01,resolved
v7.5-accreting-atlas-catalogue,GOODSN14409_matthee23,HZA-GOODS-N-14409,HZS-GOODS-N-14409,True,only catalogue measurement in this release,singleton assignment after coordinate-redshift search,no candidate within 0.5 arcsec and delta-z 0.01,resolved
v7.5-accreting-atlas-catalogue,GOODSN15498_matthee23,HZA-GOODS-N-15498,HZS-GOODS-N-15498,True,only catalogue measurement in this release,singleton assignment after coordinate-redshift search,no candidate within 0.5 arcsec and delta-z 0.01,resolved
v7.5-accreting-atlas-catalogue,GOODSN16813_matthee23,HZA-GOODS-N-16813,HZS-GOODS-N-16813,True,only catalogue measurement in this release,singleton assignment after coordinate-redshift search,no candidate within 0.5 arcsec and delta-z 0.01,resolved
v7.5-accreting-atlas-catalogue,GOODSN4014_matthee23,HZA-GOODS-N-4014,HZS-GOODS-N-4014,True,only catalogue measurement in this release,singleton assignment after coordinate-redshift search,no candidate within 0.5 arcsec and delta-z 0.01,resolved
v7.5-accreting-atlas-catalogue,GOODSN9771_matthee23,HZA-GOODS-N-9771,HZS-GOODS-N-9771,True,only catalogue measurement in this release,singleton assignment after coordinate-redshift search,no candidate within 0.5 arcsec and delta-z 0.01,resolved
v7.5-accreting-atlas-catalogue,GOODSS13971_matthee23,HZA-GS-204851,HZS-GS-204851,False,prior-release preferred measurement retained for longitudinal reproducibility,coordinate-redshift match; manually reviewed,0.5 arcsec and delta-z 0.01 candidate thresholds,resolved
v7.5-accreting-atlas-catalogue,GS10013704_juodzbalis25,HZA-GS-10013704,HZS-GS-10013704,True,only catalogue measurement in this release,singleton assignment,v1 catalogue,resolved
v7.5-accreting-atlas-catalogue,GS159717_juodzbalis25,HZA-GS-159717,HZS-GS-159717,True,only catalogue measurement in this release,singleton assignment,v1 catalogue,resolved
v7.5-accreting-atlas-catalogue,GS164055_juodzbalis25,HZA-GS-164055,HZS-GS-164055,True,only catalogue measurement in this release,singleton assignment,v1 catalogue,resolved
v7.5-accreting-atlas-catalogue,GS172975_juodzbalis25,HZA-GS-172975,HZS-GS-172975,True,only catalogue measurement in this release,singleton assignment,v1 catalogue,resolved
v7.5-accreting-atlas-catalogue,GS20030333_juodzbalis25,HZA-GS-20030333,HZS-GS-20030333,True,only catalogue measurement in this release,singleton assignment,v1 catalogue,resolved
v7.5-accreting-atlas-catalogue,GS20057765_juodzbalis25,HZA-GS-20057765,HZS-GS-20057765,True,only catalogue measurement in this release,singleton assignment,v1 catalogue,resolved
v7.5-accreting-atlas-catalogue,GS200679_juodzbalis25,HZA-GS-200679,HZS-GS-200679,True,only catalogue measurement in this release,singleton assignment,v1 catalogue,resolved
v7.5-accreting-atlas-catalogue,GS204851_juodzbalis25,HZA-GS-204851,HZS-GS-204851,True,only catalogue measurement in this release,singleton assignment,v1 catalogue,resolved
v7.5-accreting-atlas-catalogue,GS210600_juodzbalis25,HZA-GS-210600,HZS-GS-210600,True,only catalogue measurement in this release,singleton assignment,v1 catalogue,resolved
v7.5-accreting-atlas-catalogue,GS30148179_juodzbalis25,HZA-GS-30148179,HZS-GS-30148179,True,only catalogue measurement in this release,singleton assignment,v1 catalogue,resolved
v7.5-accreting-atlas-catalogue,GS38562_juodzbalis25,HZA-GS-38562,HZS-GS-38562,True,only catalogue measurement in this release,singleton assignment,v1 catalogue,resolved
v7.5-accreting-atlas-catalogue,GS8083_juodzbalis25,HZA-GS-8083,HZS-GS-8083,True,only catalogue measurement in this release,singleton assignment,v1 catalogue,resolved
v7.5-accreting-atlas-catalogue,J010012446_matthee23,HZA-J0100-12446,HZS-J0100-12446,True,only catalogue measurement in this release,singleton assignment after coordinate-redshift search,no candidate within 0.5 arcsec and delta-z 0.01,resolved
v7.5-accreting-atlas-catalogue,J010015157_matthee23,HZA-J0100-15157,HZS-J0100-15157,True,only catalogue measurement in this release,singleton assignment after coordinate-redshift search,no candidate within 0.5 arcsec and delta-z 0.01,resolved
v7.5-accreting-atlas-catalogue,J010016221_matthee23,HZA-J0100-16221,HZS-J0100-16221,True,only catalogue measurement in this release,singleton assignment after coordinate-redshift search,no candidate within 0.5 arcsec and delta-z 0.01,resolved
v7.5-accreting-atlas-catalogue,J01002017_matthee23,HZA-J0100-2017,HZS-J0100-2017,True,only catalogue measurement in this release,singleton assignment after coordinate-redshift search,no candidate within 0.5 arcsec and delta-z 0.01,resolved
v7.5-accreting-atlas-catalogue,J0109M3047BHAE1_lin24,HZA-J0109M3047-BHAE-1,HZS-J0109M3047-BHAE-1,True,only catalogue measurement in this release,singleton assignment after coordinate-redshift search,no candidate within 0.5 arcsec and delta-z 0.01,resolved
v7.5-accreting-atlas-catalogue,J014812884_matthee23,HZA-J0148-12884,HZS-J0148-12884,True,only catalogue measurement in this release,singleton assignment after coordinate-redshift search,no candidate within 0.5 arcsec and delta-z 0.01,resolved
v7.5-accreting-atlas-catalogue,J01484214_matthee23,HZA-J0148-4214,HZS-J0148-4214,True,only catalogue measurement in this release,singleton assignment after coordinate-redshift search,no candidate within 0.5 arcsec and delta-z 0.01,resolved
v7.5-accreting-atlas-catalogue,J0148976_matthee23,HZA-J0148-976,HZS-J0148-976,True,only catalogue measurement in this release,singleton assignment after coordinate-redshift search,no candidate within 0.5 arcsec and delta-z 0.01,resolved
v7.5-accreting-atlas-catalogue,J0218P0007BHAE1_lin24,HZA-J0218P0007-BHAE-1,HZS-J0218P0007-BHAE-1,True,only catalogue measurement in this release,singleton assignment after coordinate-redshift search,no candidate within 0.5 arcsec and delta-z 0.01,resolved
v7.5-accreting-atlas-catalogue,J0224M4711BHAE1_lin24,HZA-J0224M4711-BHAE-1,HZS-J0224M4711-BHAE-1,True,only catalogue measurement in this release,singleton assignment after coordinate-redshift search,no candidate within 0.5 arcsec and delta-z 0.01,resolved
v7.5-accreting-atlas-catalogue,J0229M0808BHAE1_lin24,HZA-J0229M0808-BHAE-1,HZS-J0229M0808-BHAE-1,True,only catalogue measurement in this release,singleton assignment after coordinate-redshift search,no candidate within 0.5 arcsec and delta-z 0.01,resolved
v7.5-accreting-atlas-catalogue,J0229M0808BHAE2_lin24,HZA-J0229M0808-BHAE-2,HZS-J0229M0808-BHAE-2,True,only catalogue measurement in this release,singleton assignment after coordinate-redshift search,no candidate within 0.5 arcsec and delta-z 0.01,resolved
v7.5-accreting-atlas-catalogue,J0430M1445BHAE1_lin24,HZA-J0430M1445-BHAE-1,HZS-J0430M1445-BHAE-1,True,only catalogue measurement in this release,singleton assignment after coordinate-redshift search,no candidate within 0.5 arcsec and delta-z 0.01,resolved
v7.5-accreting-atlas-catalogue,J0910M0414BHAE1_lin24,HZA-J0910M0414-BHAE-1,HZS-J0910M0414-BHAE-1,True,only catalogue measurement in this release,singleton assignment after coordinate-redshift search,no candidate within 0.5 arcsec and delta-z 0.01,resolved
v7.5-accreting-atlas-catalogue,J0923P0402BHAE1_lin24,HZA-J0923P0402-BHAE-1,HZS-J0923P0402-BHAE-1,True,only catalogue measurement in this release,singleton assignment after coordinate-redshift search,no candidate within 0.5 arcsec and delta-z 0.01,resolved
v7.5-accreting-atlas-catalogue,J112014389_matthee23,HZA-J1120-14389,HZS-J1120-14389,True,only catalogue measurement in this release,singleton assignment after coordinate-redshift search,no candidate within 0.5 arcsec and delta-z 0.01,resolved
v7.5-accreting-atlas-catalogue,J11207546_matthee23,HZA-J1120-7546,HZS-J1120-7546,True,only catalogue measurement in this release,singleton assignment after coordinate-redshift search,no candidate within 0.5 arcsec and delta-z 0.01,resolved
v7.5-accreting-atlas-catalogue,J114818404_matthee23,HZA-J1148-18404,HZS-J1148-18404,True,only catalogue measurement in this release,singleton assignment after coordinate-redshift search,no candidate within 0.5 arcsec and delta-z 0.01,resolved
v7.5-accreting-atlas-catalogue,J114821787_matthee23,HZA-J1148-21787,HZS-J1148-21787,True,only catalogue measurement in this release,singleton assignment after coordinate-redshift search,no candidate within 0.5 arcsec and delta-z 0.01,resolved
v7.5-accreting-atlas-catalogue,J11487111_matthee23,HZA-J1148-7111,HZS-J1148-7111,True,only catalogue measurement in this release,singleton assignment after coordinate-redshift search,no candidate within 0.5 arcsec and delta-z 0.01,resolved
v7.5-accreting-atlas-catalogue,J1526M2050BHAE1_lin24,HZA-J1526M2050-BHAE-1,HZS-J1526M2050-BHAE-1,True,only catalogue measurement in this release,singleton assignment after coordinate-redshift search,no candidate within 0.5 arcsec and delta-z 0.01,resolved
v7.5-accreting-atlas-catalogue,J1526M2050BHAE2_lin24,HZA-J1526M2050-BHAE-2,HZS-J1526M2050-BHAE-2,True,only catalogue measurement in this release,singleton assignment after coordinate-redshift search,no candidate within 0.5 arcsec and delta-z 0.01,resolved
v7.5-accreting-atlas-catalogue,J1526M2050BHAE3_lin24,HZA-J1526M2050-BHAE-3,HZS-J1526M2050-BHAE-3,True,only catalogue measurement in this release,singleton assignment after coordinate-redshift search,no candidate within 0.5 arcsec and delta-z 0.01,resolved
v7.5-accreting-atlas-catalogue,J2002M3013BHAE1_lin24,HZA-J2002M3013-BHAE-1,HZS-J2002M3013-BHAE-1,True,only catalogue measurement in this release,singleton assignment after coordinate-redshift search,no candidate within 0.5 arcsec and delta-z 0.01,resolved
v7.5-accreting-atlas-catalogue,J2132P1217BHAE1_lin24,HZA-J2132P1217-BHAE-1,HZS-J2132P1217-BHAE-1,True,only catalogue measurement in this release,singleton assignment after coordinate-redshift search,no candidate within 0.5 arcsec and delta-z 0.01,resolved
v7.5-accreting-atlas-catalogue,J2232P2930BHAE1_lin24,HZA-J2232P2930-BHAE-1,HZS-J2232P2930-BHAE-1,True,only catalogue measurement in this release,singleton assignment after coordinate-redshift search,no candidate within 0.5 arcsec and delta-z 0.01,resolved
v7.5-accreting-atlas-catalogue,J2232P2930BHAE2_lin24,HZA-J2232P2930-BHAE-2,HZS-J2232P2930-BHAE-2,True,only catalogue measurement in this release,singleton assignment after coordinate-redshift search,no candidate within 0.5 arcsec and delta-z 0.01,resolved
v7.5-accreting-atlas-catalogue,J2232P2930BHAE3_lin24,HZA-J2232P2930-BHAE-3,HZS-J2232P2930-BHAE-3,True,only catalogue measurement in this release,singleton assignment after coordinate-redshift search,no candidate within 0.5 arcsec and delta-z 0.01,resolved
v7.5-accreting-atlas-catalogue,RUBIESEGS13872_taylor24,HZA-RUBIES-EGS-13872,HZS-RUBIES-EGS-13872,True,only catalogue measurement in this release,singleton assignment,"Taylor et al. (2025), Table 1",resolved
v7.5-accreting-atlas-catalogue,RUBIESEGS17146_taylor24,HZA-RUBIES-EGS-17146,HZS-RUBIES-EGS-17146,True,only catalogue measurement in this release,singleton assignment,"Taylor et al. (2025), Table 1",resolved
v7.5-accreting-atlas-catalogue,RUBIESEGS28812_taylor24,HZA-RUBIES-EGS-28812,HZS-RUBIES-EGS-28812,True,only catalogue measurement in this release,singleton assignment,"Taylor et al. (2025), Table 1",resolved
v7.5-accreting-atlas-catalogue,RUBIESEGS29489_taylor24,HZA-RUBIES-EGS-29489,HZS-RUBIES-EGS-29489,True,only catalogue measurement in this release,singleton assignment,"Taylor et al. (2025), Table 1",resolved
v7.5-accreting-atlas-catalogue,RUBIESEGS37124_taylor24,HZA-RUBIES-EGS-37124,HZS-RUBIES-EGS-37124,True,only catalogue measurement in this release,singleton assignment,"Taylor et al. (2025), Table 1",resolved
v7.5-accreting-atlas-catalogue,RUBIESEGS42046_taylor24,HZA-RUBIES-EGS-42046,HZS-RUBIES-EGS-42046,True,only catalogue measurement in this release,singleton assignment,"Taylor et al. (2025), Table 1",resolved
v7.5-accreting-atlas-catalogue,RUBIESEGS42232_taylor24,HZA-RUBIES-EGS-42232,HZS-RUBIES-EGS-42232,True,only catalogue measurement in this release,singleton assignment,"Taylor et al. (2025), Table 1",resolved
v7.5-accreting-atlas-catalogue,RUBIESEGS45599_taylor24,HZA-RUBIES-EGS-45599,HZS-RUBIES-EGS-45599,True,only catalogue measurement in this release,singleton assignment,"Taylor et al. (2025), Table 1",resolved
v7.5-accreting-atlas-catalogue,RUBIESEGS46985_taylor24,HZA-RUBIES-EGS-46985,HZS-RUBIES-EGS-46985,True,only catalogue measurement in this release,singleton assignment,"Taylor et al. (2025), Table 1",resolved
v7.5-accreting-atlas-catalogue,RUBIESEGS49140_taylor24,HZA-RUBIES-EGS-49140,HZS-RUBIES-EGS-49140,True,only catalogue measurement in this release,singleton assignment,"Taylor et al. (2025), Table 1",resolved
v7.5-accreting-atlas-catalogue,RUBIESEGS50052_taylor24,HZA-CEERS-2782,HZS-CEERS-2782,True,preferred duplicate: higher-S/N RUBIES spectrum adopted by Taylor et al.,explicit literature duplicate,"Taylor et al. (2025), Section 3.3 / Table 1 notes",resolved
v7.5-accreting-atlas-catalogue,RUBIESEGS60935_taylor24,HZA-RUBIES-EGS-60935,HZS-RUBIES-EGS-60935,True,only catalogue measurement in this release,singleton assignment,"Taylor et al. (2025), Table 1",resolved
v7.5-accreting-atlas-catalogue,RUBIESEGS6411_taylor24,HZA-RUBIES-EGS-6411,HZS-RUBIES-EGS-6411,True,only catalogue measurement in this release,singleton assignment,"Taylor et al. (2025), Table 1",resolved
v7.5-accreting-atlas-catalogue,RUBIESEGS926125_taylor24,HZA-RUBIES-EGS-926125,HZS-RUBIES-EGS-926125,True,only catalogue measurement in this release,singleton assignment,"Taylor et al. (2025), Table 1",resolved
v7.5-accreting-atlas-catalogue,RUBIESUDS119957_taylor24,HZA-RUBIES-UDS-119957,HZS-RUBIES-UDS-119957,True,only catalogue measurement in this release,singleton assignment,"Taylor et al. (2025), Table 1",resolved
v7.5-accreting-atlas-catalogue,RUBIESUDS139709_taylor24,HZA-RUBIES-UDS-139709,HZS-RUBIES-UDS-139709,True,only catalogue measurement in this release,singleton assignment,"Taylor et al. (2025), Table 1",resolved
v7.5-accreting-atlas-catalogue,RUBIESUDS143683_taylor24,HZA-RUBIES-UDS-143683,HZS-RUBIES-UDS-143683,True,only catalogue measurement in this release,singleton assignment,"Taylor et al. (2025), Table 1",resolved
v7.5-accreting-atlas-catalogue,RUBIESUDS155916_taylor24,HZA-RUBIES-UDS-155916,HZS-RUBIES-UDS-155916,True,only catalogue measurement in this release,singleton assignment,"Taylor et al. (2025), Table 1",resolved
v7.5-accreting-atlas-catalogue,RUBIESUDS172350_taylor24,HZA-RUBIES-UDS-172350,HZS-RUBIES-UDS-172350,True,only catalogue measurement in this release,singleton assignment,"Taylor et al. (2025), Table 1",resolved
v7.5-accreting-atlas-catalogue,RUBIESUDS174752_taylor24,HZA-RUBIES-UDS-174752,HZS-RUBIES-UDS-174752,True,only catalogue measurement in this release,singleton assignment,"Taylor et al. (2025), Table 1",resolved
v7.5-accreting-atlas-catalogue,RUBIESUDS182791_taylor24,HZA-RUBIES-UDS-182791,HZS-RUBIES-UDS-182791,True,only catalogue measurement in this release,singleton assignment,"Taylor et al. (2025), Table 1",resolved
v7.5-accreting-atlas-catalogue,RUBIESUDS19484_taylor24,HZA-RUBIES-UDS-19484,HZS-RUBIES-UDS-19484,True,only catalogue measurement in this release,singleton assignment,"Taylor et al. (2025), Table 1",resolved
v7.5-accreting-atlas-catalogue,RUBIESUDS19521_taylor24,HZA-RUBIES-UDS-19521,HZS-RUBIES-UDS-19521,True,only catalogue measurement in this release,singleton assignment,"Taylor et al. (2025), Table 1",resolved
v7.5-accreting-atlas-catalogue,RUBIESUDS29813_taylor24,HZA-RUBIES-UDS-29813,HZS-RUBIES-UDS-29813,True,only catalogue measurement in this release,singleton assignment,"Taylor et al. (2025), Table 1",resolved
v7.5-accreting-atlas-catalogue,RUBIESUDS30969_taylor24,HZA-RUBIES-UDS-30969,HZS-RUBIES-UDS-30969,True,only catalogue measurement in this release,singleton assignment,"Taylor et al. (2025), Table 1",resolved
v7.5-accreting-atlas-catalogue,RUBIESUDS31747_taylor24,HZA-RUBIES-UDS-31747,HZS-RUBIES-UDS-31747,True,only catalogue measurement in this release,singleton assignment,"Taylor et al. (2025), Table 1",resolved
v7.5-accreting-atlas-catalogue,RUBIESUDS35974_taylor24,HZA-RUBIES-UDS-35974,HZS-RUBIES-UDS-35974,True,only catalogue measurement in this release,singleton assignment,"Taylor et al. (2025), Table 1",resolved
v7.5-accreting-atlas-catalogue,RUBIESUDS47509_taylor24,HZA-RUBIES-UDS-47509,HZS-RUBIES-UDS-47509,True,only catalogue measurement in this release,singleton assignment,"Taylor et al. (2025), Table 1",resolved
v7.5-accreting-atlas-catalogue,RUBIESUDS48507_taylor24,HZA-RUBIES-UDS-48507,HZS-RUBIES-UDS-48507,True,only catalogue measurement in this release,singleton assignment,"Taylor et al. (2025), Table 1",resolved
v7.5-accreting-atlas-catalogue,RUBIESUDS63139_taylor24,HZA-RUBIES-UDS-63139,HZS-RUBIES-UDS-63139,True,only catalogue measurement in this release,singleton assignment,"Taylor et al. (2025), Table 1",resolved
v7.5-accreting-atlas-catalogue,RUBIESUDS807469_taylor24,HZA-RUBIES-UDS-807469,HZS-RUBIES-UDS-807469,True,only catalogue measurement in this release,singleton assignment,"Taylor et al. (2025), Table 1",resolved
v7.5-accreting-atlas-catalogue,RUBIESUDS970351_taylor24,HZA-RUBIES-UDS-970351,HZS-RUBIES-UDS-970351,True,only catalogue measurement in this release,singleton assignment,"Taylor et al. (2025), Table 1",resolved
v7.5-accreting-atlas-catalogue,THRILS101567_davis26,HZA-THRILS-101567,HZS-THRILS-101567,True,only catalogue measurement in this release,singleton assignment after coordinate-redshift search,no v5 candidate within 0.5 arcsec and delta-z 0.01,resolved
v7.5-accreting-atlas-catalogue,THRILS24975_davis26,HZA-THRILS-24975,HZS-THRILS-24975,True,only catalogue measurement in this release,singleton assignment after coordinate-redshift search,no v5 candidate within 0.5 arcsec and delta-z 0.01,resolved
v7.5-accreting-atlas-catalogue,THRILS25501_davis26,HZA-THRILS-25501,HZS-THRILS-25501,True,only catalogue measurement in this release,singleton assignment after coordinate-redshift search,no v5 candidate within 0.5 arcsec and delta-z 0.01,resolved
v7.5-accreting-atlas-catalogue,THRILS40467_davis26,HZA-THRILS-40467,HZS-THRILS-40467,True,only catalogue measurement in this release,singleton assignment after coordinate-redshift search,no v5 candidate within 0.5 arcsec and delta-z 0.01,resolved
v7.5-accreting-atlas-catalogue,THRILS44774_davis26,HZA-THRILS-44774,HZS-THRILS-44774,True,only catalogue measurement in this release,singleton assignment after coordinate-redshift search,no v5 candidate within 0.5 arcsec and delta-z 0.01,resolved
v7.5-accreting-atlas-catalogue,THRILS49400_davis26,HZA-THRILS-49400,HZS-THRILS-49400,True,only catalogue measurement in this release,singleton assignment after coordinate-redshift search,no v5 candidate within 0.5 arcsec and delta-z 0.01,resolved
v7.5-accreting-atlas-catalogue,UHZ1_bogdan24,HZA-UHZ1,HZS-UHZ1,False,superseded by full 2.2 Ms Chandra and JWST MIRI reanalysis,source-verified same object evidence history,UHZ1 and UNCOVER-26185 aliases at identical published coordinates,resolved
v7.5-accreting-atlas-catalogue,UHZ1_zou26,HZA-UHZ1,HZS-UHZ1,True,latest full-dataset multiwavelength evidence assessment,source-verified same object evidence history,UHZ1 and UNCOVER-26185 aliases at identical published coordinates,resolved
v7.5-accreting-atlas-catalogue,XQR30-CFHQS-J1509-1749_mazzucchelli23,HZA-XQR30-CFHQS-J1509-1749,HZS-XQR30-CFHQS-J1509-1749,True,only atlas measurement for this physical object,singleton assignment after coordinate-redshift search,no v7.0 candidate within 0.5 arcsec and delta-z 0.01,resolved
v7.5-accreting-atlas-catalogue,XQR30-DELS-J0923-0402_mazzucchelli23,HZA-XQR30-DELS-J0923-0402,HZS-XQR30-DELS-J0923-0402,True,only atlas measurement for this physical object,singleton assignment after coordinate-redshift search,no v7.0 candidate within 0.5 arcsec and delta-z 0.01,resolved
v7.5-accreting-atlas-catalogue,XQR30-DELS-J1535-1943_mazzucchelli23,HZA-XQR30-DELS-J1535-1943,HZS-XQR30-DELS-J1535-1943,True,only atlas measurement for this physical object,singleton assignment after coordinate-redshift search,no v7.0 candidate within 0.5 arcsec and delta-z 0.01,resolved
v7.5-accreting-atlas-catalogue,XQR30-PSO-J007-04_mazzucchelli23,HZA-XQR30-PSO-J007-04,HZS-XQR30-PSO-J007-04,True,only atlas measurement for this physical object,singleton assignment after coordinate-redshift search,no v7.0 candidate within 0.5 arcsec and delta-z 0.01,resolved
v7.5-accreting-atlas-catalogue,XQR30-PSO-J009-10_mazzucchelli23,HZA-XQR30-PSO-J009-10,HZS-XQR30-PSO-J009-10,True,only atlas measurement for this physical object,singleton assignment after coordinate-redshift search,no v7.0 candidate within 0.5 arcsec and delta-z 0.01,resolved
v7.5-accreting-atlas-catalogue,XQR30-PSO-J023-02_mazzucchelli23,HZA-XQR30-PSO-J023-02,HZS-XQR30-PSO-J023-02,True,only atlas measurement for this physical object,singleton assignment after coordinate-redshift search,no v7.0 candidate within 0.5 arcsec and delta-z 0.01,resolved
v7.5-accreting-atlas-catalogue,XQR30-PSO-J025-11_mazzucchelli23,HZA-XQR30-PSO-J025-11,HZS-XQR30-PSO-J025-11,True,only atlas measurement for this physical object,singleton assignment after coordinate-redshift search,no v7.0 candidate within 0.5 arcsec and delta-z 0.01,resolved
v7.5-accreting-atlas-catalogue,XQR30-PSO-J029-29_mazzucchelli23,HZA-XQR30-PSO-J029-29,HZS-XQR30-PSO-J029-29,True,only atlas measurement for this physical object,singleton assignment after coordinate-redshift search,no v7.0 candidate within 0.5 arcsec and delta-z 0.01,resolved
v7.5-accreting-atlas-catalogue,XQR30-PSO-J036-03_mazzucchelli23,HZA-XQR30-PSO-J036-03,HZS-XQR30-PSO-J036-03,True,only atlas measurement for this physical object,singleton assignment after coordinate-redshift search,no v7.0 candidate within 0.5 arcsec and delta-z 0.01,resolved
v7.5-accreting-atlas-catalogue,XQR30-PSO-J060-24_mazzucchelli23,HZA-XQR30-PSO-J060-24,HZS-XQR30-PSO-J060-24,True,only atlas measurement for this physical object,singleton assignment after coordinate-redshift search,no v7.0 candidate within 0.5 arcsec and delta-z 0.01,resolved
v7.5-accreting-atlas-catalogue,XQR30-PSO-J065-01_mazzucchelli23,HZA-XQR30-PSO-J065-01,HZS-XQR30-PSO-J065-01,True,only atlas measurement for this physical object,singleton assignment after coordinate-redshift search,no v7.0 candidate within 0.5 arcsec and delta-z 0.01,resolved
v7.5-accreting-atlas-catalogue,XQR30-PSO-J065-26_mazzucchelli23,HZA-XQR30-PSO-J065-26,HZS-XQR30-PSO-J065-26,True,only atlas measurement for this physical object,singleton assignment after coordinate-redshift search,no v7.0 candidate within 0.5 arcsec and delta-z 0.01,resolved
v7.5-accreting-atlas-catalogue,XQR30-PSO-J089-15_mazzucchelli23,HZA-XQR30-PSO-J089-15,HZS-XQR30-PSO-J089-15,True,only atlas measurement for this physical object,singleton assignment after coordinate-redshift search,no v7.0 candidate within 0.5 arcsec and delta-z 0.01,resolved
v7.5-accreting-atlas-catalogue,XQR30-PSO-J108-08_mazzucchelli23,HZA-XQR30-PSO-J108-08,HZS-XQR30-PSO-J108-08,True,only atlas measurement for this physical object,singleton assignment after coordinate-redshift search,no v7.0 candidate within 0.5 arcsec and delta-z 0.01,resolved
v7.5-accreting-atlas-catalogue,XQR30-PSO-J158-14_mazzucchelli23,HZA-XQR30-PSO-J158-14,HZS-XQR30-PSO-J158-14,True,only atlas measurement for this physical object,singleton assignment after coordinate-redshift search,no v7.0 candidate within 0.5 arcsec and delta-z 0.01,resolved
v7.5-accreting-atlas-catalogue,XQR30-PSO-J183-05_mazzucchelli23,HZA-XQR30-PSO-J183-05,HZS-XQR30-PSO-J183-05,True,only atlas measurement for this physical object,singleton assignment after coordinate-redshift search,no v7.0 candidate within 0.5 arcsec and delta-z 0.01,resolved
v7.5-accreting-atlas-catalogue,XQR30-PSO-J183-12_mazzucchelli23,HZA-XQR30-PSO-J183-12,HZS-XQR30-PSO-J183-12,True,only atlas measurement for this physical object,singleton assignment after coordinate-redshift search,no v7.0 candidate within 0.5 arcsec and delta-z 0.01,resolved
v7.5-accreting-atlas-catalogue,XQR30-PSO-J217-07_mazzucchelli23,HZA-XQR30-PSO-J217-07,HZS-XQR30-PSO-J217-07,True,only atlas measurement for this physical object,singleton assignment after coordinate-redshift search,no v7.0 candidate within 0.5 arcsec and delta-z 0.01,resolved
v7.5-accreting-atlas-catalogue,XQR30-PSO-J217-16_mazzucchelli23,HZA-XQR30-PSO-J217-16,HZS-XQR30-PSO-J217-16,True,only atlas measurement for this physical object,singleton assignment after coordinate-redshift search,no v7.0 candidate within 0.5 arcsec and delta-z 0.01,resolved
v7.5-accreting-atlas-catalogue,XQR30-PSO-J231-20_mazzucchelli23,HZA-XQR30-PSO-J231-20,HZS-XQR30-PSO-J231-20,True,only atlas measurement for this physical object,singleton assignment after coordinate-redshift search,no v7.0 candidate within 0.5 arcsec and delta-z 0.01,resolved
v7.5-accreting-atlas-catalogue,XQR30-PSO-J239-07_mazzucchelli23,HZA-XQR30-PSO-J239-07,HZS-XQR30-PSO-J239-07,True,only atlas measurement for this physical object,singleton assignment after coordinate-redshift search,no v7.0 candidate within 0.5 arcsec and delta-z 0.01,resolved
v7.5-accreting-atlas-catalogue,XQR30-PSO-J242-12_mazzucchelli23,HZA-XQR30-PSO-J242-12,HZS-XQR30-PSO-J242-12,True,only atlas measurement for this physical object,singleton assignment after coordinate-redshift search,no v7.0 candidate within 0.5 arcsec and delta-z 0.01,resolved
v7.5-accreting-atlas-catalogue,XQR30-PSO-J308-27_mazzucchelli23,HZA-XQR30-PSO-J308-27,HZS-XQR30-PSO-J308-27,True,only atlas measurement for this physical object,singleton assignment after coordinate-redshift search,no v7.0 candidate within 0.5 arcsec and delta-z 0.01,resolved
v7.5-accreting-atlas-catalogue,XQR30-PSO-J323-12_mazzucchelli23,HZA-XQR30-PSO-J323-12,HZS-XQR30-PSO-J323-12,True,only atlas measurement for this physical object,singleton assignment after coordinate-redshift search,no v7.0 candidate within 0.5 arcsec and delta-z 0.01,resolved
v7.5-accreting-atlas-catalogue,XQR30-PSO-J359-06_mazzucchelli23,HZA-XQR30-PSO-J359-06,HZS-XQR30-PSO-J359-06,True,only atlas measurement for this physical object,singleton assignment after coordinate-redshift search,no v7.0 candidate within 0.5 arcsec and delta-z 0.01,resolved
v7.5-accreting-atlas-catalogue,XQR30-SDSS-J0100-2802_mazzucchelli23,HZA-XQR30-SDSS-J0100-2802,HZS-XQR30-SDSS-J0100-2802,True,only atlas measurement for this physical object,singleton assignment after coordinate-redshift search,no v7.0 candidate within 0.5 arcsec and delta-z 0.01,resolved
v7.5-accreting-atlas-catalogue,XQR30-SDSS-J0818-1722_mazzucchelli23,HZA-XQR30-SDSS-J0818-1722,HZS-XQR30-SDSS-J0818-1722,True,only atlas measurement for this physical object,singleton assignment after coordinate-redshift search,no v7.0 candidate within 0.5 arcsec and delta-z 0.01,resolved
v7.5-accreting-atlas-catalogue,XQR30-SDSS-J0836-0054_mazzucchelli23,HZA-XQR30-SDSS-J0836-0054,HZS-XQR30-SDSS-J0836-0054,True,only atlas measurement for this physical object,singleton assignment after coordinate-redshift search,no v7.0 candidate within 0.5 arcsec and delta-z 0.01,resolved
v7.5-accreting-atlas-catalogue,XQR30-SDSS-J0842-1218_mazzucchelli23,HZA-XQR30-SDSS-J0842-1218,HZS-XQR30-SDSS-J0842-1218,True,only atlas measurement for this physical object,singleton assignment after coordinate-redshift search,no v7.0 candidate within 0.5 arcsec and delta-z 0.01,resolved
v7.5-accreting-atlas-catalogue,XQR30-SDSS-J0927-2001_mazzucchelli23,HZA-XQR30-SDSS-J0927-2001,HZS-XQR30-SDSS-J0927-2001,True,only atlas measurement for this physical object,singleton assignment after coordinate-redshift search,no v7.0 candidate within 0.5 arcsec and delta-z 0.01,resolved
v7.5-accreting-atlas-catalogue,XQR30-SDSS-J1030-0524_mazzucchelli23,HZA-XQR30-SDSS-J1030-0524,HZS-XQR30-SDSS-J1030-0524,True,only atlas measurement for this physical object,singleton assignment after coordinate-redshift search,no v7.0 candidate within 0.5 arcsec and delta-z 0.01,resolved
v7.5-accreting-atlas-catalogue,XQR30-SDSS-J1306-0356_mazzucchelli23,HZA-XQR30-SDSS-J1306-0356,HZS-XQR30-SDSS-J1306-0356,True,only atlas measurement for this physical object,singleton assignment after coordinate-redshift search,no v7.0 candidate within 0.5 arcsec and delta-z 0.01,resolved
v7.5-accreting-atlas-catalogue,XQR30-SDSS-J2310-1855_mazzucchelli23,HZA-XQR30-SDSS-J2310-1855,HZS-XQR30-SDSS-J2310-1855,True,only atlas measurement for this physical object,singleton assignment after coordinate-redshift search,no v7.0 candidate within 0.5 arcsec and delta-z 0.01,resolved
v7.5-accreting-atlas-catalogue,XQR30-ULAS-J0148-0600_mazzucchelli23,HZA-XQR30-ULAS-J0148-0600,HZS-XQR30-ULAS-J0148-0600,True,only atlas measurement for this physical object,singleton assignment after coordinate-redshift search,no v7.0 candidate within 0.5 arcsec and delta-z 0.01,resolved
v7.5-accreting-atlas-catalogue,XQR30-ULAS-J1319-0950_mazzucchelli23,HZA-XQR30-ULAS-J1319-0950,HZS-XQR30-ULAS-J1319-0950,True,only atlas measurement for this physical object,singleton assignment after coordinate-redshift search,no v7.0 candidate within 0.5 arcsec and delta-z 0.01,resolved
v7.5-accreting-atlas-catalogue,XQR30-VDES-J0224-4711_mazzucchelli23,HZA-XQR30-VDES-J0224-4711,HZS-XQR30-VDES-J0224-4711,True,only atlas measurement for this physical object,singleton assignment after coordinate-redshift search,no v7.0 candidate within 0.5 arcsec and delta-z 0.01,resolved
v7.5-accreting-atlas-catalogue,XQR30-VDES-J0408-5632_mazzucchelli23,HZA-XQR30-VDES-J0408-5632,HZS-XQR30-VDES-J0408-5632,True,only atlas measurement for this physical object,singleton assignment after coordinate-redshift search,no v7.0 candidate within 0.5 arcsec and delta-z 0.01,resolved
v7.5-accreting-atlas-catalogue,XQR30-VDES-J2211-3206_mazzucchelli23,HZA-XQR30-VDES-J2211-3206,HZS-XQR30-VDES-J2211-3206,True,only atlas measurement for this physical object,singleton assignment after coordinate-redshift search,no v7.0 candidate within 0.5 arcsec and delta-z 0.01,resolved
v7.5-accreting-atlas-catalogue,XQR30-VDES-J2250-5015_mazzucchelli23,HZA-XQR30-VDES-J2250-5015,HZS-XQR30-VDES-J2250-5015,True,only atlas measurement for this physical object,singleton assignment after coordinate-redshift search,no v7.0 candidate within 0.5 arcsec and delta-z 0.01,resolved
v7.5-accreting-atlas-catalogue,XQR30-VST-ATLAS-J025-33_mazzucchelli23,HZA-XQR30-VST-ATLAS-J025-33,HZS-XQR30-VST-ATLAS-J025-33,True,only atlas measurement for this physical object,singleton assignment after coordinate-redshift search,no v7.0 candidate within 0.5 arcsec and delta-z 0.01,resolved
v7.5-accreting-atlas-catalogue,XQR30-VST-ATLAS-J029-36_mazzucchelli23,HZA-XQR30-VST-ATLAS-J029-36,HZS-XQR30-VST-ATLAS-J029-36,True,only atlas measurement for this physical object,singleton assignment after coordinate-redshift search,no v7.0 candidate within 0.5 arcsec and delta-z 0.01,resolved
v7.5-accreting-atlas-catalogue,XQR30-WISEA-J0439-1634_mazzucchelli23,HZA-XQR30-WISEA-J0439-1634,HZS-XQR30-WISEA-J0439-1634,True,only atlas measurement for this physical object,singleton assignment after coordinate-redshift search,no v7.0 candidate within 0.5 arcsec and delta-z 0.01,resolved
v7.5-accreting-atlas-catalogue,scholtz25_00004902,HZA-JADES-NS-GS00004902,HZS-JADES-NS-GS00004902,True,only catalogue measurement in this release,singleton assignment,Scholtz et al. source table,resolved
v7.5-accreting-atlas-catalogue,scholtz25_00007762,HZA-JADES-NS-GS00007762,HZS-JADES-NS-GS00007762,True,only catalogue measurement in this release,singleton assignment,Scholtz et al. source table,resolved
v7.5-accreting-atlas-catalogue,scholtz25_00008083,HZA-GS-8083,HZS-GS-8083,False,existing broad-line mass measurement remains preferred,manual source-ID assertion,JADES NIRSpec ID 8083,resolved
v7.5-accreting-atlas-catalogue,scholtz25_00009422,HZA-JADES-NS-GS00009422,HZS-JADES-NS-GS00009422,True,only catalogue measurement in this release,singleton assignment,Scholtz et al. source table,resolved
v7.5-accreting-atlas-catalogue,scholtz25_00009452,HZA-JADES-NS-GS00009452,HZS-JADES-NS-GS00009452,True,only catalogue measurement in this release,singleton assignment,Scholtz et al. source table,resolved
v7.5-accreting-atlas-catalogue,scholtz25_00016745,HZA-JADES-NS-GS00016745,HZS-JADES-NS-GS00016745,True,only catalogue measurement in this release,singleton assignment,Scholtz et al. source table,resolved
v7.5-accreting-atlas-catalogue,scholtz25_00017072,HZA-JADES-NS-GS00017072,HZS-JADES-NS-GS00017072,True,only catalogue measurement in this release,singleton assignment,Scholtz et al. source table,resolved
v7.5-accreting-atlas-catalogue,scholtz25_00021842,HZA-JADES-NS-GS00021842,HZS-JADES-NS-GS00021842,True,only catalogue measurement in this release,singleton assignment,Scholtz et al. source table,resolved
v7.5-accreting-atlas-catalogue,scholtz25_00022251,HZA-JADES-NS-GS00022251,HZS-JADES-NS-GS00022251,True,only catalogue measurement in this release,singleton assignment,Scholtz et al. source table,resolved
v7.5-accreting-atlas-catalogue,scholtz25_00095256,HZA-JADES-NS-GS00095256,HZS-JADES-NS-GS00095256,True,only catalogue measurement in this release,singleton assignment,Scholtz et al. source table,resolved
v7.5-accreting-atlas-catalogue,scholtz25_00099671,HZA-JADES-NS-GS00099671,HZS-JADES-NS-GS00099671,True,only catalogue measurement in this release,singleton assignment,Scholtz et al. source table,resolved
v7.5-accreting-atlas-catalogue,scholtz25_00111091,HZA-JADES-NS-GS00111091,HZS-JADES-NS-GS00111091,True,only catalogue measurement in this release,singleton assignment,Scholtz et al. source table,resolved
v7.5-accreting-atlas-catalogue,scholtz25_00201127,HZA-JADES-NS-GS00201127,HZS-JADES-NS-GS00201127,True,only catalogue measurement in this release,singleton assignment,Scholtz et al. source table,resolved
v7.5-accreting-atlas-catalogue,scholtz25_00202208,HZA-JADES-NS-GS00202208,HZS-JADES-NS-GS00202208,True,only catalogue measurement in this release,singleton assignment,Scholtz et al. source table,resolved
v7.5-accreting-atlas-catalogue,scholtz25_00208643,HZA-JADES-NS-GS00208643,HZS-JADES-NS-GS00208643,True,only catalogue measurement in this release,singleton assignment,Scholtz et al. source table,resolved
v7.5-accreting-atlas-catalogue,scholtz25_10000626,HZA-JADES-NS-GS10000626,HZS-JADES-NS-GS10000626,True,only catalogue measurement in this release,singleton assignment,Scholtz et al. source table,resolved
v7.5-accreting-atlas-catalogue,scholtz25_10013609,HZA-JADES-NS-GS10013609,HZS-JADES-NS-GS10013609,True,only catalogue measurement in this release,singleton assignment,Scholtz et al. source table,resolved
v7.5-accreting-atlas-catalogue,scholtz25_10013905,HZA-JADES-NS-GS10013905,HZS-JADES-NS-GS10013905,True,only catalogue measurement in this release,singleton assignment,Scholtz et al. source table,resolved
v7.5-accreting-atlas-catalogue,scholtz25_10015338,HZA-JADES-NS-GS10015338,HZS-JADES-NS-GS10015338,True,only catalogue measurement in this release,singleton assignment,Scholtz et al. source table,resolved
v7.5-accreting-atlas-catalogue,scholtz25_10056849,HZA-JADES-NS-GS10056849,HZS-JADES-NS-GS10056849,True,only catalogue measurement in this release,singleton assignment,Scholtz et al. source table,resolved
v7.5-accreting-atlas-catalogue,scholtz25_10058975,HZA-JADES-NS-GS10058975,HZS-JADES-NS-GS10058975,True,only catalogue measurement in this release,singleton assignment,Scholtz et al. source table,resolved
