science_release,input_catalogue_release,physical_object_id,object_id,object_class,source_key,redshift,quality_flag,evidence_status,mass_comparability_group,growth_ranking_eligible_flag,primary_growth_ranking_flag,growth_ranking_eligibility_reason,source_caveat_tags,rank_global_navigation,rank_within_object_class,growth_pressure_tier,growth_pressure_score_0_100,required_fedd_seed1e2,required_log_mseed_fedd0p3,systematic_envelope_available_flag,required_fedd_seed1e2_systematic_low,required_fedd_seed1e2_systematic_high,edd_ratio_consistency_flag,edd_ratio_log_residual_dex,uncertainty_pressure_tier,prob_required_fedd_seed1e2_gt_1,required_fedd_seed1e2_p16,required_fedd_seed1e2_p50,required_fedd_seed1e2_p84,followup_priority_category,most_needed_followup,followup_value_score_0_100,rank_followup_global_navigation,rank_followup_within_object_class,global_rank_policy
v2-shared-science,v2-dataset-catalogue,HZA-GN-38509,GN-38509,broad_line_agn,juodzbalis25_jades_blagn,6.678,robust,secure,virial_balmer_single_epoch,True,True,eligible_numeric_mass_with_resolved_identity_and_lensing,,1,1,high,98.44540599147037,1.064544199368414,6.71850336776117,True,1.0159348751963402,1.1131535235404875,consistent,0.0064618041732414,likely_high_pressure,0.8596,1.0051768597729878,1.065384970119578,1.1239951030176132,A_robust_high_pressure,independent black-hole mass and accretion-history constraints,97.62592435948822,1,1,navigation_only_no_cross_class_demographic_inference
v2-shared-science,v2-dataset-catalogue,HZA-CEERS-00717,CEERS-00717,broad_line_agn,harikane23_nirspec_blagn,6.936,robust,secure,virial_balmer_single_epoch,True,True,eligible_numeric_mass_with_resolved_identity_and_lensing,virial_calibration_at_z0;source_does_not_state_numeric_virial_systematic,4,4,high,81.93378689127388,1.0273631809780568,6.241730032955669,False,,,consistent,0.018489525501202,likely_high_pressure,0.8208,0.998048900260025,1.0275987680254794,1.0550756170605327,A_robust_high_pressure,independent black-hole mass and accretion-history constraints,96.55762721347644,2,2,navigation_only_no_cross_class_demographic_inference
v2-shared-science,v2-dataset-catalogue,HZA-GOODS-N-9771,GOODS-N-9771,broad_line_agn,matthee23_eiger_fresco_blagn,5.538,robust,secure,virial_balmer_single_epoch,True,True,eligible_numeric_mass_with_resolved_identity_and_lensing,halpha_absorption_fit;blueshifted_absorption_340_km_s;formal_mbh_errors_exclude_virial_systematic;nominal_mass_uncorrected_for_dust,5,5,high,75.85749677304578,0.8099785765046903,6.124009909645282,True,0.7481481508173095,0.8718090021920714,not_evaluable,,likely_high_pressure,0.0,0.8061988529649174,0.8099278028859704,0.8136036995032938,A_robust_high_pressure,independent black-hole mass and accretion-history constraints,94.55144980638275,3,3,navigation_only_no_cross_class_demographic_inference
v2-shared-science,v2-dataset-catalogue,HZA-GS-20057765,GS-20057765,broad_line_agn,juodzbalis25_jades_blagn,8.913,tentative,probable,virial_balmer_single_epoch,True,True,eligible_numeric_mass_with_resolved_identity_and_lensing,,2,2,high,93.77309018057997,1.3553650821669596,6.150244064836379,False,,,consistent,-0.0220592787844985,likely_high_pressure,0.9797,1.1773841261281204,1.3554576697324894,1.5128604451061813,B_caveated_high_pressure,"resolve measurement or comparability caveats, then re-evaluate growth pressure",87.5857854108348,4,4,navigation_only_no_cross_class_demographic_inference
v2-shared-science,v2-dataset-catalogue,HZA-RUBIES-EGS-49140,RUBIES-EGS-49140,broad_line_agn,taylor24_ceers_rubies_blagn,6.685,robust,candidate,virial_balmer_single_epoch,True,False,eligible_numeric_mass_with_resolved_identity_and_lensing,formal_mbh_errors_exclude_virial_systematic;nominal_mass_uncorrected_for_dust;halpha_absorption_component_fit;alternative_non_agn_compact_galaxy_broadening,3,3,high,87.49084949824412,1.0158950168929186,6.411383785950835,True,0.9347532423807046,1.0970367914051327,not_evaluable,,likely_high_pressure,1.0,1.014311578216197,1.0159942964755455,1.0191941291597106,B_caveated_high_pressure,"resolve measurement or comparability caveats, then re-evaluate growth pressure",87.24945096989465,5,5,navigation_only_no_cross_class_demographic_inference
v2-shared-science,v2-dataset-catalogue,HZA-GS-20030333,GS-20030333,broad_line_agn,juodzbalis25_jades_blagn,7.891,tentative,probable,virial_balmer_single_epoch,True,True,eligible_numeric_mass_with_resolved_identity_and_lensing,,7,7,high,74.67999599624905,1.1332146730828314,5.985143887894973,False,,,consistent,-0.016539467890489,likely_high_pressure,0.9072,1.0328987525735214,1.134731937770417,1.2709233292519844,B_caveated_high_pressure,"resolve measurement or comparability caveats, then re-evaluate growth pressure",86.29519975977495,6,6,navigation_only_no_cross_class_demographic_inference
v2-shared-science,v2-dataset-catalogue,HZA-GS-164055,GS-164055,broad_line_agn,juodzbalis25_jades_blagn,7.397,tentative,probable,virial_balmer_single_epoch,True,True,eligible_numeric_mass_with_resolved_identity_and_lensing,,6,6,high,75.7772436255635,1.064628309775132,6.043530821515778,False,,,consistent,-0.0025082001627724,likely_high_pressure,0.6959,0.94090670157404,1.0656469150399959,1.1759158706569128,B_caveated_high_pressure,"resolve measurement or comparability caveats, then re-evaluate growth pressure",85.93843461753382,7,7,navigation_only_no_cross_class_demographic_inference
v2-shared-science,v2-dataset-catalogue,HZA-GN-4685,GN-4685,broad_line_agn,juodzbalis25_jades_blagn,7.415,tentative,probable,virial_balmer_single_epoch,True,True,eligible_numeric_mass_with_resolved_identity_and_lensing,,9,9,high,66.38166725891102,1.0173652371980322,5.779446683249509,False,,,consistent,-0.016416941107096,likely_high_pressure,0.5846,0.938434213927488,1.0176554097005428,1.1021587215435031,B_caveated_high_pressure,"resolve measurement or comparability caveats, then re-evaluate growth pressure",85.15210003553466,8,8,navigation_only_no_cross_class_demographic_inference
v2-shared-science,v2-dataset-catalogue,HZA-GN-11836,GN-11836,broad_line_agn,juodzbalis25_jades_blagn,4.409,robust,secure,virial_balmer_single_epoch,True,True,eligible_numeric_mass_with_resolved_identity_and_lensing,,111,111,low,5.701111137430049,0.36841333364916057,2.7539307328113716,True,0.3411906735273014,0.3956359937710197,inconsistent,-0.9082367697242087,lower_pressure,0.0,0.3393665448649372,0.3686237273428136,0.39749221271102747,C_source_consistency,resolve the published mass/luminosity/Eddington-ratio inconsistency,70.3420666682458,9,9,navigation_only_no_cross_class_demographic_inference
v2-shared-science,v2-dataset-catalogue,HZA-GN-954,GN-954,broad_line_agn,juodzbalis25_jades_blagn,6.759,robust,secure,virial_balmer_single_epoch,True,True,eligible_numeric_mass_with_resolved_identity_and_lensing,,8,8,medium,68.7122265884922,0.9403035606779888,5.881438344477782,True,0.8908138995896736,0.9897932217663039,consistent,-0.0079016188648425,possible_high_pressure,0.1197,0.8878452607631242,0.9406416328460998,0.9912452894181422,D_uncertainty_leverage,reduce black-hole mass uncertainty near the high-pressure boundary,64.36213359530953,10,10,navigation_only_no_cross_class_demographic_inference
v2-shared-science,v2-dataset-catalogue,HZA-CEERS-397,CEERS-397,broad_line_agn,taylor24_ceers_rubies_blagn,6.0,robust,secure,virial_balmer_single_epoch,True,True,eligible_numeric_mass_with_resolved_identity_and_lensing,formal_mbh_errors_exclude_virial_systematic;nominal_mass_uncorrected_for_dust,14,14,medium,51.24852742210535,0.7759667460501792,5.43495876781895,True,0.7066840008671275,0.8452494912332311,not_evaluable,,possible_high_pressure,0.0,0.7512843045632325,0.7758946384810654,0.8076055531661706,D_uncertainty_leverage,reduce black-hole mass uncertainty near the high-pressure boundary,63.074911645326324,11,11,navigation_only_no_cross_class_demographic_inference
v2-shared-science,v2-dataset-catalogue,HZA-GS-210600,GS-210600,broad_line_agn,juodzbalis25_jades_blagn,6.306,robust,secure,virial_balmer_single_epoch,True,True,eligible_numeric_mass_with_resolved_identity_and_lensing,,15,15,medium,50.44952775615923,0.8056392872456205,5.395450777172458,True,0.7609642805591722,0.8503142939320689,consistent,-0.0237545992099406,possible_high_pressure,0.0,0.7563167859022751,0.8053579572577703,0.8552116666631381,D_uncertainty_leverage,reduce black-hole mass uncertainty near the high-pressure boundary,63.02697166536955,12,12,navigation_only_no_cross_class_demographic_inference
v2-shared-science,v2-dataset-catalogue,HZA-GS-10013704,GS-10013704,broad_line_agn,juodzbalis25_jades_blagn,5.919,robust,secure,virial_balmer_single_epoch,True,True,eligible_numeric_mass_with_resolved_identity_and_lensing,,18,18,medium,44.011877560996815,0.7392417802995618,5.232332571707911,True,0.6984747703565714,0.7800087902425525,consistent,-0.0092667653881941,possible_high_pressure,0.0,0.6976245320854032,0.7386085352087532,0.7796273280034962,D_uncertainty_leverage,reduce black-hole mass uncertainty near the high-pressure boundary,62.64071265365981,13,13,navigation_only_no_cross_class_demographic_inference
v2-shared-science,v2-dataset-catalogue,HZA-GS-204851,GS-204851,broad_line_agn,juodzbalis25_jades_blagn,5.48,robust,secure,virial_balmer_single_epoch,True,True,eligible_numeric_mass_with_resolved_identity_and_lensing,,19,19,medium,43.498403254841364,0.6921076590789973,5.217955291135558,True,0.6555526770853881,0.7286626410726061,consistent,0.0144905277734889,possible_high_pressure,0.0,0.654175935655368,0.6918409583517862,0.7307496802803001,D_uncertainty_leverage,reduce black-hole mass uncertainty near the high-pressure boundary,62.60990419529048,14,14,navigation_only_no_cross_class_demographic_inference
v2-shared-science,v2-dataset-catalogue,HZA-RUBIES-UDS-47509,RUBIES-UDS-47509,broad_line_agn,taylor24_ceers_rubies_blagn,5.673,robust,secure,virial_balmer_single_epoch,True,True,eligible_numeric_mass_with_resolved_identity_and_lensing,formal_mbh_errors_exclude_virial_systematic;nominal_mass_uncorrected_for_dust,20,20,medium,42.6757926461835,0.7087184893455124,5.194922194093138,True,0.6447547267692026,0.772682251921822,not_evaluable,,possible_high_pressure,0.0,0.6998002585049197,0.708715688382755,0.7177542021732414,D_uncertainty_leverage,reduce black-hole mass uncertainty near the high-pressure boundary,62.56054755877101,15,15,navigation_only_no_cross_class_demographic_inference
v2-shared-science,v2-dataset-catalogue,HZA-J1526M2050-BHAE-2,J1526M2050-BHAE-2,broad_line_agn,lin24_aspire_blagn,4.8708,robust,secure,virial_balmer_single_epoch,True,True,eligible_numeric_mass_with_resolved_identity_and_lensing,formal_mbh_errors_exclude_virial_systematic;nominal_mass_and_lbol_uncorrected_for_dust,21,21,medium,41.95748325542656,0.6289741623543484,5.1748095311519435,True,0.5771640995574499,0.6807842251512469,not_evaluable,,possible_high_pressure,0.0,0.6166162753176537,0.629034603479717,0.6411121661797913,D_uncertainty_leverage,reduce black-hole mass uncertainty near the high-pressure boundary,62.517448995325594,16,16,navigation_only_no_cross_class_demographic_inference
v2-shared-science,v2-dataset-catalogue,HZA-RUBIES-UDS-174752,RUBIES-UDS-174752,broad_line_agn,taylor24_ceers_rubies_blagn,6.039,robust,secure,virial_balmer_single_epoch,True,True,eligible_numeric_mass_with_resolved_identity_and_lensing,formal_mbh_errors_exclude_virial_systematic;nominal_mass_uncorrected_for_dust,22,22,medium,39.901128773527915,0.7356806631993589,5.1150476056587815,True,0.6657490412222334,0.805612285176484,not_evaluable,,possible_high_pressure,0.0,0.7245372246032363,0.7354699962190556,0.746922405560792,D_uncertainty_leverage,reduce black-hole mass uncertainty near the high-pressure boundary,62.39406772641168,17,17,navigation_only_no_cross_class_demographic_inference
v2-shared-science,v2-dataset-catalogue,HZA-J0910M0414-BHAE-1,J0910M0414-BHAE-1,broad_line_agn,lin24_aspire_blagn,4.9102,robust,secure,virial_balmer_single_epoch,True,True,eligible_numeric_mass_with_resolved_identity_and_lensing,formal_mbh_errors_exclude_virial_systematic;nominal_mass_and_lbol_uncorrected_for_dust,23,23,medium,38.4358140366125,0.6222507640065763,5.07620279302515,True,0.5698727535683124,0.6746287744448404,not_evaluable,,possible_high_pressure,0.0,0.6087434094632972,0.6221156377737469,0.6354519971280123,D_uncertainty_leverage,reduce black-hole mass uncertainty near the high-pressure boundary,62.30614884219675,18,18,navigation_only_no_cross_class_demographic_inference
v2-shared-science,v2-dataset-catalogue,HZA-RUBIES-UDS-182791,RUBIES-UDS-182791,broad_line_agn,taylor24_ceers_rubies_blagn,4.718,robust,secure,virial_balmer_single_epoch,True,True,eligible_numeric_mass_with_resolved_identity_and_lensing,formal_mbh_errors_exclude_virial_systematic;nominal_mass_uncorrected_for_dust,24,24,medium,37.06979553803169,0.6015792497775773,5.037954275064887,True,0.5519439981457639,0.6512145014093906,not_evaluable,,possible_high_pressure,0.0,0.5986779330317186,0.6016285812192157,0.6046329405137596,D_uncertainty_leverage,reduce black-hole mass uncertainty near the high-pressure boundary,62.224187732281905,19,19,navigation_only_no_cross_class_demographic_inference
v2-shared-science,v2-dataset-catalogue,HZA-GOODS-N-16813,GOODS-N-16813,broad_line_agn,matthee23_eiger_fresco_blagn,5.355,robust,secure,virial_balmer_single_epoch,True,True,eligible_numeric_mass_with_resolved_identity_and_lensing,formal_mbh_errors_exclude_virial_systematic;nominal_mass_uncorrected_for_dust,26,26,medium,35.98060416495162,0.6548561599143871,5.007456916618645,True,0.5958601094716496,0.7138522103571249,not_evaluable,,possible_high_pressure,0.0,0.6409707842354798,0.6545803184959939,0.6687517045474889,D_uncertainty_leverage,reduce black-hole mass uncertainty near the high-pressure boundary,62.1588362498971,20,20,navigation_only_no_cross_class_demographic_inference
v2-shared-science,v2-dataset-catalogue,HZA-J1148-18404,J1148-18404,broad_line_agn,matthee23_eiger_fresco_blagn,5.011,robust,secure,virial_balmer_single_epoch,True,True,eligible_numeric_mass_with_resolved_identity_and_lensing,halpha_absorption_fit;redshifted_absorption_50_km_s;narrow_flux_absorption_degenerate;formal_mbh_errors_exclude_virial_systematic;nominal_mass_uncorrected_for_dust,27,27,medium,35.864250363386525,0.6235190547868262,5.004199010174823,True,0.5696745768259605,0.6773635327476919,not_evaluable,,possible_high_pressure,0.0,0.6083586368531702,0.6234204208764218,0.6385272136940858,D_uncertainty_leverage,reduce black-hole mass uncertainty near the high-pressure boundary,62.15185502180319,21,21,navigation_only_no_cross_class_demographic_inference
v2-shared-science,v2-dataset-catalogue,HZA-RUBIES-EGS-60935,RUBIES-EGS-60935,broad_line_agn,taylor24_ceers_rubies_blagn,5.287,robust,secure,virial_balmer_single_epoch,True,True,eligible_numeric_mass_with_resolved_identity_and_lensing,formal_mbh_errors_exclude_virial_systematic;nominal_mass_uncorrected_for_dust,28,28,low,35.07100749587441,0.645669392381483,4.981988209884483,True,0.5877098418984055,0.7036289428645605,not_evaluable,,possible_high_pressure,0.0,0.6410540080479958,0.6456657892907801,0.6502881263557737,D_uncertainty_leverage,reduce black-hole mass uncertainty near the high-pressure boundary,62.104260449752466,22,22,navigation_only_no_cross_class_demographic_inference
v2-shared-science,v2-dataset-catalogue,HZA-GOODS-N-15498,GOODS-N-15498,broad_line_agn,matthee23_eiger_fresco_blagn,5.086,robust,secure,virial_balmer_single_epoch,True,True,eligible_numeric_mass_with_resolved_identity_and_lensing,formal_mbh_errors_exclude_virial_systematic;nominal_mass_uncorrected_for_dust,29,29,low,35.00557106208485,0.6275083827356964,4.980155989738376,True,0.5725601881003466,0.6824565773710465,not_evaluable,,possible_high_pressure,0.0,0.6157033439903875,0.6278900154475009,0.6393983764651555,D_uncertainty_leverage,reduce black-hole mass uncertainty near the high-pressure boundary,62.10033426372509,23,23,navigation_only_no_cross_class_demographic_inference
v2-shared-science,v2-dataset-catalogue,HZA-J0923P0402-BHAE-1,J0923P0402-BHAE-1,broad_line_agn,lin24_aspire_blagn,4.8688,robust,probable,virial_balmer_single_epoch,True,True,eligible_numeric_mass_with_resolved_identity_and_lensing,two_broad_components_total_profile_used_for_mass;blueshifted_halpha_absorption_586_km_s;absorption_interpretation_uncertain;formal_mbh_errors_exclude_virial_systematic;nominal_mass_and_lbol_uncorrected_for_dust,30,30,low,34.757214055781475,0.6079125973182067,4.973201993561881,True,0.5561312857919539,0.6596939088444594,not_evaluable,,possible_high_pressure,0.0,0.5984096987188854,0.6076697207014818,0.6171579636053325,D_uncertainty_leverage,reduce black-hole mass uncertainty near the high-pressure boundary,62.08543284334689,24,24,navigation_only_no_cross_class_demographic_inference
v2-shared-science,v2-dataset-catalogue,HZA-J0229M0808-BHAE-2,J0229M0808-BHAE-2,broad_line_agn,lin24_aspire_blagn,5.0369,robust,secure,virial_balmer_single_epoch,True,True,eligible_numeric_mass_with_resolved_identity_and_lensing,formal_mbh_errors_exclude_virial_systematic;nominal_mass_and_lbol_uncorrected_for_dust,32,32,low,34.06136389103368,0.6203272541303377,4.953718188948943,True,0.5661028438042593,0.6745516644564162,not_evaluable,,possible_high_pressure,0.0,0.6040262001268035,0.6199463765696336,0.6361418133421216,D_uncertainty_leverage,reduce black-hole mass uncertainty near the high-pressure boundary,62.04368183346202,25,25,navigation_only_no_cross_class_demographic_inference
v2-shared-science,v2-dataset-catalogue,HZA-GS-30148179,GS-30148179,broad_line_agn,juodzbalis25_jades_blagn,5.922,robust,secure,virial_balmer_single_epoch,True,True,eligible_numeric_mass_with_resolved_identity_and_lensing,,34,34,low,33.02182276046942,0.696261873125633,4.913933490707102,True,0.655465278997178,0.7370584672540882,consistent,0.0117632302757858,possible_high_pressure,0.0,0.6490286561868241,0.6964000895486866,0.7429081226663987,D_uncertainty_leverage,reduce black-hole mass uncertainty near the high-pressure boundary,61.981309365628164,26,26,navigation_only_no_cross_class_demographic_inference
v2-shared-science,v2-dataset-catalogue,HZA-RUBIES-EGS-42046,RUBIES-EGS-42046,broad_line_agn,taylor24_ceers_rubies_blagn,5.276,robust,secure,virial_balmer_single_epoch,True,True,eligible_numeric_mass_with_resolved_identity_and_lensing,formal_mbh_errors_exclude_virial_systematic;nominal_mass_uncorrected_for_dust;halpha_absorption_component_fit,10,10,medium,60.875632510651556,0.7281883631027115,5.704517710298243,True,0.6703956358723376,0.7859810903330854,not_evaluable,,likely_high_pressure,0.0,0.7258185022173489,0.728152680167934,0.7304466341652252,E_comparison_anchor,retain as a within-class comparison anchor,53.65253795063909,27,27,navigation_only_no_cross_class_demographic_inference
v2-shared-science,v2-dataset-catalogue,HZA-RUBIES-UDS-807469,RUBIES-UDS-807469,broad_line_agn,taylor24_ceers_rubies_blagn,6.778,robust,secure,virial_balmer_single_epoch,True,True,eligible_numeric_mass_with_resolved_identity_and_lensing,formal_mbh_errors_exclude_virial_systematic;nominal_mass_uncorrected_for_dust,11,11,medium,59.3788636079503,0.8995229948944198,5.6190401810226085,True,0.8166939898396851,0.9823519999491548,not_evaluable,,likely_high_pressure,0.0,0.8811286169587222,0.8997629605104518,0.9209199719371269,E_comparison_anchor,retain as a within-class comparison anchor,53.56273181647702,28,28,navigation_only_no_cross_class_demographic_inference
v2-shared-science,v2-dataset-catalogue,HZA-RUBIES-UDS-139709,RUBIES-UDS-139709,broad_line_agn,taylor24_ceers_rubies_blagn,5.685,robust,secure,virial_balmer_single_epoch,True,True,eligible_numeric_mass_with_resolved_identity_and_lensing,formal_mbh_errors_exclude_virial_systematic;nominal_mass_uncorrected_for_dust,12,12,medium,55.06849887950944,0.7544645467223257,5.541917968626264,True,0.6903093981915155,0.8186196952531356,not_evaluable,,likely_high_pressure,0.0,0.7453936326336014,0.7545337965335424,0.7634588919230654,E_comparison_anchor,retain as a within-class comparison anchor,53.304109932770565,29,29,navigation_only_no_cross_class_demographic_inference
v2-shared-science,v2-dataset-catalogue,HZA-DC-536534,DC_536534,broad_line_agn,ren25_alpine_cristal_jwst_blagn_candidates,5.6886,robust,probable,virial_balmer_single_epoch,True,True,eligible_numeric_mass_with_resolved_identity_and_lensing,table1_flux_is_dust_corrected;formal_mbh_errors_exclude_0p4dex_virial_systematic;most_robust_candidate;stable_narrow_broad_outflow_fit;psf_like_broad_component;heii_detected_gt3sigma;minor_merger_or_tidal_feature,13,13,medium,51.57180751121678,0.7422978921291817,5.44401061031407,True,0.6909277957880617,0.7936679884703015,consistent,-0.009629454882438,likely_high_pressure,0.0,0.7348450033636439,0.7425150279930678,0.7502168077872352,E_comparison_anchor,retain as a within-class comparison anchor,53.094308450673005,30,30,navigation_only_no_cross_class_demographic_inference
v2-shared-science,v2-dataset-catalogue,HZA-GOODS-N-12839,GOODS-N-12839,broad_line_agn,matthee23_eiger_fresco_blagn,5.241,robust,secure,virial_balmer_single_epoch,True,True,eligible_numeric_mass_with_resolved_identity_and_lensing,formal_mbh_errors_exclude_virial_systematic;nominal_mass_uncorrected_for_dust,16,16,medium,49.66178080837816,0.6883071405476705,5.3905298626345886,True,0.631043651317415,0.7455706297779261,not_evaluable,,likely_high_pressure,0.0,0.6813398284754817,0.6882558097734717,0.6952071140477617,E_comparison_anchor,retain as a within-class comparison anchor,52.97970684850269,31,31,navigation_only_no_cross_class_demographic_inference
v2-shared-science,v2-dataset-catalogue,HZA-RUBIES-UDS-172350,RUBIES-UDS-172350,broad_line_agn,taylor24_ceers_rubies_blagn,5.58,robust,secure,virial_balmer_single_epoch,True,True,eligible_numeric_mass_with_resolved_identity_and_lensing,formal_mbh_errors_exclude_virial_systematic;nominal_mass_uncorrected_for_dust,17,17,medium,45.70091490751154,0.7098892624248124,5.279625617410323,True,0.6473990104507973,0.7723795143988277,not_evaluable,,likely_high_pressure,0.0,0.7051118607485313,0.7099004469332525,0.7149016366715908,E_comparison_anchor,retain as a within-class comparison anchor,52.74205489445069,32,32,navigation_only_no_cross_class_demographic_inference
v2-shared-science,v2-dataset-catalogue,HZA-THRILS-25501,THRILS-25501,broad_line_agn,davis26_thrils_blagn,6.57,robust,secure,virial_balmer_single_epoch,True,True,eligible_numeric_mass_with_resolved_identity_and_lensing,formal_mbh_errors_exclude_virial_systematic;fwhm_not_tabulated;previous_rubies_spectrum_no_reported_broad_detection;source_extreme_eelg_row_assignments_internally_inconsistent,25,25,medium,36.63723658288308,0.7259668389945969,4.693219147162384,True,0.6468854839842922,0.8050481940049018,not_evaluable,,lower_pressure,0.0,0.6930705842228222,0.725813514992559,0.758702935016733,E_comparison_anchor,retain as a within-class comparison anchor,52.19823419497298,33,33,navigation_only_no_cross_class_demographic_inference
v2-shared-science,v2-dataset-catalogue,HZA-CEERS-2782,RUBIES-EGS-50052,broad_line_agn,taylor24_ceers_rubies_blagn,5.24,robust,probable,virial_balmer_single_epoch,True,True,eligible_numeric_mass_with_resolved_identity_and_lensing,formal_mbh_errors_exclude_virial_systematic;nominal_mass_uncorrected_for_dust;duplicate_observation;possible_outflow_contribution;source_preferred_duplicate_measurement,31,31,low,34.27998488577171,0.6388921781959334,4.959839576801608,True,0.5816437751317817,0.6961405812600852,not_evaluable,,lower_pressure,0.0,0.6354883118591406,0.6388708751091241,0.6423420753876061,F_context,retain for catalogue context; no priority claim,32.0567990931463,34,34,navigation_only_no_cross_class_demographic_inference
v2-shared-science,v2-dataset-catalogue,HZA-GOODS-N-4014,GOODS-N-4014,broad_line_agn,matthee23_eiger_fresco_blagn,5.228,robust,secure,virial_balmer_single_epoch,True,True,eligible_numeric_mass_with_resolved_identity_and_lensing,formal_mbh_errors_exclude_virial_systematic;nominal_mass_uncorrected_for_dust,33,33,low,33.9833800731075,0.6368735258141983,4.95153464204701,True,0.5798060055799512,0.6939410460484455,not_evaluable,,lower_pressure,0.0,0.6277403307009777,0.6367705991660146,0.6459443663531043,F_context,retain for catalogue context; no priority claim,32.03900280438645,35,35,navigation_only_no_cross_class_demographic_inference
v2-shared-science,v2-dataset-catalogue,HZA-CEERS-746,CEERS-746,broad_line_agn,taylor24_ceers_rubies_blagn,5.623,robust,secure,virial_balmer_single_epoch,True,True,eligible_numeric_mass_with_resolved_identity_and_lensing,formal_mbh_errors_exclude_virial_systematic;nominal_mass_uncorrected_for_dust,35,35,low,32.69403819299052,0.668332393394149,4.9154330694037345,True,0.6051629800298626,0.7315018067584352,not_evaluable,,lower_pressure,0.0,0.6506747308036249,0.6681591422207335,0.6882878808531718,F_context,retain for catalogue context; no priority claim,31.96164229157943,36,36,navigation_only_no_cross_class_demographic_inference
v2-shared-science,v2-dataset-catalogue,HZA-RUBIES-UDS-29813,RUBIES-UDS-29813,broad_line_agn,taylor24_ceers_rubies_blagn,5.44,robust,secure,virial_balmer_single_epoch,True,True,eligible_numeric_mass_with_resolved_identity_and_lensing,formal_mbh_errors_exclude_virial_systematic;nominal_mass_uncorrected_for_dust,36,36,low,32.23637437660409,0.6500812153876583,4.902618482544915,True,0.5897768354815675,0.7103855952937491,not_evaluable,,lower_pressure,0.0,0.6392669650647028,0.6501276776390058,0.6608724828392716,F_context,retain for catalogue context; no priority claim,31.934182462596244,37,37,navigation_only_no_cross_class_demographic_inference
v2-shared-science,v2-dataset-catalogue,HZA-GN-61888,GN-61888,broad_line_agn,juodzbalis25_jades_blagn,5.874,robust,secure,virial_balmer_single_epoch,True,True,eligible_numeric_mass_with_resolved_identity_and_lensing,,37,37,low,31.45438949048337,0.6774526738858004,4.808109776100934,True,0.6371281099640266,0.7177772378075741,consistent,0.015643050220866,lower_pressure,0.0,0.6354049079171885,0.678258411690768,0.7212184143465198,F_context,retain for catalogue context; no priority claim,31.887263369429,38,38,navigation_only_no_cross_class_demographic_inference
v2-shared-science,v2-dataset-catalogue,HZA-J2002M3013-BHAE-1,J2002M3013-BHAE-1,broad_line_agn,lin24_aspire_blagn,4.9461,robust,secure,virial_balmer_single_epoch,True,True,eligible_numeric_mass_with_resolved_identity_and_lensing,formal_mbh_errors_exclude_virial_systematic;nominal_mass_and_lbol_uncorrected_for_dust,38,38,low,31.227072390651937,0.6040960093951534,4.874358026938254,True,0.5511979350172942,0.6569940837730128,not_evaluable,,lower_pressure,0.0,0.5957213957686996,0.6042136542410046,0.6126941620654125,F_context,retain for catalogue context; no priority claim,31.873624343439115,39,39,navigation_only_no_cross_class_demographic_inference
v2-shared-science,v2-dataset-catalogue,HZA-GOODS-N-13733,GOODS-N-13733,broad_line_agn,matthee23_eiger_fresco_blagn,5.236,robust,secure,virial_balmer_single_epoch,True,True,eligible_numeric_mass_with_resolved_identity_and_lensing,formal_mbh_errors_exclude_virial_systematic;nominal_mass_uncorrected_for_dust,39,39,low,30.96698859075819,0.6279250940567935,4.867075680541229,True,0.5707370162738433,0.6851131718397437,not_evaluable,,lower_pressure,0.0,0.6166255158235359,0.6279061933048393,0.6392016213095438,F_context,retain for catalogue context; no priority claim,31.858019315445492,40,40,navigation_only_no_cross_class_demographic_inference
v2-shared-science,v2-dataset-catalogue,HZA-RUBIES-EGS-37124,RUBIES-EGS-37124,broad_line_agn,taylor24_ceers_rubies_blagn,5.682,robust,secure,virial_balmer_single_epoch,True,True,eligible_numeric_mass_with_resolved_identity_and_lensing,formal_mbh_errors_exclude_virial_systematic;nominal_mass_uncorrected_for_dust,40,40,low,30.345947477906094,0.6641513697348731,4.840171956552086,True,0.6000440946639393,0.7282586448058067,not_evaluable,,lower_pressure,0.0,0.6499072956259151,0.6643499751846178,0.6794126024787358,F_context,retain for catalogue context; no priority claim,31.820756848674364,41,41,navigation_only_no_cross_class_demographic_inference
v2-shared-science,v2-dataset-catalogue,HZA-RUBIES-UDS-19521,RUBIES-UDS-19521,broad_line_agn,taylor24_ceers_rubies_blagn,5.669,robust,secure,virial_balmer_single_epoch,True,True,eligible_numeric_mass_with_resolved_identity_and_lensing,formal_mbh_errors_exclude_virial_systematic;nominal_mass_uncorrected_for_dust,41,41,low,30.167026909881468,0.6620043229185776,4.83258330466955,True,0.5981042917488306,0.7259043540883244,not_evaluable,,lower_pressure,0.0,0.6290832258695161,0.6619211233922617,0.6899393222750099,F_context,retain for catalogue context; no priority claim,31.810021614592888,42,42,navigation_only_no_cross_class_demographic_inference
v2-shared-science,v2-dataset-catalogue,HZA-RUBIES-EGS-42232,RUBIES-EGS-42232,broad_line_agn,taylor24_ceers_rubies_blagn,4.954,robust,secure,virial_balmer_single_epoch,True,True,eligible_numeric_mass_with_resolved_identity_and_lensing,formal_mbh_errors_exclude_virial_systematic;nominal_mass_uncorrected_for_dust,42,42,low,30.01775591502666,0.6011656815933784,4.8404971656207465,True,0.548152834892022,0.6541785282947344,not_evaluable,,lower_pressure,0.0,0.5980706793107994,0.6012090191072672,0.6053460581607673,F_context,retain for catalogue context; no priority claim,31.8010653549016,43,43,navigation_only_no_cross_class_demographic_inference
v2-shared-science,v2-dataset-catalogue,HZA-GN-1093,GN-1093,broad_line_agn,juodzbalis25_jades_blagn,5.594,robust,secure,virial_balmer_single_epoch,True,True,eligible_numeric_mass_with_resolved_identity_and_lensing,,43,43,low,28.72239856634876,0.6446687827961851,4.748074035612936,True,0.6070422001427113,0.682295365449659,consistent,-0.0004482088348115,lower_pressure,0.0,0.6032726362552971,0.6447881728953027,0.6865766418518238,F_context,retain for catalogue context; no priority claim,31.723343913980926,44,44,navigation_only_no_cross_class_demographic_inference
v2-shared-science,v2-dataset-catalogue,HZA-J1120-14389,J1120-14389,broad_line_agn,matthee23_eiger_fresco_blagn,4.897,robust,secure,virial_balmer_single_epoch,True,True,eligible_numeric_mass_with_resolved_identity_and_lensing,formal_mbh_errors_exclude_virial_systematic;nominal_mass_uncorrected_for_dust,44,44,low,27.70511733900813,0.5897176795115445,4.7757432854922275,True,0.5375302742450362,0.6419050847780529,not_evaluable,,lower_pressure,0.0,0.5825408940240824,0.5897905036770674,0.5967999713221325,F_context,retain for catalogue context; no priority claim,31.662307040340487,45,45,navigation_only_no_cross_class_demographic_inference
v2-shared-science,v2-dataset-catalogue,HZA-RUBIES-EGS-926125,RUBIES-EGS-926125,broad_line_agn,taylor24_ceers_rubies_blagn,5.284,robust,secure,virial_balmer_single_epoch,True,True,eligible_numeric_mass_with_resolved_identity_and_lensing,formal_mbh_errors_exclude_virial_systematic;nominal_mass_uncorrected_for_dust,45,45,low,27.498358071484137,0.620838400608624,4.769954026001556,True,0.562924370701103,0.6787524305161449,not_evaluable,,lower_pressure,0.0,0.6151078011252515,0.6207863827704054,0.6266559227628699,F_context,retain for catalogue context; no priority claim,31.64990148428905,46,46,navigation_only_no_cross_class_demographic_inference
v2-shared-science,v2-dataset-catalogue,HZA-J1120-7546,J1120-7546,broad_line_agn,matthee23_eiger_fresco_blagn,4.967,robust,secure,virial_balmer_single_epoch,True,True,eligible_numeric_mass_with_resolved_identity_and_lensing,formal_mbh_errors_exclude_virial_systematic;nominal_mass_uncorrected_for_dust,46,46,low,26.44841448589735,0.5916059218319842,4.740555605605126,True,0.5384039504442159,0.6448078932197525,not_evaluable,,lower_pressure,0.0,0.5802780153163104,0.5916592929795963,0.6032705657503049,F_context,retain for catalogue context; no priority claim,31.58690486915384,47,47,navigation_only_no_cross_class_demographic_inference
v2-shared-science,v2-dataset-catalogue,HZA-CEERS-672,CEERS-672,broad_line_agn,taylor24_ceers_rubies_blagn,5.666,robust,secure,virial_balmer_single_epoch,True,True,eligible_numeric_mass_with_resolved_identity_and_lensing,formal_mbh_errors_exclude_virial_systematic;nominal_mass_uncorrected_for_dust,47,47,low,25.54970074776277,0.6065964089731533,4.400826844800745,True,0.5427441553970318,0.6704486625492746,not_evaluable,,lower_pressure,0.0,0.5742846901643798,0.6066529268699372,0.6434598522907518,F_context,retain for catalogue context; no priority claim,31.532982044865765,48,48,navigation_only_no_cross_class_demographic_inference
v2-shared-science,v2-dataset-catalogue,HZA-GS-159717,GS-159717,broad_line_agn,juodzbalis25_jades_blagn,5.077,robust,secure,virial_balmer_single_epoch,True,True,eligible_numeric_mass_with_resolved_identity_and_lensing,,48,48,low,25.126132577281673,0.5963891513943026,4.703531712163887,True,0.5635000437806462,0.6292782590079591,consistent,-0.0098458582656313,lower_pressure,0.0,0.5635535357060774,0.5958217567422337,0.6291643788587741,F_context,retain for catalogue context; no priority claim,31.5075679546369,49,49,navigation_only_no_cross_class_demographic_inference
v2-shared-science,v2-dataset-catalogue,HZA-DC-519281,DC_519281,broad_line_agn,ren25_alpine_cristal_jwst_blagn_candidates,5.5759,tentative,candidate,virial_balmer_single_epoch,True,False,eligible_numeric_mass_with_resolved_identity_and_lensing,table1_flux_is_dust_corrected;formal_mbh_errors_exclude_0p4dex_virial_systematic;intermediate_width_component;oiii_outflow_detected;flux_ratio_and_kinematics_favor_blr;complex_gas_kinematics_may_mimic_blr,49,49,low,24.316292271660718,0.5917955072599286,4.33714296145302,True,0.5418549581240697,0.6417360563957877,consistent,0.0003705451175633,lower_pressure,0.0,0.5780058432915647,0.5916421946229147,0.605263437751336,F_context,retain for catalogue context; no priority claim,31.458977536299642,50,50,navigation_only_no_cross_class_demographic_inference
v2-shared-science,v2-dataset-catalogue,HZA-RUBIES-UDS-970351,RUBIES-UDS-970351,broad_line_agn,taylor24_ceers_rubies_blagn,5.282,robust,secure,virial_balmer_single_epoch,True,True,eligible_numeric_mass_with_resolved_identity_and_lensing,formal_mbh_errors_exclude_virial_systematic;nominal_mass_uncorrected_for_dust,50,50,low,24.29761151148394,0.5915713381378073,4.518596561108432,True,0.5336876455607223,0.649455030714892,not_evaluable,,lower_pressure,0.0,0.5719216405686854,0.5918734228667858,0.611410399914713,F_context,retain for catalogue context; no priority claim,31.457856690689034,51,51,navigation_only_no_cross_class_demographic_inference
v2-shared-science,v2-dataset-catalogue,HZA-THRILS-40467,THRILS-40467,broad_line_agn,davis26_thrils_blagn,5.27,robust,secure,virial_balmer_single_epoch,True,True,eligible_numeric_mass_with_resolved_identity_and_lensing,formal_mbh_errors_exclude_virial_systematic;previous_rubies_spectrum_no_reported_broad_detection;narrow_halpha_dominated;source_extreme_eelg_row_assignments_internally_inconsistent,51,51,low,24.23889649444019,0.5908667579332822,4.520429150266332,True,0.5331649261038601,0.6485685897627044,not_evaluable,,lower_pressure,0.0,0.5885253031908767,0.5908411480094634,0.5931548700496869,F_context,retain for catalogue context; no priority claim,31.45433378966641,52,52,navigation_only_no_cross_class_demographic_inference
v2-shared-science,v2-dataset-catalogue,HZA-THRILS-49400,THRILS-49400,broad_line_agn,davis26_thrils_blagn,5.11,robust,secure,virial_balmer_single_epoch,True,True,eligible_numeric_mass_with_resolved_identity_and_lensing,formal_mbh_errors_exclude_virial_systematic;fwhm_not_tabulated;previous_ceers_spectrum_no_reported_broad_detection;source_extreme_eelg_row_assignments_internally_inconsistent,52,52,low,23.482877536447425,0.5817945304373691,4.5477022428971186,True,0.5264908678482654,0.6370981930264723,not_evaluable,,lower_pressure,0.0,0.5784646872414956,0.5817952927674193,0.5850887811414374,F_context,retain for catalogue context; no priority claim,31.408972652186847,53,53,navigation_only_no_cross_class_demographic_inference
v2-shared-science,v2-dataset-catalogue,HZA-GOODS-N-14409,GOODS-N-14409,broad_line_agn,matthee23_eiger_fresco_blagn,5.139,robust,secure,virial_balmer_single_epoch,True,True,eligible_numeric_mass_with_resolved_identity_and_lensing,formal_mbh_errors_exclude_virial_systematic;nominal_mass_uncorrected_for_dust,53,53,low,23.396266723787903,0.5807552006854548,4.5186767055116865,True,0.5250205365121866,0.6364898648587229,not_evaluable,,lower_pressure,0.0,0.5650950028261379,0.580996731925076,0.5964101630641829,F_context,retain for catalogue context; no priority claim,31.403776003427275,54,54,navigation_only_no_cross_class_demographic_inference
v2-shared-science,v2-dataset-catalogue,HZA-J0100-2017,J0100-2017,broad_line_agn,matthee23_eiger_fresco_blagn,4.938,robust,secure,virial_balmer_single_epoch,True,True,eligible_numeric_mass_with_resolved_identity_and_lensing,formal_mbh_errors_exclude_virial_systematic;nominal_mass_uncorrected_for_dust,54,54,low,22.854337972319094,0.5742520556678291,4.598042389413726,True,0.5214715358454185,0.6270325754902399,not_evaluable,,lower_pressure,0.0,0.5629668018930261,0.5743784447240771,0.5858392436324912,F_context,retain for catalogue context; no priority claim,31.371260278339147,55,55,navigation_only_no_cross_class_demographic_inference
v2-shared-science,v2-dataset-catalogue,HZA-J0148-4214,J0148-4214,broad_line_agn,matthee23_eiger_fresco_blagn,5.019,robust,secure,virial_balmer_single_epoch,True,True,eligible_numeric_mass_with_resolved_identity_and_lensing,formal_mbh_errors_exclude_virial_systematic;nominal_mass_uncorrected_for_dust,55,55,low,22.846035912089654,0.5741524309450758,4.540250383033429,True,0.5201907363073807,0.6281141255827709,not_evaluable,,lower_pressure,0.0,0.5630357693546437,0.5740844378824453,0.5849619534265248,F_context,retain for catalogue context; no priority claim,31.37076215472538,56,56,navigation_only_no_cross_class_demographic_inference
v2-shared-science,v2-dataset-catalogue,HZA-J0100-15157,J0100-15157,broad_line_agn,matthee23_eiger_fresco_blagn,4.941,robust,secure,virial_balmer_single_epoch,True,True,eligible_numeric_mass_with_resolved_identity_and_lensing,flat_optical_continuum_exception_to_sample_trend;formal_mbh_errors_exclude_virial_systematic;nominal_mass_uncorrected_for_dust,56,56,low,22.101439217824847,0.5652172706138981,4.5103840090435225,True,0.5123932266312909,0.6180413145965056,not_evaluable,,lower_pressure,0.0,0.556690898022057,0.565137998335343,0.5735811520135705,F_context,retain for catalogue context; no priority claim,31.326086353069492,57,57,navigation_only_no_cross_class_demographic_inference
v2-shared-science,v2-dataset-catalogue,HZA-J1526M2050-BHAE-3,J1526M2050-BHAE-3,broad_line_agn,lin24_aspire_blagn,4.8751,robust,probable,virial_balmer_single_epoch,True,True,eligible_numeric_mass_with_resolved_identity_and_lensing,blueshifted_halpha_absorption_266_km_s;absorption_interpretation_uncertain;total_luminosity_reported_without_absorption;formal_mbh_errors_exclude_virial_systematic;nominal_mass_and_lbol_uncorrected_for_dust,57,57,low,21.94407286165244,0.5633288743398293,4.538261134476657,True,0.5114569706252963,0.6152007780543625,not_evaluable,,lower_pressure,0.0,0.5311847368573198,0.5634690053264355,0.5959777652516484,F_context,retain for catalogue context; no priority claim,31.316644371699148,58,58,navigation_only_no_cross_class_demographic_inference
v2-shared-science,v2-dataset-catalogue,HZA-GS-38562,GS-38562,broad_line_agn,juodzbalis25_jades_blagn,4.822,robust,secure,virial_balmer_single_epoch,True,True,eligible_numeric_mass_with_resolved_identity_and_lensing,,58,58,low,21.93665504135748,0.5632398604962897,4.57519350646901,True,0.5325734434093774,0.5939062775832019,consistent,-0.0104482088348166,lower_pressure,0.0,0.5303550022531546,0.56238798108879,0.5940285091498984,F_context,retain for catalogue context; no priority claim,31.316199302481447,59,59,navigation_only_no_cross_class_demographic_inference
v2-shared-science,v2-dataset-catalogue,HZA-DC-848185-A,DC_848185_a,broad_line_agn,ren25_alpine_cristal_jwst_blagn_candidates,5.2931,tentative,candidate,virial_balmer_single_epoch,True,False,eligible_numeric_mass_with_resolved_identity_and_lensing,table1_flux_is_dust_corrected;formal_mbh_errors_exclude_0p4dex_virial_systematic;intermediate_width_component;complex_merger_system;no_oiii_outflow_at_peak;shared_integrated_host_mass;complex_gas_kinematics_may_mimic_blr,59,59,low,21.441730364026697,0.5573007643683203,4.21611694785277,True,0.5108590340042937,0.603742494732347,consistent,0.0003705451175616,lower_pressure,0.0,0.5311732970606785,0.5575813347727965,0.5842741780248925,F_context,retain for catalogue context; no priority claim,31.286503821841603,60,60,navigation_only_no_cross_class_demographic_inference
v2-shared-science,v2-dataset-catalogue,HZA-CEERS-1244,CEERS-1244,broad_line_agn,taylor24_ceers_rubies_blagn,4.478,robust,secure,virial_balmer_single_epoch,True,True,eligible_numeric_mass_with_resolved_identity_and_lensing,formal_mbh_errors_exclude_virial_systematic;nominal_mass_uncorrected_for_dust,60,60,low,20.74316356428715,0.5390234084690856,4.58080857980004,True,0.4927155555078239,0.5853312614303471,not_evaluable,,lower_pressure,0.0,0.5372093749598066,0.5390515881269144,0.5418685391489971,F_context,retain for catalogue context; no priority claim,31.244589813857228,61,61,navigation_only_no_cross_class_demographic_inference
v2-shared-science,v2-dataset-catalogue,HZA-RUBIES-EGS-13872,RUBIES-EGS-13872,broad_line_agn,taylor24_ceers_rubies_blagn,5.262,robust,secure,virial_balmer_single_epoch,True,True,eligible_numeric_mass_with_resolved_identity_and_lensing,formal_mbh_errors_exclude_virial_systematic;nominal_mass_uncorrected_for_dust,61,61,low,20.48878990811665,0.5458654788973998,4.134962577827206,True,0.48828473217826485,0.6034462256165348,not_evaluable,,lower_pressure,0.0,0.5138395889600125,0.5450245882635101,0.5718596963263907,F_context,retain for catalogue context; no priority claim,31.229327394486997,62,62,navigation_only_no_cross_class_demographic_inference
v2-shared-science,v2-dataset-catalogue,HZA-J0100-12446,J0100-12446,broad_line_agn,matthee23_eiger_fresco_blagn,4.699,robust,secure,virial_balmer_single_epoch,True,True,eligible_numeric_mass_with_resolved_identity_and_lensing,formal_mbh_errors_exclude_virial_systematic;nominal_mass_uncorrected_for_dust,62,62,low,19.924789464226947,0.5390974735707234,4.421588431957076,True,0.48972957306058373,0.5884653740808629,not_evaluable,,lower_pressure,0.0,0.5331510905364543,0.5390481089338283,0.5449078309470441,F_context,retain for catalogue context; no priority claim,31.195487367853616,63,63,navigation_only_no_cross_class_demographic_inference
v2-shared-science,v2-dataset-catalogue,HZA-J2132P1217-BHAE-1,J2132P1217-BHAE-1,broad_line_agn,lin24_aspire_blagn,4.925,robust,secure,virial_balmer_single_epoch,True,True,eligible_numeric_mass_with_resolved_identity_and_lensing,formal_mbh_errors_exclude_virial_systematic;nominal_mass_and_lbol_uncorrected_for_dust,63,63,low,19.790949609108882,0.5374913953093066,4.25786131763502,True,0.484899282265343,0.5900835083532698,not_evaluable,,lower_pressure,0.0,0.5248828217024087,0.5374045484883063,0.5498947106062905,F_context,retain for catalogue context; no priority claim,31.18745697654653,64,64,navigation_only_no_cross_class_demographic_inference
v2-shared-science,v2-dataset-catalogue,HZA-THRILS-101567,THRILS-101567,broad_line_agn,davis26_thrils_blagn,5.33,robust,secure,virial_balmer_single_epoch,True,True,eligible_numeric_mass_with_resolved_identity_and_lensing,formal_mbh_errors_exclude_virial_systematic;fwhm_not_tabulated;first_spectroscopic_targeting_reported;source_extreme_eelg_row_assignments_internally_inconsistent,64,64,low,19.448901978111838,0.533386823737342,3.990881665513033,True,0.4747728870629088,0.5920007604117752,not_evaluable,,lower_pressure,0.0,0.5134896442675737,0.5334798183447038,0.5535032623055011,F_context,retain for catalogue context; no priority claim,31.16693411868671,65,65,navigation_only_no_cross_class_demographic_inference
v2-shared-science,v2-dataset-catalogue,HZA-J1148-7111,J1148-7111,broad_line_agn,matthee23_eiger_fresco_blagn,4.339,robust,secure,virial_balmer_single_epoch,True,True,eligible_numeric_mass_with_resolved_identity_and_lensing,formal_mbh_errors_exclude_virial_systematic;nominal_mass_uncorrected_for_dust,65,65,low,19.424528569330477,0.526048711864607,4.543886799941253,True,0.4816189220111774,0.5704785017180366,not_evaluable,,lower_pressure,0.0,0.5171957981957775,0.5259725110808275,0.5347115202990732,F_context,retain for catalogue context; no priority claim,31.16547171415983,66,66,navigation_only_no_cross_class_demographic_inference
v2-shared-science,v2-dataset-catalogue,HZA-GN-77652,GN-77652,broad_line_agn,juodzbalis25_jades_blagn,5.229,robust,secure,virial_balmer_single_epoch,True,True,eligible_numeric_mass_with_resolved_identity_and_lensing,,66,66,low,18.95358902332188,0.5274430682798625,3.992228239684468,True,0.4931935183915599,0.5616926181681653,consistent,-0.0094182131708325,lower_pressure,0.0,0.49085431657176415,0.5274451864362972,0.5661864598581388,F_context,retain for catalogue context; no priority claim,31.137215341399312,67,67,navigation_only_no_cross_class_demographic_inference
v2-shared-science,v2-dataset-catalogue,HZA-THRILS-44774,THRILS-44774,broad_line_agn,davis26_thrils_blagn,5.11,robust,secure,virial_balmer_single_epoch,True,True,eligible_numeric_mass_with_resolved_identity_and_lensing,formal_mbh_errors_exclude_virial_systematic;fwhm_not_tabulated;first_spectroscopic_targeting_reported;source_extreme_eelg_row_assignments_internally_inconsistent,67,67,low,18.874238987355447,0.5264908678482654,4.0477022428971186,True,0.4711872052591619,0.5817945304373691,not_evaluable,,lower_pressure,0.0,0.5199931954167261,0.5265542087549295,0.533026322344342,F_context,retain for catalogue context; no priority claim,31.132454339241328,68,68,navigation_only_no_cross_class_demographic_inference
v2-shared-science,v2-dataset-catalogue,HZA-J2232P2930-BHAE-3,J2232P2930-BHAE-3,broad_line_agn,lin24_aspire_blagn,4.7061,robust,secure,virial_balmer_single_epoch,True,True,eligible_numeric_mass_with_resolved_identity_and_lensing,formal_mbh_errors_exclude_virial_systematic;nominal_mass_and_lbol_uncorrected_for_dust,68,68,low,18.778937498139012,0.5253472499776681,4.277719922265289,True,0.47587952399107036,0.5748149759642658,not_evaluable,,lower_pressure,0.0,0.503644867003892,0.5252908161317459,0.5466584211550626,F_context,retain for catalogue context; no priority claim,31.126736249888342,69,69,navigation_only_no_cross_class_demographic_inference
v2-shared-science,v2-dataset-catalogue,HZA-GS-172975,GS-172975,broad_line_agn,juodzbalis25_jades_blagn,4.741,robust,secure,virial_balmer_single_epoch,True,True,eligible_numeric_mass_with_resolved_identity_and_lensing,,69,69,low,18.714821266187034,0.5245778551942444,4.247585802746482,True,0.4946019777545733,0.5545537326339155,consistent,-0.020659450546418,lower_pressure,0.0,0.4928329455510573,0.5238529676991703,0.5559351301517117,F_context,retain for catalogue context; no priority claim,31.12288927597122,70,70,navigation_only_no_cross_class_demographic_inference
v2-shared-science,v2-dataset-catalogue,HZA-J0109M3047-BHAE-1,J0109M3047-BHAE-1,broad_line_agn,lin24_aspire_blagn,4.36,robust,secure,virial_balmer_single_epoch,True,True,eligible_numeric_mass_with_resolved_identity_and_lensing,formal_mbh_errors_exclude_virial_systematic;nominal_mass_and_lbol_uncorrected_for_dust,70,70,low,18.667968732616654,0.5240156247913998,4.505138204228501,True,0.4793043940071508,0.5687268555756488,not_evaluable,,lower_pressure,0.0,0.5141209763677702,0.5240814884892498,0.5337923602867751,F_context,retain for catalogue context; no priority claim,31.120078123957,71,71,navigation_only_no_cross_class_demographic_inference
v2-shared-science,v2-dataset-catalogue,HZA-RUBIES-EGS-46985,RUBIES-EGS-46985,broad_line_agn,taylor24_ceers_rubies_blagn,4.963,robust,secure,virial_balmer_single_epoch,True,True,eligible_numeric_mass_with_resolved_identity_and_lensing,formal_mbh_errors_exclude_virial_systematic;nominal_mass_uncorrected_for_dust,71,71,low,18.40072497695864,0.5208086997235036,4.077466503957366,True,0.4676649548537586,0.573952444593249,not_evaluable,,lower_pressure,0.0,0.49944611078955,0.5208710653660353,0.5425071553934674,F_context,retain for catalogue context; no priority claim,31.104043498617518,72,72,navigation_only_no_cross_class_demographic_inference
v2-shared-science,v2-dataset-catalogue,HZA-DC-848185-B,DC_848185_b,broad_line_agn,ren25_alpine_cristal_jwst_blagn_candidates,5.2931,tentative,candidate,virial_balmer_single_epoch,True,False,eligible_numeric_mass_with_resolved_identity_and_lensing,table1_flux_is_dust_corrected;formal_mbh_errors_exclude_0p4dex_virial_systematic;intermediate_width_component;complex_merger_system;no_oiii_outflow_at_peak_b;system_outflow_centered_at_peak_d;shared_integrated_host_mass;complex_gas_kinematics_may_mimic_blr,72,72,low,17.86184698179964,0.5143421637815957,3.84611694785277,True,0.4679004334175688,0.5607838941456225,consistent,0.0003705451175614,lower_pressure,0.0,0.49187631973557827,0.5145270399950883,0.5374907382974825,F_context,retain for catalogue context; no priority claim,31.071710818907977,73,73,navigation_only_no_cross_class_demographic_inference
v2-shared-science,v2-dataset-catalogue,HZA-DC-873321,DC_873321,broad_line_agn,ren25_alpine_cristal_jwst_blagn_candidates,5.1542,tentative,candidate,virial_balmer_single_epoch,True,False,eligible_numeric_mass_with_resolved_identity_and_lensing,table1_flux_is_dust_corrected;formal_mbh_errors_exclude_0p4dex_virial_systematic;intermediate_width_component;oiii_outflow_detected;distinct_broad_halpha_and_outflow_kinematics;merger_system;complex_gas_kinematics_may_mimic_blr,73,73,low,17.81032971783077,0.5137239566139692,3.9095721510127524,True,0.4689549843600286,0.5584929288679099,consistent,0.0003705451175701,lower_pressure,0.0,0.49034438246994305,0.5135987371433612,0.5377613562687714,F_context,retain for catalogue context; no priority claim,31.068619783069845,74,74,navigation_only_no_cross_class_demographic_inference
v2-shared-science,v2-dataset-catalogue,HZA-DC-417567,DC_417567,broad_line_agn,ren25_alpine_cristal_jwst_blagn_candidates,5.67,tentative,candidate,virial_balmer_single_epoch,True,False,eligible_numeric_mass_with_resolved_identity_and_lensing,table1_flux_is_dust_corrected;formal_mbh_errors_exclude_0p4dex_virial_systematic;intermediate_width_component;instrument_corrected_fwhm_below_600_km_s;barely_above_4sigma;no_oiii_outflow;bpt_agn_region;complex_gas_kinematics_may_mimic_blr,74,74,low,17.6106406844169,0.5113276882130028,3.6531683543408695,True,0.46019491939170243,0.5624604570343033,consistent,0.0003705451175648,lower_pressure,0.0,0.4989393513733217,0.5115489798763326,0.5241514169087822,F_context,retain for catalogue context; no priority claim,31.056638441065015,75,75,navigation_only_no_cross_class_demographic_inference
v2-shared-science,v2-dataset-catalogue,HZA-GS-8083,GS-8083,broad_line_agn,juodzbalis25_jades_blagn,4.753,robust,secure,virial_balmer_single_epoch,True,True,eligible_numeric_mass_with_resolved_identity_and_lensing,,75,75,low,17.61009069975248,0.5113210883970297,4.107751030186363,True,0.4812433773148516,0.541398799479208,consistent,0.0154685851318205,lower_pressure,0.0,0.48080315699141296,0.5121781803716463,0.5428100845420517,F_context,retain for catalogue context; no priority claim,31.05660544198515,76,76,navigation_only_no_cross_class_demographic_inference
v2-shared-science,v2-dataset-catalogue,HZA-RUBIES-EGS-29489,RUBIES-EGS-29489,broad_line_agn,taylor24_ceers_rubies_blagn,4.543,robust,secure,virial_balmer_single_epoch,True,True,eligible_numeric_mass_with_resolved_identity_and_lensing,formal_mbh_errors_exclude_virial_systematic;nominal_mass_uncorrected_for_dust,76,76,low,17.39989447463301,0.5087987336955961,4.2119260526551985,True,0.46160033539359274,0.5559971319975996,not_evaluable,,lower_pressure,0.0,0.5004215596946006,0.5088890871782348,0.5162760567793092,F_context,retain for catalogue context; no priority claim,31.04399366847798,77,77,navigation_only_no_cross_class_demographic_inference
v2-shared-science,v2-dataset-catalogue,HZA-RUBIES-EGS-45599,RUBIES-EGS-45599,broad_line_agn,taylor24_ceers_rubies_blagn,4.862,robust,secure,virial_balmer_single_epoch,True,True,eligible_numeric_mass_with_resolved_identity_and_lensing,formal_mbh_errors_exclude_virial_systematic;nominal_mass_uncorrected_for_dust,77,77,low,16.863727283703348,0.5023647274044402,3.957726172908227,True,0.4506811134739422,0.5540483413349382,not_evaluable,,lower_pressure,0.0,0.4889536861638579,0.5021862421122012,0.5157280825217606,F_context,retain for catalogue context; no priority claim,31.0118236370222,78,78,navigation_only_no_cross_class_demographic_inference
v2-shared-science,v2-dataset-catalogue,HZA-GN-20621,GN-20621,broad_line_agn,juodzbalis25_jades_blagn,4.682,robust,secure,virial_balmer_single_epoch,True,True,eligible_numeric_mass_with_resolved_identity_and_lensing,,78,78,low,16.350466077351758,0.4962055929282211,3.9968300607825813,True,0.4667280329522872,0.5256831529041549,consistent,0.0217632302757838,lower_pressure,0.0,0.4626642387148305,0.4961363365922846,0.5313234984523291,F_context,retain for catalogue context; no priority claim,30.981027964641104,79,79,navigation_only_no_cross_class_demographic_inference
v2-shared-science,v2-dataset-catalogue,HZA-RUBIES-EGS-17146,RUBIES-EGS-17146,broad_line_agn,taylor24_ceers_rubies_blagn,5.0,robust,secure,virial_balmer_single_epoch,True,True,eligible_numeric_mass_with_resolved_identity_and_lensing,formal_mbh_errors_exclude_virial_systematic;nominal_mass_uncorrected_for_dust,79,79,low,16.1573536518406,0.4938882438220872,3.8058456194047086,True,0.44020473905881674,0.5475717485853574,not_evaluable,,lower_pressure,0.0,0.4773600080964773,0.4937060933756533,0.5204943973415939,F_context,retain for catalogue context; no priority claim,30.969441219110436,80,80,navigation_only_no_cross_class_demographic_inference
v2-shared-science,v2-dataset-catalogue,HZA-J0100-16221,J0100-16221,broad_line_agn,matthee23_eiger_fresco_blagn,4.349,robust,secure,virial_balmer_single_epoch,True,True,eligible_numeric_mass_with_resolved_identity_and_lensing,formal_mbh_errors_exclude_virial_systematic;nominal_mass_uncorrected_for_dust,80,80,low,16.07288387583596,0.4928746065100315,4.164032311489689,True,0.44831089886897985,0.5374383141510832,not_evaluable,,lower_pressure,0.0,0.4866637940204501,0.4929106067193916,0.49889891007772363,F_context,retain for catalogue context; no priority claim,30.964373032550156,81,81,navigation_only_no_cross_class_demographic_inference
v2-shared-science,v2-dataset-catalogue,HZA-J1526M2050-BHAE-1,J1526M2050-BHAE-1,broad_line_agn,lin24_aspire_blagn,4.1573,robust,probable,virial_balmer_single_epoch,True,True,eligible_numeric_mass_with_resolved_identity_and_lensing,blueshifted_halpha_absorption_357_km_s;absorption_interpretation_uncertain;total_luminosity_reported_without_absorption;formal_mbh_errors_exclude_virial_systematic;nominal_mass_and_lbol_uncorrected_for_dust,81,81,low,15.977907217452895,0.4917348866094347,4.281003681473741,True,0.44970626382230344,0.5337635093965658,not_evaluable,,lower_pressure,0.0,0.48362536699694947,0.49182718191550245,0.4998089534839796,F_context,retain for catalogue context; no priority claim,30.958674433047175,82,82,navigation_only_no_cross_class_demographic_inference
v2-shared-science,v2-dataset-catalogue,HZA-CEERS-01665,CEERS-01665,broad_line_agn,harikane23_nirspec_blagn,4.483,robust,secure,virial_balmer_single_epoch,True,True,eligible_numeric_mass_with_resolved_identity_and_lensing,dust_extinction_corrected;virial_calibration_at_z0;source_does_not_state_numeric_virial_systematic,82,82,low,15.801314125009288,0.48961576950011143,4.044327385303417,False,,,consistent,-0.0165597858746597,lower_pressure,0.0,0.4771886934760092,0.4896392039878759,0.503906357828273,F_context,retain for catalogue context; no priority claim,30.948078847500557,83,83,navigation_only_no_cross_class_demographic_inference
v2-shared-science,v2-dataset-catalogue,HZA-GN-53757,GN-53757,broad_line_agn,juodzbalis25_jades_blagn,4.447,robust,secure,virial_balmer_single_epoch,True,True,eligible_numeric_mass_with_resolved_identity_and_lensing,,83,83,low,15.761974034056184,0.48914368840867417,4.06102191055146,True,0.461612148723383,0.5166752280939654,consistent,-0.0145314148681805,lower_pressure,0.0,0.46151702417266555,0.4896691091955554,0.5177790584168876,F_context,retain for catalogue context; no priority claim,30.945718442043372,84,84,navigation_only_no_cross_class_demographic_inference
v2-shared-science,v2-dataset-catalogue,HZA-DC-683613,DC_683613,broad_line_agn,ren25_alpine_cristal_jwst_blagn_candidates,5.542,tentative,candidate,virial_balmer_single_epoch,True,False,eligible_numeric_mass_with_resolved_identity_and_lensing,table1_flux_is_dust_corrected;formal_mbh_errors_exclude_0p4dex_virial_systematic;intermediate_width_component;oiii_outflow_rejected;local_bpt_composite_region;merger_system;complex_gas_kinematics_may_mimic_blr,84,84,low,15.746301250989772,0.48895561501187723,3.5264671401284247,True,0.4394411223524466,0.538470107671308,consistent,0.0003705451175628,lower_pressure,0.0,0.47091708335704324,0.48923882071369673,0.5079485435102213,F_context,retain for catalogue context; no priority claim,30.944778075059386,85,85,navigation_only_no_cross_class_demographic_inference
v2-shared-science,v2-dataset-catalogue,HZA-J2232P2930-BHAE-1,J2232P2930-BHAE-1,broad_line_agn,lin24_aspire_blagn,4.1349,robust,secure,virial_balmer_single_epoch,True,True,eligible_numeric_mass_with_resolved_identity_and_lensing,nearby_companions_and_overdensity;formal_mbh_errors_exclude_virial_systematic;nominal_mass_and_lbol_uncorrected_for_dust,85,85,low,15.69339078553803,0.48832068942645634,4.256050290309659,True,0.44658387836436597,0.5300575004885465,not_evaluable,,lower_pressure,0.0,0.4782046433887161,0.48814382239382437,0.49825934012062667,F_context,retain for catalogue context; no priority claim,30.94160344713228,86,86,navigation_only_no_cross_class_demographic_inference
v2-shared-science,v2-dataset-catalogue,HZA-CEERS-01236,CEERS-01236,broad_line_agn,harikane23_nirspec_blagn,4.484,robust,secure,virial_balmer_single_epoch,True,True,eligible_numeric_mass_with_resolved_identity_and_lensing,dual_agn_candidate;virial_calibration_at_z0;source_does_not_state_numeric_virial_systematic,86,86,low,15.631776778936512,0.48758132134723814,4.021798043333106,False,,,consistent,0.0034605321095069,lower_pressure,0.0,0.4715190668123675,0.487930243501151,0.505397300906265,F_context,retain for catalogue context; no priority claim,30.937906606736192,87,87,navigation_only_no_cross_class_demographic_inference
v2-shared-science,v2-dataset-catalogue,HZA-J1148-21787,J1148-21787,broad_line_agn,matthee23_eiger_fresco_blagn,4.277,robust,secure,virial_balmer_single_epoch,True,True,eligible_numeric_mass_with_resolved_identity_and_lensing,formal_mbh_errors_exclude_virial_systematic;nominal_mass_uncorrected_for_dust,87,87,low,15.624041417557994,0.4874884970106959,4.149918828272977,True,0.4438848747378251,0.5310921192835667,not_evaluable,,lower_pressure,0.0,0.4720106723188734,0.4874835251432471,0.5029343212764211,F_context,retain for catalogue context; no priority claim,30.93744248505348,88,88,navigation_only_no_cross_class_demographic_inference
v2-shared-science,v2-dataset-catalogue,HZA-GN-73488,GN-73488,broad_line_agn,juodzbalis25_jades_blagn,4.133,robust,secure,virial_balmer_single_epoch,True,True,eligible_numeric_mass_with_resolved_identity_and_lensing,,88,88,low,15.53025865330091,0.4863631038396109,4.233921296265163,True,0.4613358429216207,0.5113903647576012,consistent,0.011400540781544,lower_pressure,0.0,0.4610408460100049,0.4858473725561495,0.5105042708632598,F_context,retain for catalogue context; no priority claim,30.931815519198054,89,89,navigation_only_no_cross_class_demographic_inference
v2-shared-science,v2-dataset-catalogue,HZA-GN-62309,GN-62309,broad_line_agn,juodzbalis25_jades_blagn,5.172,robust,secure,virial_balmer_single_epoch,True,True,eligible_numeric_mass_with_resolved_identity_and_lensing,,89,89,low,15.202365715824826,0.4824283885898979,3.6222465459344035,True,0.44869213763955546,0.5161646395402403,consistent,0.0064618041732414,lower_pressure,0.0,0.44531003607800423,0.4823269378741997,0.523617481443557,F_context,retain for catalogue context; no priority claim,30.91214194294949,90,90,navigation_only_no_cross_class_demographic_inference
v2-shared-science,v2-dataset-catalogue,HZA-J0218P0007-BHAE-1,J0218P0007-BHAE-1,broad_line_agn,lin24_aspire_blagn,4.2291,robust,secure,virial_balmer_single_epoch,True,True,eligible_numeric_mass_with_resolved_identity_and_lensing,narrow_halpha_unresolved;formal_mbh_errors_exclude_virial_systematic;nominal_mass_and_lbol_uncorrected_for_dust,90,90,low,14.747430644063286,0.4769691677287594,4.059208324872596,True,0.43399897243788027,0.5199393630196388,not_evaluable,,lower_pressure,0.0,0.46991020062206756,0.47699787973887803,0.4836889372066388,F_context,retain for catalogue context; no priority claim,30.8848458386438,91,91,navigation_only_no_cross_class_demographic_inference
v2-shared-science,v2-dataset-catalogue,HZA-J0229M0808-BHAE-1,J0229M0808-BHAE-1,broad_line_agn,lin24_aspire_blagn,4.3653,robust,secure,virial_balmer_single_epoch,True,True,eligible_numeric_mass_with_resolved_identity_and_lensing,formal_mbh_errors_exclude_virial_systematic;nominal_mass_and_lbol_uncorrected_for_dust,91,91,low,14.632415167355145,0.4755889820082617,3.9604690809419822,True,0.43080659198865134,0.520371372027872,not_evaluable,,lower_pressure,0.0,0.4647322508518551,0.475446696982578,0.4860662099039731,F_context,retain for catalogue context; no priority claim,30.877944910041307,92,92,navigation_only_no_cross_class_demographic_inference
v2-shared-science,v2-dataset-catalogue,HZA-J0430M1445-BHAE-1,J0430M1445-BHAE-1,broad_line_agn,lin24_aspire_blagn,4.0947,robust,secure,virial_balmer_single_epoch,True,True,eligible_numeric_mass_with_resolved_identity_and_lensing,two_broad_components_total_profile_used_for_mass;formal_mbh_errors_exclude_virial_systematic;nominal_mass_and_lbol_uncorrected_for_dust,92,92,low,14.292034525018362,0.47150441430022033,4.080585504704578,True,0.4302889934697815,0.5127198351306592,not_evaluable,,lower_pressure,0.0,0.46817709840328137,0.4714414895303892,0.47477855614909203,F_context,retain for catalogue context; no priority claim,30.8575220715011,93,93,navigation_only_no_cross_class_demographic_inference
v2-shared-science,v2-dataset-catalogue,HZA-J0148-12884,J0148-12884,broad_line_agn,matthee23_eiger_fresco_blagn,4.602,robust,secure,virial_balmer_single_epoch,True,True,eligible_numeric_mass_with_resolved_identity_and_lensing,complex_morphology_five_exponential_components;formal_mbh_errors_exclude_virial_systematic;nominal_mass_uncorrected_for_dust,93,93,low,14.291097070056349,0.47149316484067616,3.7858826005510675,True,0.4234796042662692,0.5195067254150831,not_evaluable,,lower_pressure,0.0,0.4574148320356448,0.4717056450776318,0.48573182929953285,F_context,retain for catalogue context; no priority claim,30.85746582420338,94,94,navigation_only_no_cross_class_demographic_inference
v2-shared-science,v2-dataset-catalogue,HZA-RUBIES-EGS-6411,RUBIES-EGS-6411,broad_line_agn,taylor24_ceers_rubies_blagn,4.88,robust,secure,virial_balmer_single_epoch,True,True,eligible_numeric_mass_with_resolved_identity_and_lensing,formal_mbh_errors_exclude_virial_systematic;nominal_mass_uncorrected_for_dust,94,94,low,13.870241568163827,0.4664428988179659,3.60218671478654,True,0.41450048246852655,0.5183853151674054,not_evaluable,,lower_pressure,0.0,0.4495198506478938,0.46599190880471597,0.4827455019490474,F_context,retain for catalogue context; no priority claim,30.83221449408983,95,95,navigation_only_no_cross_class_demographic_inference
v2-shared-science,v2-dataset-catalogue,HZA-RUBIES-EGS-28812,RUBIES-EGS-28812,broad_line_agn,taylor24_ceers_rubies_blagn,4.222,robust,secure,virial_balmer_single_epoch,True,True,eligible_numeric_mass_with_resolved_identity_and_lensing,formal_mbh_errors_exclude_virial_systematic;nominal_mass_uncorrected_for_dust;halpha_absorption_component_fit,95,95,low,13.231692796886414,0.45878031356263693,3.8515935676567112,True,0.41590364874369895,0.5016569783815751,not_evaluable,,lower_pressure,0.0,0.45530232508340346,0.4587955749989634,0.46224861866769495,F_context,retain for catalogue context; no priority claim,30.793901567813183,96,96,navigation_only_no_cross_class_demographic_inference
v2-shared-science,v2-dataset-catalogue,HZA-RUBIES-UDS-19484,RUBIES-UDS-19484,broad_line_agn,taylor24_ceers_rubies_blagn,4.656,robust,secure,virial_balmer_single_epoch,True,True,eligible_numeric_mass_with_resolved_identity_and_lensing,formal_mbh_errors_exclude_virial_systematic;nominal_mass_uncorrected_for_dust,96,96,low,12.549316803542556,0.45059180164251067,3.544045233517984,True,0.4018264551444035,0.49935714814061793,not_evaluable,,lower_pressure,0.0,0.4294223477235132,0.45069271241297615,0.4689121258807193,F_context,retain for catalogue context; no priority claim,30.752959008212553,97,97,navigation_only_no_cross_class_demographic_inference
v2-shared-science,v2-dataset-catalogue,HZA-J2232P2930-BHAE-2,J2232P2930-BHAE-2,broad_line_agn,lin24_aspire_blagn,4.4693,robust,secure,virial_balmer_single_epoch,True,True,eligible_numeric_mass_with_resolved_identity_and_lensing,broad_fwhm_near_1000_km_s_selection_boundary;formal_mbh_errors_exclude_virial_systematic;nominal_mass_and_lbol_uncorrected_for_dust,97,97,low,11.797438619014015,0.44156926342816816,3.5324913557909476,True,0.3953800099314978,0.4877585169248383,not_evaluable,,lower_pressure,0.0,0.42959953646850346,0.44134626208464334,0.4533116404496961,F_context,retain for catalogue context; no priority claim,30.70784631714084,98,98,navigation_only_no_cross_class_demographic_inference
v2-shared-science,v2-dataset-catalogue,HZA-GLASS-150029,GLASS-150029,broad_line_agn,harikane23_nirspec_blagn,4.583,robust,secure,virial_balmer_single_epoch,True,True,eligible_numeric_mass_with_resolved_identity_and_lensing,narrow_oiii_outflow_component;virial_calibration_at_z0;source_does_not_state_numeric_virial_systematic,98,98,low,11.355531602295867,0.4362663792275504,3.4268628929592233,False,,,consistent,-0.0140073207091978,lower_pressure,0.0,0.43278087065686655,0.4362459576253125,0.4384151985092282,F_context,retain for catalogue context; no priority claim,30.681331896137753,99,99,navigation_only_no_cross_class_demographic_inference
v2-shared-science,v2-dataset-catalogue,HZA-RUBIES-UDS-119957,RUBIES-UDS-119957,broad_line_agn,taylor24_ceers_rubies_blagn,4.149,robust,secure,virial_balmer_single_epoch,True,True,eligible_numeric_mass_with_resolved_identity_and_lensing,formal_mbh_errors_exclude_virial_systematic;nominal_mass_uncorrected_for_dust,99,99,low,11.261136260834359,0.4351336351300123,3.61178890736684,True,0.3932132463891633,0.47705402387086127,not_evaluable,,lower_pressure,0.0,0.43106155091937354,0.43522453144940104,0.4402475104737178,F_context,retain for catalogue context; no priority claim,30.67566817565006,100,100,navigation_only_no_cross_class_demographic_inference
v2-shared-science,v2-dataset-catalogue,HZA-RUBIES-UDS-31747,RUBIES-UDS-31747,broad_line_agn,taylor24_ceers_rubies_blagn,4.13,robust,secure,virial_balmer_single_epoch,True,True,eligible_numeric_mass_with_resolved_identity_and_lensing,formal_mbh_errors_exclude_virial_systematic;nominal_mass_uncorrected_for_dust,100,100,low,10.908321132651999,0.430899853591824,3.5705557507819283,True,0.3892267536312995,0.47257295355234863,not_evaluable,,lower_pressure,0.0,0.4266313102710211,0.43084099612137183,0.43509736473763083,F_context,retain for catalogue context; no priority claim,30.65449926795912,101,101,navigation_only_no_cross_class_demographic_inference
v2-shared-science,v2-dataset-catalogue,HZA-J0148-976,J0148-976,broad_line_agn,matthee23_eiger_fresco_blagn,4.163,robust,secure,virial_balmer_single_epoch,True,True,eligible_numeric_mass_with_resolved_identity_and_lensing,formal_mbh_errors_exclude_virial_systematic;nominal_mass_uncorrected_for_dust,101,101,low,10.85774332989975,0.430292919958797,3.547310657710116,True,0.3881898945225154,0.47239594539507834,not_evaluable,,lower_pressure,0.0,0.4150957620408913,0.4301606375018825,0.44511885520257966,F_context,retain for catalogue context; no priority claim,30.651464599793986,102,102,navigation_only_no_cross_class_demographic_inference
v2-shared-science,v2-dataset-catalogue,HZA-RUBIES-UDS-35974,RUBIES-UDS-35974,broad_line_agn,taylor24_ceers_rubies_blagn,4.367,robust,secure,virial_balmer_single_epoch,True,True,eligible_numeric_mass_with_resolved_identity_and_lensing,formal_mbh_errors_exclude_virial_systematic;nominal_mass_uncorrected_for_dust,102,102,low,10.84418055129983,0.43013016661559794,3.452176220676681,True,0.38532494092647307,0.4749353923047227,not_evaluable,,lower_pressure,0.0,0.4204819197785716,0.42998425875254975,0.43822424253102,F_context,retain for catalogue context; no priority claim,30.65065083307799,103,103,navigation_only_no_cross_class_demographic_inference
v2-shared-science,v2-dataset-catalogue,HZA-J0224M4711-BHAE-1,J0224M4711-BHAE-1,broad_line_agn,lin24_aspire_blagn,4.0639,robust,secure,virial_balmer_single_epoch,True,True,eligible_numeric_mass_with_resolved_identity_and_lensing,formal_mbh_errors_exclude_virial_systematic;nominal_mass_and_lbol_uncorrected_for_dust,103,103,low,10.57964718710251,0.42695576624523013,3.555146246885878,True,0.386137815361365,0.4677737171290953,not_evaluable,,lower_pressure,0.0,0.4073440840571526,0.4265765206010276,0.4462600631555485,F_context,retain for catalogue context; no priority claim,30.63477883122615,104,104,navigation_only_no_cross_class_demographic_inference
v2-shared-science,v2-dataset-catalogue,HZA-THRILS-24975,THRILS-24975,broad_line_agn,davis26_thrils_blagn,4.4,robust,secure,virial_balmer_single_epoch,True,True,eligible_numeric_mass_with_resolved_identity_and_lensing,formal_mbh_errors_exclude_virial_systematic;fwhm_not_tabulated;first_spectroscopic_targeting_reported;catastrophic_photometric_redshift;source_extreme_eelg_row_assignments_internally_inconsistent,104,104,low,10.370077652369146,0.42444093182842973,3.3750511001876076,True,0.3791913655354202,0.46969049812143937,not_evaluable,,lower_pressure,0.0,0.4191634538209261,0.42446137130547346,0.429750054651245,F_context,retain for catalogue context; no priority claim,30.62220465914215,105,105,navigation_only_no_cross_class_demographic_inference
v2-shared-science,v2-dataset-catalogue,HZA-RUBIES-UDS-155916,RUBIES-UDS-155916,broad_line_agn,taylor24_ceers_rubies_blagn,4.098,robust,secure,virial_balmer_single_epoch,True,True,eligible_numeric_mass_with_resolved_identity_and_lensing,formal_mbh_errors_exclude_virial_systematic;nominal_mass_uncorrected_for_dust,105,105,low,9.794339378398224,0.4175320725407787,3.4243511484935247,True,0.3762739626059191,0.4587901824756382,not_evaluable,,lower_pressure,0.0,0.4071452791358069,0.41763034587076797,0.42652845647463294,F_context,retain for catalogue context; no priority claim,30.587660362703893,106,106,navigation_only_no_cross_class_demographic_inference
v2-shared-science,v2-dataset-catalogue,HZA-RUBIES-UDS-63139,RUBIES-UDS-63139,broad_line_agn,taylor24_ceers_rubies_blagn,4.435,robust,secure,virial_balmer_single_epoch,True,True,eligible_numeric_mass_with_resolved_identity_and_lensing,formal_mbh_errors_exclude_virial_systematic;nominal_mass_uncorrected_for_dust,106,106,low,9.673306722622575,0.4160796806714709,3.269378370515094,True,0.3703566388394411,0.46180272250350063,not_evaluable,,lower_pressure,0.0,0.40802874712625636,0.41603598900244754,0.42410825804432023,F_context,retain for catalogue context; no priority claim,30.580398403357353,107,107,navigation_only_no_cross_class_demographic_inference
v2-shared-science,v2-dataset-catalogue,HZA-RUBIES-UDS-143683,RUBIES-UDS-143683,broad_line_agn,taylor24_ceers_rubies_blagn,4.226,robust,secure,virial_balmer_single_epoch,True,True,eligible_numeric_mass_with_resolved_identity_and_lensing,formal_mbh_errors_exclude_virial_systematic;nominal_mass_uncorrected_for_dust,107,107,low,9.415026217409565,0.41298031460891477,3.3158867240040335,True,0.37005096797597137,0.45590966124185806,not_evaluable,,lower_pressure,0.0,0.3965559201163574,0.41295348743237725,0.42669231877640446,F_context,retain for catalogue context; no priority claim,30.564901573044573,108,108,navigation_only_no_cross_class_demographic_inference
v2-shared-science,v2-dataset-catalogue,HZA-RUBIES-UDS-48507,RUBIES-UDS-48507,broad_line_agn,taylor24_ceers_rubies_blagn,4.468,robust,secure,virial_balmer_single_epoch,True,True,eligible_numeric_mass_with_resolved_identity_and_lensing,formal_mbh_errors_exclude_virial_systematic;nominal_mass_uncorrected_for_dust,108,108,low,9.089989853787502,0.40907987824545,3.181245732984712,True,0.36290833442542175,0.4552514220654782,not_evaluable,,lower_pressure,0.0,0.40535256335534736,0.40911215417787383,0.4127479097790589,F_context,retain for catalogue context; no priority claim,30.54539939122725,109,109,navigation_only_no_cross_class_demographic_inference
v2-shared-science,v2-dataset-catalogue,HZA-GS-200679,GS-200679,broad_line_agn,juodzbalis25_jades_blagn,4.547,tentative,probable,virial_balmer_single_epoch,True,True,eligible_numeric_mass_with_resolved_identity_and_lensing,,109,109,low,7.998664978596665,0.39598397974315996,3.015629155969124,True,0.3676319048212153,0.42433605466510455,consistent,0.0220983811351514,lower_pressure,0.0,0.368124267914366,0.39763464933684267,0.45388812394048034,F_context,retain for catalogue context; no priority claim,30.4799198987158,110,110,navigation_only_no_cross_class_demographic_inference
v2-shared-science,v2-dataset-catalogue,HZA-RUBIES-UDS-30969,RUBIES-UDS-30969,broad_line_agn,taylor24_ceers_rubies_blagn,4.0,robust,secure,virial_balmer_single_epoch,True,True,eligible_numeric_mass_with_resolved_identity_and_lensing,formal_mbh_errors_exclude_virial_systematic;nominal_mass_uncorrected_for_dust,110,110,low,6.599103334169058,0.3791892400100287,2.9898935888518587,True,0.3391903750300679,0.41918810498998954,not_evaluable,,lower_pressure,0.0,0.3728378025385862,0.37902794000503803,0.38453743737371354,F_context,retain for catalogue context; no priority claim,30.395946200050144,111,111,navigation_only_no_cross_class_demographic_inference
v2-shared-science,v2-dataset-catalogue,HZA-GLASS-160133,GLASS-160133,broad_line_agn,harikane23_nirspec_blagn,4.015,robust,secure,virial_balmer_single_epoch,True,True,eligible_numeric_mass_with_resolved_identity_and_lensing,host_mass_upper_limit;narrow_oiii_outflow_component;virial_calibration_at_z0;source_does_not_state_numeric_virial_systematic,112,112,low,4.2166474023073715,0.35059976882768845,2.6294996175589698,False,,,consistent,-0.0134464862089206,lower_pressure,0.0,0.34909312145547006,0.35060956467771137,0.3520844540181113,F_context,retain for catalogue context; no priority claim,30.252998844138443,112,112,navigation_only_no_cross_class_demographic_inference
