catalogue_release,physical_object_id,measurement_id,object_id,ra_deg,dec_deg,redshift,redshift_kind,cosmic_time_gyr,survey,object_class,log_mbh_msun_std,log_mbh_err_plus_std,log_mbh_err_minus_std,mbh_method,detection_evidence,log_mstar_msun_std,log_mstar_err_plus_std,log_mstar_err_minus_std,mstar_method,log_lbol_erg_s_std,log_lbol_err_plus_std,log_lbol_err_minus_std,lbol_method,log_mbh_mstar_ratio,log_mbh_mstar_ratio_err,edd_ratio_std,edd_ratio_err_std,edd_ratio_from_mbh_lbol,edd_ratio_log_residual_dex,edd_ratio_consistency_flag,agn_contam_flag,lensing_mu,lensing_mu_err,missing_mstar_flag,missing_lbol_flag,missing_edd_ratio_flag,missing_lensing_flag,missing_optional_fields,mbh_interpretation_tag,mstar_interpretation_tag,lbol_interpretation_tag,quality_flag,project_version,source_key,source_table,notes,program,field,selection_channel,broad_line_species,halpha_flux_total_1e18_erg_s_cm2,halpha_flux_total_err_plus,halpha_flux_total_err_minus,halpha_flux_narrow_1e18_erg_s_cm2,halpha_flux_narrow_err_plus,halpha_flux_narrow_err_minus,halpha_flux_broad_1e18_erg_s_cm2,halpha_flux_broad_err_plus,halpha_flux_broad_err_minus,halpha_broad_fwhm_km_s,halpha_broad_fwhm_err_plus,halpha_broad_fwhm_err_minus,fwhm_instrument_corrected_flag,lrd_flag,lrd_definition,halpha_absorption_fit_flag,log_mbh_systematic_dex,mbh_systematic_kind,mbh_systematic_applied_flag,mbh_formal_uncertainty_kind,dust_correction_applied_flag,source_caveat_tags,source_paper_version,source_url,source_doi,source_archive_url,source_archive_sha256,extraction_date,selection_criteria,redshift_err,published_ra,published_dec,halpha_broad_to_total_ratio,halpha_broad_to_total_ratio_err,halpha_lum_broad_1e42,halpha_lum_broad_err_plus,halpha_lum_broad_err_minus,halpha_lum_total_1e42,halpha_lum_total_err_plus,halpha_lum_total_err_minus,halpha_narrow_fwhm_km_s,halpha_narrow_fwhm_err_plus,halpha_narrow_fwhm_err_minus,halpha_ew_rest_angstrom,halpha_ew_err_plus,halpha_ew_err_minus,photometry_band,photometry_mag,photometry_mag_err_plus,photometry_mag_err_minus,f200w_mag,f200w_err_plus,f200w_err_minus,muv,muv_err_plus,muv_err_minus,beta_uv,beta_uv_err_plus,beta_uv_err_minus,beta_opt,beta_opt_err_plus,beta_opt_err_minus,delta_m_lw,lbol_1e44_erg_s,lbol_1e44_err_plus,lbol_1e44_err_minus,metallicity_12_logoh,metallicity_err_plus,metallicity_err_minus,ebv_mag,halpha_broad_snr,delta_aic,halpha_lum_broad_erg_s,halpha_broad_to_narrow_ratio,halpha_broad_to_narrow_err_plus,halpha_broad_to_narrow_err_minus,mbh_msun,mbh_err_plus_msun,mbh_err_minus_msun,lbol_erg_s,lbol_err_plus_erg_s,lbol_err_minus_erg_s,log_mstar_upper_limit_msun,host_fit_model,red_agn_flag,compact_source_flag,dual_agn_candidate_flag,log_mstar_systematic_dex,mstar_systematic_kind,mstar_systematic_applied_flag,evidence_status,evidence_status_basis,spectroscopic_type,selection_channels,phenotype_tags,lensing_status,growth_ranking_eligible_flag,primary_growth_ranking_flag,thrils_id,ceers_photometry_id,program_redshift,zphot,coordinate_source_table,coordinate_source_paper_version,coordinate_source_url,coordinate_source_archive_url,coordinate_source_archive_sha256,preferred_measurement_flag,preferred_measurement_reason,match_method,match_reference,host_system_id,host_system_assignment_status,identity_resolution_status,extraction_date_status,lensing_mass_correction_status,lensing_provenance,log_mbh_err_plus,log_mbh_err_minus,log_mstar_err_plus,log_mstar_err_minus,log_lbol_err_plus,log_lbol_err_minus,mbh_statistical_uncertainty_kind,mass_comparability_group,conditional_mass_flag,conditional_mass_reason,primary_mass_comparison_flag,primary_mass_comparison_reason,host_property_scope,growth_ranking_eligibility_reason,primary_growth_ranking_reason,log_edd_ratio_published,edd_ratio_method,host_system_source_id,published_aliases,halpha_broad_flux_dustcorr_1e18,halpha_broad_flux_err,halpha_broad_fwhm_instrumentcorr_km_s,halpha_broad_fwhm_err,av_mag,robust_candidate_flag,oiii_outflow_detected_flag,halpha_three_component_fit_flag,n_measurements,available_measurement_ids,available_object_ids,available_source_keys,all_measurement_evidence_statuses,all_measurement_evidence_status_bases,object_evidence_aggregation_policy
v1-dataset-catalogue,HZA-GS-20057765,GS20057765_juodzbalis25,GS-20057765,53.0408,-27.85901,8.913,spec,0.5527336017822919,JADES,broad_line_agn,7.33,0.62,0.7,single-epoch-virial-hbeta,stack_supported_tentative_hbeta,7.4,0.78,0.97,beagle-spectral-decomposition,44.16,0.19,0.3,balmer-line-bolometric-correction,-0.0700000000000002,1.0960041058317254,0.051,0.063,0.0536573789993633,-0.0220592787844985,consistent,1.0,,,False,False,False,True,lensing,single-epoch-virial,host-sed-with-agn-contamination-risk,balmer-line-bolometric-correction,tentative,v1,juodzbalis25_jades_blagn,"Table 2 (BH/Lbol/lambda_Edd), Table 5 (Mstar)",Tentative broad-Hbeta sample; individual detection not formally significant; stack-supported; Mstar uses BEAGLE value.,,GOODS-S,,,,,,,,,,,,,,,,,,,,,False,,,,"MNRAS 546, stag086 (2026); arXiv:2504.03551",https://arxiv.org/abs/2504.03551,,https://arxiv.org/abs/2504.03551,,not_recorded_in_frozen_v1_source_layer,JADES spectroscopic Type 1 broad-line AGN sample,,,,,,,,,,,,,,,,,,,,,,,,,,,,,,,,,,,,,,,,,,,,,,,,,,,,,,,,,,,,,,probable,published_blagn_with_tentative_broad_line_detection,type1_broad_line,broad_balmer_line,,not_reported,True,True,,,,,,,,,,True,only catalogue measurement in this release,singleton assignment,v1 catalogue,HZS-GS-20057765,inherited_provisional_one_to_one_no_verified_multinucleus_link,resolved,not_recorded,not_required,,0.62,0.7,0.78,0.97,0.19,0.3,published_asymmetric_table_uncertainty_semantics_not_further_specified_in_v1,virial_balmer_single_epoch,False,,True,balmer_single_epoch_primary_stratum,object_specific,eligible_numeric_mass_with_resolved_identity_and_lensing,eligible_secure_or_probable_primary_comparable_mass,,,,,,,,,,,,,1,GS20057765_juodzbalis25,GS-20057765,juodzbalis25_jades_blagn,probable,published_blagn_with_tentative_broad_line_detection,preferred_measurement_controls_object_status;all_measurement_statuses_retained
v1-dataset-catalogue,HZA-GS-20030333,GS20030333_juodzbalis25,GS-20030333,53.05373,-27.87789,7.891,spec,0.6506319125565291,JADES,broad_line_agn,7.42,0.65,0.48,single-epoch-virial-hbeta,stack_supported_tentative_hbeta,8.61,0.2,0.2,cigale-spectral-decomposition,44.44,0.11,0.14,balmer-line-bolometric-correction,-1.1899999999999995,0.5993538187081149,0.08,0.067,0.0831054403214991,-0.016539467890489,consistent,1.0,,,False,False,False,True,lensing,single-epoch-virial,host-sed-with-agn-contamination-risk,balmer-line-bolometric-correction,tentative,v1,juodzbalis25_jades_blagn,"Table 2 (BH/Lbol/lambda_Edd), Table 5 (Mstar)",Tentative broad-Hbeta sample; individual detection not formally significant; stack-supported; source-adopted CIGALE Mstar used because BEAGLE Mstar is unavailable.,,GOODS-S,,,,,,,,,,,,,,,,,,,,,False,,,,"MNRAS 546, stag086 (2026); arXiv:2504.03551",https://arxiv.org/abs/2504.03551,,https://arxiv.org/abs/2504.03551,,not_recorded_in_frozen_v1_source_layer,JADES spectroscopic Type 1 broad-line AGN sample,,,,,,,,,,,,,,,,,,,,,,,,,,,,,,,,,,,,,,,,,,,,,,,,,,,,,,,,,,,,,,probable,published_blagn_with_tentative_broad_line_detection,type1_broad_line,broad_balmer_line,,not_reported,True,True,,,,,,,,,,True,only catalogue measurement in this release,singleton assignment,v1 catalogue,HZS-GS-20030333,inherited_provisional_one_to_one_no_verified_multinucleus_link,resolved,not_recorded,not_required,,0.65,0.48,0.2,0.2,0.11,0.14,published_asymmetric_table_uncertainty_semantics_not_further_specified_in_v1,virial_balmer_single_epoch,False,,True,balmer_single_epoch_primary_stratum,object_specific,eligible_numeric_mass_with_resolved_identity_and_lensing,eligible_secure_or_probable_primary_comparable_mass,,,,,,,,,,,,,1,GS20030333_juodzbalis25,GS-20030333,juodzbalis25_jades_blagn,probable,published_blagn_with_tentative_broad_line_detection,preferred_measurement_controls_object_status;all_measurement_statuses_retained
v1-dataset-catalogue,HZA-GN-4685,GN4685_juodzbalis25,GN-4685,189.09629,62.23914,7.415,spec,0.7065452811411209,JADES,broad_line_agn,7.36,0.45,0.42,single-epoch-virial-hbeta,stack_supported_tentative_hbeta,9.91,0.22,0.21,beagle-spectral-decomposition,44.13,0.1,0.12,balmer-line-bolometric-correction,-2.55,0.4852319033204638,0.045,0.02,0.04673362344092,-0.016416941107096,consistent,1.0,,,False,False,False,True,lensing,single-epoch-virial,host-sed-with-agn-contamination-risk,balmer-line-bolometric-correction,tentative,v1,juodzbalis25_jades_blagn,"Table 2 (BH/Lbol/lambda_Edd), Table 5 (Mstar)",Tentative broad-Hbeta sample; individual detection not formally significant; stack-supported; Mstar uses BEAGLE value.,,GOODS-N,,,,,,,,,,,,,,,,,,,,,False,,,,"MNRAS 546, stag086 (2026); arXiv:2504.03551",https://arxiv.org/abs/2504.03551,,https://arxiv.org/abs/2504.03551,,not_recorded_in_frozen_v1_source_layer,JADES spectroscopic Type 1 broad-line AGN sample,,,,,,,,,,,,,,,,,,,,,,,,,,,,,,,,,,,,,,,,,,,,,,,,,,,,,,,,,,,,,,probable,published_blagn_with_tentative_broad_line_detection,type1_broad_line,broad_balmer_line,,not_reported,True,True,,,,,,,,,,True,only catalogue measurement in this release,singleton assignment,v1 catalogue,HZS-GN-4685,inherited_provisional_one_to_one_no_verified_multinucleus_link,resolved,not_recorded,not_required,,0.45,0.42,0.22,0.21,0.1,0.12,published_asymmetric_table_uncertainty_semantics_not_further_specified_in_v1,virial_balmer_single_epoch,False,,True,balmer_single_epoch_primary_stratum,object_specific,eligible_numeric_mass_with_resolved_identity_and_lensing,eligible_secure_or_probable_primary_comparable_mass,,,,,,,,,,,,,1,GN4685_juodzbalis25,GN-4685,juodzbalis25_jades_blagn,probable,published_blagn_with_tentative_broad_line_detection,preferred_measurement_controls_object_status;all_measurement_statuses_retained
v1-dataset-catalogue,HZA-GS-164055,GS164055_juodzbalis25,GS-164055,53.08168,-27.88857,7.397,spec,0.7088155769811714,JADES,broad_line_agn,7.63,0.59,0.66,single-epoch-virial-hbeta,stack_supported_tentative_hbeta,7.99,0.23,0.23,cigale-spectral-decomposition-extended-host,44.21,0.16,0.21,balmer-line-bolometric-correction,-0.3600000000000003,0.665976726320072,0.03,0.034,0.0301737616127428,-0.0025082001627724,consistent,1.0,,,False,False,False,True,lensing,single-epoch-virial,host-sed-with-agn-contamination-risk,balmer-line-bolometric-correction,tentative,v1,juodzbalis25_jades_blagn,"Table 2 (BH/Lbol/lambda_Edd), Table 5 (Mstar)",Tentative broad-Hbeta sample; individual detection not formally significant; stack-supported; source-adopted CIGALE Mstar used because the host is significantly extended.,,GOODS-S,,,,,,,,,,,,,,,,,,,,,False,,,,"MNRAS 546, stag086 (2026); arXiv:2504.03551",https://arxiv.org/abs/2504.03551,,https://arxiv.org/abs/2504.03551,,not_recorded_in_frozen_v1_source_layer,JADES spectroscopic Type 1 broad-line AGN sample,,,,,,,,,,,,,,,,,,,,,,,,,,,,,,,,,,,,,,,,,,,,,,,,,,,,,,,,,,,,,,probable,published_blagn_with_tentative_broad_line_detection,type1_broad_line,broad_balmer_line,,not_reported,True,True,,,,,,,,,,True,only catalogue measurement in this release,singleton assignment,v1 catalogue,HZS-GS-164055,inherited_provisional_one_to_one_no_verified_multinucleus_link,resolved,not_recorded,not_required,,0.59,0.66,0.23,0.23,0.16,0.21,published_asymmetric_table_uncertainty_semantics_not_further_specified_in_v1,virial_balmer_single_epoch,False,,True,balmer_single_epoch_primary_stratum,object_specific,eligible_numeric_mass_with_resolved_identity_and_lensing,eligible_secure_or_probable_primary_comparable_mass,,,,,,,,,,,,,1,GS164055_juodzbalis25,GS-164055,juodzbalis25_jades_blagn,probable,published_blagn_with_tentative_broad_line_detection,preferred_measurement_controls_object_status;all_measurement_statuses_retained
v1-dataset-catalogue,HZA-GN-954,GN954_juodzbalis25,GN-954,189.15197,62.25964,6.759,spec,0.7978843566184635,JADES,broad_line_agn,7.7,0.31,0.32,single-epoch-virial-halpha,individual_robust,10.93,0.11,0.11,beagle-spectral-decomposition,45.17,0.15,0.17,balmer-line-bolometric-correction,-3.2299999999999995,0.3336540124140574,0.23,0.035,0.2342229544973313,-0.0079016188648425,consistent,1.0,,,False,False,False,True,lensing,single-epoch-virial,host-sed-with-agn-contamination-risk,balmer-line-bolometric-correction,robust,v1,juodzbalis25_jades_blagn,"Table 2 (BH/Lbol/lambda_Edd), Table 5 (Mstar)",Robust sample; Mstar uses BEAGLE value.,,GOODS-N,,,,,,,,,,,,,,,,,,,0.3,source_stated_single_epoch_virial_calibration_uncertainty,False,,,,"MNRAS 546, stag086 (2026); arXiv:2504.03551",https://arxiv.org/abs/2504.03551,,https://arxiv.org/abs/2504.03551,,not_recorded_in_frozen_v1_source_layer,JADES spectroscopic Type 1 broad-line AGN sample,,,,,,,,,,,,,,,,,,,,,,,,,,,,,,,,,,,,,,,,,,,,,,,,,,,,,,,,,,,,,,secure,published_blagn_with_robust_detection_and_no_recorded_alternative_interpretation,type1_broad_line,broad_balmer_line,,not_reported,True,True,,,,,,,,,,True,only catalogue measurement in this release,singleton assignment,v1 catalogue,HZS-GN-954,inherited_provisional_one_to_one_no_verified_multinucleus_link,resolved,not_recorded,not_required,,0.31,0.32,0.11,0.11,0.15,0.17,published_asymmetric_table_uncertainty_semantics_not_further_specified_in_v1,virial_balmer_single_epoch,False,,True,balmer_single_epoch_primary_stratum,object_specific,eligible_numeric_mass_with_resolved_identity_and_lensing,eligible_secure_or_probable_primary_comparable_mass,,,,,,,,,,,,,1,GN954_juodzbalis25,GN-954,juodzbalis25_jades_blagn,secure,published_blagn_with_robust_detection_and_no_recorded_alternative_interpretation,preferred_measurement_controls_object_status;all_measurement_statuses_retained
v1-dataset-catalogue,HZA-GN-38509,GN38509_juodzbalis25,GN-38509,189.09144,62.22811,6.678,spec,0.8105236210227595,JADES,broad_line_agn,8.57,0.37,0.38,single-epoch-virial-halpha,individual_robust,9.19,0.4,0.4,beagle-spectral-decomposition,44.84,0.14,0.14,balmer-line-bolometric-correction,-0.6199999999999992,0.5482928049865328,0.015,0.0065,0.0147784693385942,0.0064618041732414,consistent,1.0,,,False,False,False,True,lensing,single-epoch-virial,host-sed-with-agn-contamination-risk,balmer-line-bolometric-correction,robust,v1,juodzbalis25_jades_blagn,"Table 2 (BH/Lbol/lambda_Edd), Table 5 (Mstar)",Robust sample; Mstar uses BEAGLE value.,,GOODS-N,,,,,,,,,,,,,,,,,,,0.3,source_stated_single_epoch_virial_calibration_uncertainty,False,,,,"MNRAS 546, stag086 (2026); arXiv:2504.03551",https://arxiv.org/abs/2504.03551,,https://arxiv.org/abs/2504.03551,,not_recorded_in_frozen_v1_source_layer,JADES spectroscopic Type 1 broad-line AGN sample,,,,,,,,,,,,,,,,,,,,,,,,,,,,,,,,,,,,,,,,,,,,,,,,,,,,,,,,,,,,,,secure,published_blagn_with_robust_detection_and_no_recorded_alternative_interpretation,type1_broad_line,broad_balmer_line,,not_reported,True,True,,,,,,,,,,True,only catalogue measurement in this release,singleton assignment,v1 catalogue,HZS-GN-38509,inherited_provisional_one_to_one_no_verified_multinucleus_link,resolved,not_recorded,not_required,,0.37,0.38,0.4,0.4,0.14,0.14,published_asymmetric_table_uncertainty_semantics_not_further_specified_in_v1,virial_balmer_single_epoch,False,,True,balmer_single_epoch_primary_stratum,object_specific,eligible_numeric_mass_with_resolved_identity_and_lensing,eligible_secure_or_probable_primary_comparable_mass,,,,,,,,,,,,,1,GN38509_juodzbalis25,GN-38509,juodzbalis25_jades_blagn,secure,published_blagn_with_robust_detection_and_no_recorded_alternative_interpretation,preferred_measurement_controls_object_status;all_measurement_statuses_retained
v1-dataset-catalogue,HZA-GS-210600,GS210600_juodzbalis25,GS-210600,53.16611,-27.77985,6.306,spec,0.8730973651000311,JADES,broad_line_agn,7.41,0.33,0.34,single-epoch-virial-halpha,individual_robust,8.4,0.61,0.61,beagle-spectral-decomposition,44.29,0.09,0.11,balmer-line-bolometric-correction,-0.9900000000000002,0.6959346233663044,0.057,0.0144999999999999,0.0602045694467599,-0.0237545992099406,consistent,1.0,,,False,False,False,True,lensing,single-epoch-virial,host-sed-with-agn-contamination-risk,balmer-line-bolometric-correction,robust,v1,juodzbalis25_jades_blagn,"Table 2 (BH/Lbol/lambda_Edd), Table 5 (Mstar)",Robust sample; Mstar uses BEAGLE value.,,GOODS-S,,,,,,,,,,,,,,,,,,,0.3,source_stated_single_epoch_virial_calibration_uncertainty,False,,,,"MNRAS 546, stag086 (2026); arXiv:2504.03551",https://arxiv.org/abs/2504.03551,,https://arxiv.org/abs/2504.03551,,not_recorded_in_frozen_v1_source_layer,JADES spectroscopic Type 1 broad-line AGN sample,,,,,,,,,,,,,,,,,,,,,,,,,,,,,,,,,,,,,,,,,,,,,,,,,,,,,,,,,,,,,,secure,published_blagn_with_robust_detection_and_no_recorded_alternative_interpretation,type1_broad_line,broad_balmer_line,,not_reported,True,True,,,,,,,,,,True,only catalogue measurement in this release,singleton assignment,v1 catalogue,HZS-GS-210600,inherited_provisional_one_to_one_no_verified_multinucleus_link,resolved,not_recorded,not_required,,0.33,0.34,0.61,0.61,0.09,0.11,published_asymmetric_table_uncertainty_semantics_not_further_specified_in_v1,virial_balmer_single_epoch,False,,True,balmer_single_epoch_primary_stratum,object_specific,eligible_numeric_mass_with_resolved_identity_and_lensing,eligible_secure_or_probable_primary_comparable_mass,,,,,,,,,,,,,1,GS210600_juodzbalis25,GS-210600,juodzbalis25_jades_blagn,secure,published_blagn_with_robust_detection_and_no_recorded_alternative_interpretation,preferred_measurement_controls_object_status;all_measurement_statuses_retained
v1-dataset-catalogue,HZA-GS-30148179,GS30148179_juodzbalis25,GS-30148179,53.14208,-27.77985,5.922,spec,0.9465948399109976,JADES,broad_line_agn,7.12,0.34,0.35,single-epoch-virial-halpha,individual_robust,8.95,0.58,0.58,beagle-spectral-decomposition,44.25,0.06,0.08,balmer-line-bolometric-correction,-1.8299999999999992,0.6748518355905984,0.11,0.04,0.1070605462374333,0.0117632302757858,consistent,1.0,,,False,False,False,True,lensing,single-epoch-virial,host-sed-with-agn-contamination-risk,balmer-line-bolometric-correction,robust,v1,juodzbalis25_jades_blagn,"Table 2 (BH/Lbol/lambda_Edd), Table 5 (Mstar)",Robust sample; Mstar uses BEAGLE value.,,GOODS-S,,,,,,,,,,,,,,,,,,,0.3,source_stated_single_epoch_virial_calibration_uncertainty,False,,,,"MNRAS 546, stag086 (2026); arXiv:2504.03551",https://arxiv.org/abs/2504.03551,,https://arxiv.org/abs/2504.03551,,not_recorded_in_frozen_v1_source_layer,JADES spectroscopic Type 1 broad-line AGN sample,,,,,,,,,,,,,,,,,,,,,,,,,,,,,,,,,,,,,,,,,,,,,,,,,,,,,,,,,,,,,,secure,published_blagn_with_robust_detection_and_no_recorded_alternative_interpretation,type1_broad_line,broad_balmer_line,,not_reported,True,True,,,,,,,,,,True,only catalogue measurement in this release,singleton assignment,v1 catalogue,HZS-GS-30148179,inherited_provisional_one_to_one_no_verified_multinucleus_link,resolved,not_recorded,not_required,,0.34,0.35,0.58,0.58,0.06,0.08,published_asymmetric_table_uncertainty_semantics_not_further_specified_in_v1,virial_balmer_single_epoch,False,,True,balmer_single_epoch_primary_stratum,object_specific,eligible_numeric_mass_with_resolved_identity_and_lensing,eligible_secure_or_probable_primary_comparable_mass,,,,,,,,,,,,,1,GS30148179_juodzbalis25,GS-30148179,juodzbalis25_jades_blagn,secure,published_blagn_with_robust_detection_and_no_recorded_alternative_interpretation,preferred_measurement_controls_object_status;all_measurement_statuses_retained
v1-dataset-catalogue,HZA-GS-10013704,GS10013704_juodzbalis25,GS-10013704,53.12654,-27.81809,5.919,spec,0.947209215281436,JADES,broad_line_agn,7.44,0.31,0.31,single-epoch-virial-halpha,individual_robust,8.9,0.9,0.9,beagle-spectral-decomposition,44.29,0.02,0.02,balmer-line-bolometric-correction,-1.46,0.951892851112981,0.055,0.0065,0.0561861733638205,-0.0092667653881941,consistent,1.0,,,False,False,False,True,lensing,single-epoch-virial,host-sed-with-agn-contamination-risk,balmer-line-bolometric-correction,robust,v1,juodzbalis25_jades_blagn,"Table 2 (BH/Lbol/lambda_Edd), Table 5 (Mstar)",Robust sample; Mstar uses BEAGLE value.,,GOODS-S,,,,,,,,,,,,,,,,,,,0.3,source_stated_single_epoch_virial_calibration_uncertainty,False,,,,"MNRAS 546, stag086 (2026); arXiv:2504.03551",https://arxiv.org/abs/2504.03551,,https://arxiv.org/abs/2504.03551,,not_recorded_in_frozen_v1_source_layer,JADES spectroscopic Type 1 broad-line AGN sample,,,,,,,,,,,,,,,,,,,,,,,,,,,,,,,,,,,,,,,,,,,,,,,,,,,,,,,,,,,,,,secure,published_blagn_with_robust_detection_and_no_recorded_alternative_interpretation,type1_broad_line,broad_balmer_line,,not_reported,True,True,,,,,,,,,,True,only catalogue measurement in this release,singleton assignment,v1 catalogue,HZS-GS-10013704,inherited_provisional_one_to_one_no_verified_multinucleus_link,resolved,not_recorded,not_required,,0.31,0.31,0.9,0.9,0.02,0.02,published_asymmetric_table_uncertainty_semantics_not_further_specified_in_v1,virial_balmer_single_epoch,False,,True,balmer_single_epoch_primary_stratum,object_specific,eligible_numeric_mass_with_resolved_identity_and_lensing,eligible_secure_or_probable_primary_comparable_mass,,,,,,,,,,,,,1,GS10013704_juodzbalis25,GS-10013704,juodzbalis25_jades_blagn,secure,published_blagn_with_robust_detection_and_no_recorded_alternative_interpretation,preferred_measurement_controls_object_status;all_measurement_statuses_retained
v1-dataset-catalogue,HZA-GN-61888,GN61888_juodzbalis25,GN-61888,189.16802,62.21701,5.874,spec,0.9565050566273134,JADES,broad_line_agn,7.04,0.33,0.32,single-epoch-virial-halpha,individual_robust,8.53,1.73,1.73,beagle-spectral-decomposition,44.38,0.09,0.07,balmer-line-bolometric-correction,-1.489999999999999,1.760262764475804,0.18,0.04,0.1736318749166323,0.015643050220866,consistent,1.0,,,False,False,False,True,lensing,single-epoch-virial,host-sed-with-agn-contamination-risk,balmer-line-bolometric-correction,robust,v1,juodzbalis25_jades_blagn,"Table 2 (BH/Lbol/lambda_Edd), Table 5 (Mstar)",Robust sample; Mstar uses BEAGLE value.,,GOODS-N,,,,,,,,,,,,,,,,,,,0.3,source_stated_single_epoch_virial_calibration_uncertainty,False,,,,"MNRAS 546, stag086 (2026); arXiv:2504.03551",https://arxiv.org/abs/2504.03551,,https://arxiv.org/abs/2504.03551,,not_recorded_in_frozen_v1_source_layer,JADES spectroscopic Type 1 broad-line AGN sample,,,,,,,,,,,,,,,,,,,,,,,,,,,,,,,,,,,,,,,,,,,,,,,,,,,,,,,,,,,,,,secure,published_blagn_with_robust_detection_and_no_recorded_alternative_interpretation,type1_broad_line,broad_balmer_line,,not_reported,True,True,,,,,,,,,,True,only catalogue measurement in this release,singleton assignment,v1 catalogue,HZS-GN-61888,inherited_provisional_one_to_one_no_verified_multinucleus_link,resolved,not_recorded,not_required,,0.33,0.32,1.73,1.73,0.09,0.07,published_asymmetric_table_uncertainty_semantics_not_further_specified_in_v1,virial_balmer_single_epoch,False,,True,balmer_single_epoch_primary_stratum,object_specific,eligible_numeric_mass_with_resolved_identity_and_lensing,eligible_secure_or_probable_primary_comparable_mass,,,,,,,,,,,,,1,GN61888_juodzbalis25,GN-61888,juodzbalis25_jades_blagn,secure,published_blagn_with_robust_detection_and_no_recorded_alternative_interpretation,preferred_measurement_controls_object_status;all_measurement_statuses_retained
v1-dataset-catalogue,HZA-GN-1093,GN1093_juodzbalis25,GN-1093,189.17974,62.22463,5.594,spec,1.017921041692968,JADES,broad_line_agn,7.14,0.34,0.33,single-epoch-virial-halpha,individual_robust,8.43,0.63,0.63,beagle-spectral-decomposition,44.32,0.13,0.11,balmer-line-bolometric-correction,-1.29,0.7135299573248485,0.12,0.035,0.120123908606048,-0.0004482088348115,consistent,1.0,,,False,False,False,True,lensing,single-epoch-virial,host-sed-with-agn-contamination-risk,balmer-line-bolometric-correction,robust,v1,juodzbalis25_jades_blagn,"Table 2 (BH/Lbol/lambda_Edd), Table 5 (Mstar)",Robust sample; Mstar uses BEAGLE value.,,GOODS-N,,,,,,,,,,,,,,,,,,,0.3,source_stated_single_epoch_virial_calibration_uncertainty,False,,,,"MNRAS 546, stag086 (2026); arXiv:2504.03551",https://arxiv.org/abs/2504.03551,,https://arxiv.org/abs/2504.03551,,not_recorded_in_frozen_v1_source_layer,JADES spectroscopic Type 1 broad-line AGN sample,,,,,,,,,,,,,,,,,,,,,,,,,,,,,,,,,,,,,,,,,,,,,,,,,,,,,,,,,,,,,,secure,published_blagn_with_robust_detection_and_no_recorded_alternative_interpretation,type1_broad_line,broad_balmer_line,,not_reported,True,True,,,,,,,,,,True,only catalogue measurement in this release,singleton assignment,v1 catalogue,HZS-GN-1093,inherited_provisional_one_to_one_no_verified_multinucleus_link,resolved,not_recorded,not_required,,0.34,0.33,0.63,0.63,0.13,0.11,published_asymmetric_table_uncertainty_semantics_not_further_specified_in_v1,virial_balmer_single_epoch,False,,True,balmer_single_epoch_primary_stratum,object_specific,eligible_numeric_mass_with_resolved_identity_and_lensing,eligible_secure_or_probable_primary_comparable_mass,,,,,,,,,,,,,1,GN1093_juodzbalis25,GN-1093,juodzbalis25_jades_blagn,secure,published_blagn_with_robust_detection_and_no_recorded_alternative_interpretation,preferred_measurement_controls_object_status;all_measurement_statuses_retained
v1-dataset-catalogue,HZA-GS-204851,GS204851_juodzbalis25,GS-204851,53.13859,-27.79025,5.48,spec,1.044830104321813,JADES,broad_line_agn,7.68,0.32,0.31,single-epoch-virial-halpha,individual_robust,10.74,0.09,0.09,beagle-spectral-decomposition,44.97,0.17,0.12,balmer-line-bolometric-correction,-3.0600000000000005,0.3276049450176233,0.16,0.025,0.1547495714093682,0.0144905277734889,consistent,1.0,,,False,False,False,True,lensing,single-epoch-virial,host-sed-with-agn-contamination-risk,balmer-line-bolometric-correction,robust,v1,juodzbalis25_jades_blagn,"Table 2 (BH/Lbol/lambda_Edd), Table 5 (Mstar)",Robust sample; Mstar uses BEAGLE value.,,GOODS-S,,,,,,,,,,,,,,,,,,,0.3,source_stated_single_epoch_virial_calibration_uncertainty,False,,,,"MNRAS 546, stag086 (2026); arXiv:2504.03551",https://arxiv.org/abs/2504.03551,,https://arxiv.org/abs/2504.03551,,not_recorded_in_frozen_v1_source_layer,JADES spectroscopic Type 1 broad-line AGN sample,,,,,,,,,,,,,,,,,,,,,,,,,,,,,,,,,,,,,,,,,,,,,,,,,,,,,,,,,,,,,,secure,published_blagn_with_robust_detection_and_no_recorded_alternative_interpretation,type1_broad_line,broad_balmer_line,,not_reported,True,True,,,,,,,,,,True,only catalogue measurement in this release,singleton assignment,v1 catalogue,HZS-GS-204851,inherited_provisional_one_to_one_no_verified_multinucleus_link,resolved,not_recorded,not_required,,0.32,0.31,0.09,0.09,0.17,0.12,published_asymmetric_table_uncertainty_semantics_not_further_specified_in_v1,virial_balmer_single_epoch,False,,True,balmer_single_epoch_primary_stratum,object_specific,eligible_numeric_mass_with_resolved_identity_and_lensing,eligible_secure_or_probable_primary_comparable_mass,,,,,,,,,,,,,1,GS204851_juodzbalis25,GS-204851,juodzbalis25_jades_blagn,secure,published_blagn_with_robust_detection_and_no_recorded_alternative_interpretation,preferred_measurement_controls_object_status;all_measurement_statuses_retained
v1-dataset-catalogue,HZA-GN-77652,GN77652_juodzbalis25,GN-77652,189.29323,62.199,5.229,spec,1.108430210684669,JADES,broad_line_agn,6.62,0.34,0.32,single-epoch-virial-halpha,individual_robust,8.36,1.64,1.64,beagle-spectral-decomposition,44.11,0.04,0.05,balmer-line-bolometric-correction,-1.739999999999999,1.6728717822953436,0.24,0.0849999999999999,0.2452615422629842,-0.0094182131708325,consistent,1.0,,,False,False,False,True,lensing,single-epoch-virial,host-sed-with-agn-contamination-risk,balmer-line-bolometric-correction,robust,v1,juodzbalis25_jades_blagn,"Table 2 (BH/Lbol/lambda_Edd), Table 5 (Mstar)",Robust sample; Mstar uses BEAGLE value.,,GOODS-N,,,,,,,,,,,,,,,,,,,0.3,source_stated_single_epoch_virial_calibration_uncertainty,False,,,,"MNRAS 546, stag086 (2026); arXiv:2504.03551",https://arxiv.org/abs/2504.03551,,https://arxiv.org/abs/2504.03551,,not_recorded_in_frozen_v1_source_layer,JADES spectroscopic Type 1 broad-line AGN sample,,,,,,,,,,,,,,,,,,,,,,,,,,,,,,,,,,,,,,,,,,,,,,,,,,,,,,,,,,,,,,secure,published_blagn_with_robust_detection_and_no_recorded_alternative_interpretation,type1_broad_line,broad_balmer_line,,not_reported,True,True,,,,,,,,,,True,only catalogue measurement in this release,singleton assignment,v1 catalogue,HZS-GN-77652,inherited_provisional_one_to_one_no_verified_multinucleus_link,resolved,not_recorded,not_required,,0.34,0.32,1.64,1.64,0.04,0.05,published_asymmetric_table_uncertainty_semantics_not_further_specified_in_v1,virial_balmer_single_epoch,False,,True,balmer_single_epoch_primary_stratum,object_specific,eligible_numeric_mass_with_resolved_identity_and_lensing,eligible_secure_or_probable_primary_comparable_mass,,,,,,,,,,,,,1,GN77652_juodzbalis25,GN-77652,juodzbalis25_jades_blagn,secure,published_blagn_with_robust_detection_and_no_recorded_alternative_interpretation,preferred_measurement_controls_object_status;all_measurement_statuses_retained
v1-dataset-catalogue,HZA-GN-62309,GN62309_juodzbalis25,GN-62309,189.24898,62.21835,5.172,spec,1.123773752688261,JADES,broad_line_agn,6.29,0.36,0.33,single-epoch-virial-halpha,individual_robust,7.78,0.34,0.34,beagle-spectral-decomposition,43.56,0.13,0.12,balmer-line-bolometric-correction,-1.4900000000000002,0.4843810483493341,0.15,0.05,0.1477846933859427,0.0064618041732414,consistent,1.0,,,False,False,False,True,lensing,single-epoch-virial,host-sed-with-agn-contamination-risk,balmer-line-bolometric-correction,robust,v1,juodzbalis25_jades_blagn,"Table 2 (BH/Lbol/lambda_Edd), Table 5 (Mstar)",Robust sample; Mstar uses BEAGLE value.,,GOODS-N,,,,,,,,,,,,,,,,,,,0.3,source_stated_single_epoch_virial_calibration_uncertainty,False,,,,"MNRAS 546, stag086 (2026); arXiv:2504.03551",https://arxiv.org/abs/2504.03551,,https://arxiv.org/abs/2504.03551,,not_recorded_in_frozen_v1_source_layer,JADES spectroscopic Type 1 broad-line AGN sample,,,,,,,,,,,,,,,,,,,,,,,,,,,,,,,,,,,,,,,,,,,,,,,,,,,,,,,,,,,,,,secure,published_blagn_with_robust_detection_and_no_recorded_alternative_interpretation,type1_broad_line,broad_balmer_line,,not_reported,True,True,,,,,,,,,,True,only catalogue measurement in this release,singleton assignment,v1 catalogue,HZS-GN-62309,inherited_provisional_one_to_one_no_verified_multinucleus_link,resolved,not_recorded,not_required,,0.36,0.33,0.34,0.34,0.13,0.12,published_asymmetric_table_uncertainty_semantics_not_further_specified_in_v1,virial_balmer_single_epoch,False,,True,balmer_single_epoch_primary_stratum,object_specific,eligible_numeric_mass_with_resolved_identity_and_lensing,eligible_secure_or_probable_primary_comparable_mass,,,,,,,,,,,,,1,GN62309_juodzbalis25,GN-62309,juodzbalis25_jades_blagn,secure,published_blagn_with_robust_detection_and_no_recorded_alternative_interpretation,preferred_measurement_controls_object_status;all_measurement_statuses_retained
v1-dataset-catalogue,HZA-GS-159717,GS159717_juodzbalis25,GS-159717,53.09753,-27.90126,5.077,spec,1.1501440446728537,JADES,broad_line_agn,7.44,0.3,0.3,single-epoch-virial-halpha,individual_robust,,,,,45.13,0.008,0.008,balmer-line-bolometric-correction,,,0.38,0.04,0.3887133487051199,-0.0098458582656313,consistent,1.0,,,True,False,False,True,mstar;lensing,single-epoch-virial,missing-host-mstar,balmer-line-bolometric-correction,robust,v1,juodzbalis25_jades_blagn,"Table 2 (BH/Lbol/lambda_Edd), Table 5 (Mstar)",Robust sample; BEAGLE Mstar unavailable in Table 5.,,GOODS-S,,,,,,,,,,,,,,,,,,,0.3,source_stated_single_epoch_virial_calibration_uncertainty,False,,,,"MNRAS 546, stag086 (2026); arXiv:2504.03551",https://arxiv.org/abs/2504.03551,,https://arxiv.org/abs/2504.03551,,not_recorded_in_frozen_v1_source_layer,JADES spectroscopic Type 1 broad-line AGN sample,,,,,,,,,,,,,,,,,,,,,,,,,,,,,,,,,,,,,,,,,,,,,,,,,,,,,,,,,,,,,,secure,published_blagn_with_robust_detection_and_no_recorded_alternative_interpretation,type1_broad_line,broad_balmer_line,,not_reported,True,True,,,,,,,,,,True,only catalogue measurement in this release,singleton assignment,v1 catalogue,HZS-GS-159717,inherited_provisional_one_to_one_no_verified_multinucleus_link,resolved,not_recorded,not_required,,0.3,0.3,,,0.008,0.008,published_asymmetric_table_uncertainty_semantics_not_further_specified_in_v1,virial_balmer_single_epoch,False,,True,balmer_single_epoch_primary_stratum,not_published,eligible_numeric_mass_with_resolved_identity_and_lensing,eligible_secure_or_probable_primary_comparable_mass,,,,,,,,,,,,,1,GS159717_juodzbalis25,GS-159717,juodzbalis25_jades_blagn,secure,published_blagn_with_robust_detection_and_no_recorded_alternative_interpretation,preferred_measurement_controls_object_status;all_measurement_statuses_retained
v1-dataset-catalogue,HZA-GS-38562,GS38562_juodzbalis25,GS-38562,53.13586,-27.87165,4.822,spec,1.226259143973555,JADES,broad_line_agn,7.51,0.3,0.31,single-epoch-virial-halpha,individual_robust,9.76,0.09,0.09,beagle-spectral-decomposition,44.7,0.06,0.06,balmer-line-bolometric-correction,-2.25,0.3180015723231569,0.12,0.01,0.1229219538819442,-0.0104482088348166,consistent,1.0,,,False,False,False,True,lensing,single-epoch-virial,host-sed-with-agn-contamination-risk,balmer-line-bolometric-correction,robust,v1,juodzbalis25_jades_blagn,"Table 2 (BH/Lbol/lambda_Edd), Table 5 (Mstar)",Robust sample; Mstar uses BEAGLE value.,,GOODS-S,,,,,,,,,,,,,,,,,,,0.3,source_stated_single_epoch_virial_calibration_uncertainty,False,,,,"MNRAS 546, stag086 (2026); arXiv:2504.03551",https://arxiv.org/abs/2504.03551,,https://arxiv.org/abs/2504.03551,,not_recorded_in_frozen_v1_source_layer,JADES spectroscopic Type 1 broad-line AGN sample,,,,,,,,,,,,,,,,,,,,,,,,,,,,,,,,,,,,,,,,,,,,,,,,,,,,,,,,,,,,,,secure,published_blagn_with_robust_detection_and_no_recorded_alternative_interpretation,type1_broad_line,broad_balmer_line,,not_reported,True,True,,,,,,,,,,True,only catalogue measurement in this release,singleton assignment,v1 catalogue,HZS-GS-38562,inherited_provisional_one_to_one_no_verified_multinucleus_link,resolved,not_recorded,not_required,,0.3,0.31,0.09,0.09,0.06,0.06,published_asymmetric_table_uncertainty_semantics_not_further_specified_in_v1,virial_balmer_single_epoch,False,,True,balmer_single_epoch_primary_stratum,object_specific,eligible_numeric_mass_with_resolved_identity_and_lensing,eligible_secure_or_probable_primary_comparable_mass,,,,,,,,,,,,,1,GS38562_juodzbalis25,GS-38562,juodzbalis25_jades_blagn,secure,published_blagn_with_robust_detection_and_no_recorded_alternative_interpretation,preferred_measurement_controls_object_status;all_measurement_statuses_retained
v1-dataset-catalogue,HZA-GS-8083,GS8083_juodzbalis25,GS-8083,53.13284,-27.80186,4.753,spec,1.2483035089057362,JADES,broad_line_agn,7.1,0.31,0.31,single-epoch-virial-halpha,individual_robust,8.27,0.14,0.13,beagle-spectral-decomposition,44.03,0.04,0.04,balmer-line-bolometric-correction,-1.17,0.3381198012539342,0.07,0.0095,0.0675506379525694,0.0154685851318205,consistent,1.0,,,False,False,False,True,lensing,single-epoch-virial,host-sed-with-agn-contamination-risk,balmer-line-bolometric-correction,robust,v1,juodzbalis25_jades_blagn,"Table 2 (BH/Lbol/lambda_Edd), Table 5 (Mstar)",Robust sample; Mstar uses BEAGLE value.,,GOODS-S,,,,,,,,,,,,,,,,,,,0.3,source_stated_single_epoch_virial_calibration_uncertainty,False,,,,"MNRAS 546, stag086 (2026); arXiv:2504.03551",https://arxiv.org/abs/2504.03551,,https://arxiv.org/abs/2504.03551,,not_recorded_in_frozen_v1_source_layer,JADES spectroscopic Type 1 broad-line AGN sample,,,,,,,,,,,,,,,,,,,,,,,,,,,,,,,,,,,,,,,,,,,,,,,,,,,,,,,,,,,,,,secure,published_blagn_with_robust_detection_and_no_recorded_alternative_interpretation,type1_broad_line,broad_balmer_line,,not_reported,True,True,,,,,,,,,,True,only catalogue measurement in this release,singleton assignment,v1 catalogue,HZS-GS-8083,inherited_provisional_one_to_one_no_verified_multinucleus_link,resolved,not_recorded,not_required,,0.31,0.31,0.14,0.13,0.04,0.04,published_asymmetric_table_uncertainty_semantics_not_further_specified_in_v1,virial_balmer_single_epoch,False,,True,balmer_single_epoch_primary_stratum,object_specific,eligible_numeric_mass_with_resolved_identity_and_lensing,eligible_secure_or_probable_primary_comparable_mass,,,,,,,,,,,,,1,GS8083_juodzbalis25,GS-8083,juodzbalis25_jades_blagn,secure,published_blagn_with_robust_detection_and_no_recorded_alternative_interpretation,preferred_measurement_controls_object_status;all_measurement_statuses_retained
v1-dataset-catalogue,HZA-GS-172975,GS172975_juodzbalis25,GS-172975,53.08773,-27.87124,4.741,spec,1.2522045591007307,JADES,broad_line_agn,7.25,0.32,0.32,single-epoch-virial-halpha,individual_robust,8.98,0.14,0.14,beagle-spectral-decomposition,44.07,0.04,0.04,balmer-line-bolometric-correction,-1.7300000000000004,0.3492849839314596,0.05,0.01,0.0524359879371107,-0.020659450546418,consistent,1.0,,,False,False,False,True,lensing,single-epoch-virial,host-sed-with-agn-contamination-risk,balmer-line-bolometric-correction,robust,v1,juodzbalis25_jades_blagn,"Table 2 (BH/Lbol/lambda_Edd), Table 5 (Mstar)",Robust sample; Mstar uses BEAGLE value.,,GOODS-S,,,,,,,,,,,,,,,,,,,0.3,source_stated_single_epoch_virial_calibration_uncertainty,False,,,,"MNRAS 546, stag086 (2026); arXiv:2504.03551",https://arxiv.org/abs/2504.03551,,https://arxiv.org/abs/2504.03551,,not_recorded_in_frozen_v1_source_layer,JADES spectroscopic Type 1 broad-line AGN sample,,,,,,,,,,,,,,,,,,,,,,,,,,,,,,,,,,,,,,,,,,,,,,,,,,,,,,,,,,,,,,secure,published_blagn_with_robust_detection_and_no_recorded_alternative_interpretation,type1_broad_line,broad_balmer_line,,not_reported,True,True,,,,,,,,,,True,only catalogue measurement in this release,singleton assignment,v1 catalogue,HZS-GS-172975,inherited_provisional_one_to_one_no_verified_multinucleus_link,resolved,not_recorded,not_required,,0.32,0.32,0.14,0.14,0.04,0.04,published_asymmetric_table_uncertainty_semantics_not_further_specified_in_v1,virial_balmer_single_epoch,False,,True,balmer_single_epoch_primary_stratum,object_specific,eligible_numeric_mass_with_resolved_identity_and_lensing,eligible_secure_or_probable_primary_comparable_mass,,,,,,,,,,,,,1,GS172975_juodzbalis25,GS-172975,juodzbalis25_jades_blagn,secure,published_blagn_with_robust_detection_and_no_recorded_alternative_interpretation,preferred_measurement_controls_object_status;all_measurement_statuses_retained
v1-dataset-catalogue,HZA-GN-20621,GN20621_juodzbalis25,GN-20621,189.12252,62.29285,4.682,spec,1.2716827949057186,JADES,broad_line_agn,7.05,0.35,0.34,single-epoch-virial-halpha,individual_robust,8.41,1.58,1.58,beagle-spectral-decomposition,44.17,0.16,0.13,balmer-line-bolometric-correction,-1.3600000000000003,1.617227565928803,0.11,0.04,0.1046235506790809,0.0217632302757838,consistent,1.0,,,False,False,False,True,lensing,single-epoch-virial,host-sed-with-agn-contamination-risk,balmer-line-bolometric-correction,robust,v1,juodzbalis25_jades_blagn,"Table 2 (BH/Lbol/lambda_Edd), Table 5 (Mstar)",Robust sample; Mstar uses BEAGLE value.,,GOODS-N,,,,,,,,,,,,,,,,,,,0.3,source_stated_single_epoch_virial_calibration_uncertainty,False,,,,"MNRAS 546, stag086 (2026); arXiv:2504.03551",https://arxiv.org/abs/2504.03551,,https://arxiv.org/abs/2504.03551,,not_recorded_in_frozen_v1_source_layer,JADES spectroscopic Type 1 broad-line AGN sample,,,,,,,,,,,,,,,,,,,,,,,,,,,,,,,,,,,,,,,,,,,,,,,,,,,,,,,,,,,,,,secure,published_blagn_with_robust_detection_and_no_recorded_alternative_interpretation,type1_broad_line,broad_balmer_line,,not_reported,True,True,,,,,,,,,,True,only catalogue measurement in this release,singleton assignment,v1 catalogue,HZS-GN-20621,inherited_provisional_one_to_one_no_verified_multinucleus_link,resolved,not_recorded,not_required,,0.35,0.34,1.58,1.58,0.16,0.13,published_asymmetric_table_uncertainty_semantics_not_further_specified_in_v1,virial_balmer_single_epoch,False,,True,balmer_single_epoch_primary_stratum,object_specific,eligible_numeric_mass_with_resolved_identity_and_lensing,eligible_secure_or_probable_primary_comparable_mass,,,,,,,,,,,,,1,GN20621_juodzbalis25,GN-20621,juodzbalis25_jades_blagn,secure,published_blagn_with_robust_detection_and_no_recorded_alternative_interpretation,preferred_measurement_controls_object_status;all_measurement_statuses_retained
v1-dataset-catalogue,HZA-GS-200679,GS200679_juodzbalis25,GS-200679,53.11392,-27.8062,4.547,spec,1.318195361019195,JADES,broad_line_agn,6.19,0.6,0.3,single-epoch-virial-halpha,individual_tentative,8.53,0.13,0.13,cigale-spectral-decomposition-extended-host,43.63,0.09,0.39,balmer-line-bolometric-correction,-2.339999999999999,0.4684015371452147,0.23,0.105,0.2185895796300154,0.0220983811351514,consistent,1.0,,,False,False,False,True,lensing,single-epoch-virial,host-sed-with-agn-contamination-risk,balmer-line-bolometric-correction,tentative,v1,juodzbalis25_jades_blagn,"Table 2 (BH/Lbol/lambda_Edd), Table 5 (Mstar)",Tentative sample; source-adopted CIGALE Mstar used because the host is significantly extended.,,GOODS-S,,,,,,,,,,,,,,,,,,,0.3,source_stated_single_epoch_virial_calibration_uncertainty,False,,,,"MNRAS 546, stag086 (2026); arXiv:2504.03551",https://arxiv.org/abs/2504.03551,,https://arxiv.org/abs/2504.03551,,not_recorded_in_frozen_v1_source_layer,JADES spectroscopic Type 1 broad-line AGN sample,,,,,,,,,,,,,,,,,,,,,,,,,,,,,,,,,,,,,,,,,,,,,,,,,,,,,,,,,,,,,,probable,published_blagn_with_tentative_broad_line_detection,type1_broad_line,broad_balmer_line,,not_reported,True,True,,,,,,,,,,True,only catalogue measurement in this release,singleton assignment,v1 catalogue,HZS-GS-200679,inherited_provisional_one_to_one_no_verified_multinucleus_link,resolved,not_recorded,not_required,,0.6,0.3,0.13,0.13,0.09,0.39,published_asymmetric_table_uncertainty_semantics_not_further_specified_in_v1,virial_balmer_single_epoch,False,,True,balmer_single_epoch_primary_stratum,object_specific,eligible_numeric_mass_with_resolved_identity_and_lensing,eligible_secure_or_probable_primary_comparable_mass,,,,,,,,,,,,,1,GS200679_juodzbalis25,GS-200679,juodzbalis25_jades_blagn,probable,published_blagn_with_tentative_broad_line_detection,preferred_measurement_controls_object_status;all_measurement_statuses_retained
v1-dataset-catalogue,HZA-GN-53757,GN53757_juodzbalis25,GN-53757,189.26978,62.19421,4.447,spec,1.354502233183852,JADES,broad_line_agn,7.33,0.31,0.31,single-epoch-virial-halpha,individual_robust,10.38,0.19,0.19,beagle-spectral-decomposition,44.29,0.02,0.02,balmer-line-bolometric-correction,-3.0500000000000007,0.3635931792539568,0.07,0.0095,0.0723818126472944,-0.0145314148681805,consistent,1.0,,,False,False,False,True,lensing,single-epoch-virial,host-sed-with-agn-contamination-risk,balmer-line-bolometric-correction,robust,v1,juodzbalis25_jades_blagn,"Table 2 (BH/Lbol/lambda_Edd), Table 5 (Mstar)",Robust sample; Mstar uses BEAGLE value.,,GOODS-N,,,,,,,,,,,,,,,,,,,0.3,source_stated_single_epoch_virial_calibration_uncertainty,False,,,,"MNRAS 546, stag086 (2026); arXiv:2504.03551",https://arxiv.org/abs/2504.03551,,https://arxiv.org/abs/2504.03551,,not_recorded_in_frozen_v1_source_layer,JADES spectroscopic Type 1 broad-line AGN sample,,,,,,,,,,,,,,,,,,,,,,,,,,,,,,,,,,,,,,,,,,,,,,,,,,,,,,,,,,,,,,secure,published_blagn_with_robust_detection_and_no_recorded_alternative_interpretation,type1_broad_line,broad_balmer_line,,not_reported,True,True,,,,,,,,,,True,only catalogue measurement in this release,singleton assignment,v1 catalogue,HZS-GN-53757,inherited_provisional_one_to_one_no_verified_multinucleus_link,resolved,not_recorded,not_required,,0.31,0.31,0.19,0.19,0.02,0.02,published_asymmetric_table_uncertainty_semantics_not_further_specified_in_v1,virial_balmer_single_epoch,False,,True,balmer_single_epoch_primary_stratum,object_specific,eligible_numeric_mass_with_resolved_identity_and_lensing,eligible_secure_or_probable_primary_comparable_mass,,,,,,,,,,,,,1,GN53757_juodzbalis25,GN-53757,juodzbalis25_jades_blagn,secure,published_blagn_with_robust_detection_and_no_recorded_alternative_interpretation,preferred_measurement_controls_object_status;all_measurement_statuses_retained
v1-dataset-catalogue,HZA-GN-11836,GN11836_juodzbalis25,GN-11836,189.22059,62.26368,4.409,spec,1.3687364986748385,JADES,broad_line_agn,6.06,0.32,0.32,single-epoch-virial-halpha,individual_robust,8.17,0.15,0.15,beagle-spectral-decomposition,44.11,0.05,0.05,balmer-line-bolometric-correction,-2.1100000000000003,0.3534119409414458,0.11,0.025,0.8904908367475832,-0.9082367697242087,inconsistent,1.0,,,False,False,False,True,lensing,single-epoch-virial,host-sed-with-agn-contamination-risk,balmer-line-bolometric-correction,robust,v1,juodzbalis25_jades_blagn,"Table 2 (BH/Lbol/lambda_Edd), Table 5 (Mstar)",Robust sample; Mstar uses BEAGLE value; published Table 2 MBH/Lbol/lambda_Edd triplet is internally inconsistent and is preserved verbatim pending source clarification.,,GOODS-N,,,,,,,,,,,,,,,,,,,0.3,source_stated_single_epoch_virial_calibration_uncertainty,False,,,,"MNRAS 546, stag086 (2026); arXiv:2504.03551",https://arxiv.org/abs/2504.03551,,https://arxiv.org/abs/2504.03551,,not_recorded_in_frozen_v1_source_layer,JADES spectroscopic Type 1 broad-line AGN sample,,,,,,,,,,,,,,,,,,,,,,,,,,,,,,,,,,,,,,,,,,,,,,,,,,,,,,,,,,,,,,secure,published_blagn_with_robust_detection_and_no_recorded_alternative_interpretation,type1_broad_line,broad_balmer_line,,not_reported,True,True,,,,,,,,,,True,only catalogue measurement in this release,singleton assignment,v1 catalogue,HZS-GN-11836,inherited_provisional_one_to_one_no_verified_multinucleus_link,resolved,not_recorded,not_required,,0.32,0.32,0.15,0.15,0.05,0.05,published_asymmetric_table_uncertainty_semantics_not_further_specified_in_v1,virial_balmer_single_epoch,False,,True,balmer_single_epoch_primary_stratum,object_specific,eligible_numeric_mass_with_resolved_identity_and_lensing,eligible_secure_or_probable_primary_comparable_mass,,,,,,,,,,,,,1,GN11836_juodzbalis25,GN-11836,juodzbalis25_jades_blagn,secure,published_blagn_with_robust_detection_and_no_recorded_alternative_interpretation,preferred_measurement_controls_object_status;all_measurement_statuses_retained
v1-dataset-catalogue,HZA-GN-73488,GN73488_juodzbalis25,GN-73488,189.1974,62.17723,4.133,spec,1.4800317329113224,JADES,broad_line_agn,7.83,0.3,0.3,single-epoch-virial-halpha,individual_robust,9.71,0.33,0.33,beagle-spectral-decomposition,45.22,0.07,0.05,balmer-line-bolometric-correction,-1.8800000000000008,0.4459820624195552,0.2,0.01,0.1948181679115103,0.011400540781544,consistent,1.0,,,False,False,False,True,lensing,single-epoch-virial,host-sed-with-agn-contamination-risk,balmer-line-bolometric-correction,robust,v1,juodzbalis25_jades_blagn,"Table 2 (BH/Lbol/lambda_Edd), Table 5 (Mstar)",Robust sample; Mstar uses BEAGLE value.,,GOODS-N,,,,,,,,,,,,,,,,,,,0.3,source_stated_single_epoch_virial_calibration_uncertainty,False,,,,"MNRAS 546, stag086 (2026); arXiv:2504.03551",https://arxiv.org/abs/2504.03551,,https://arxiv.org/abs/2504.03551,,not_recorded_in_frozen_v1_source_layer,JADES spectroscopic Type 1 broad-line AGN sample,,,,,,,,,,,,,,,,,,,,,,,,,,,,,,,,,,,,,,,,,,,,,,,,,,,,,,,,,,,,,,secure,published_blagn_with_robust_detection_and_no_recorded_alternative_interpretation,type1_broad_line,broad_balmer_line,,not_reported,True,True,,,,,,,,,,True,only catalogue measurement in this release,singleton assignment,v1 catalogue,HZS-GN-73488,inherited_provisional_one_to_one_no_verified_multinucleus_link,resolved,not_recorded,not_required,,0.3,0.3,0.33,0.33,0.07,0.05,published_asymmetric_table_uncertainty_semantics_not_further_specified_in_v1,virial_balmer_single_epoch,False,,True,balmer_single_epoch_primary_stratum,object_specific,eligible_numeric_mass_with_resolved_identity_and_lensing,eligible_secure_or_probable_primary_comparable_mass,,,,,,,,,,,,,1,GN73488_juodzbalis25,GN-73488,juodzbalis25_jades_blagn,secure,published_blagn_with_robust_detection_and_no_recorded_alternative_interpretation,preferred_measurement_controls_object_status;all_measurement_statuses_retained
