rank_growth_pressure,rank_followup_priority,catalogue_view,ranking_id,measurement_id,physical_object_id,object_id,redshift,source_key,survey,field,lrd_status,log_mbh_msun,physical_growth_pressure_tier,physical_pressure_score_0_100,measurement_confidence_tier,measurement_confidence_score_0_100,followup_priority_category,catalogue_release,n_measurements,available_measurement_ids,preferred_measurement_flag,preferred_measurement_reason,cosmic_time_gyr,object_class,quality_flag,detection_evidence,source_table,source_paper_version,source_url,source_doi,mbh_method,lrd_flag,halpha_absorption_fit_flag,source_caveat_tags,notes,scenario,scenario_label,scenario_kind,scenario_scope,mbh_delta_dex,reported_statistical_errors_applied,systematic_combined_with_statistical_error,z_seed,epsilon,merger_boost,delta_t_z30_gyr,log_mbh_err_plus_reported,log_mbh_err_minus_reported,mstar_diagnostic_status,lbol_diagnostic_status,edd_ratio_diagnostic_status,log_mstar_msun,log_lbol_erg_s,edd_ratio_reported,log_mbh_mstar_ratio,edd_ratio_consistency_flag,edd_ratio_log_residual_dex,req_fedd_seed1e2_z30_eps0p1_b1,req_fedd_seed1e4_z30_eps0p1_b1,req_fedd_seed1e5_z30_eps0p1_b1,req_log_mseed_fedd0p3_z30_eps0p1_b1,req_log_mseed_fedd1_z30_eps0p1_b1,req_fedd_seed1e2_mbh_minus0p3,req_log_mseed_fedd0p3_mbh_minus0p3,req_fedd_seed1e2_mbh_plus0p3,req_log_mseed_fedd0p3_mbh_plus0p3,req_fedd_seed1e2_taylor_virial_minus0p5,req_log_mseed_fedd0p3_taylor_virial_minus0p5,req_fedd_seed1e2_taylor_virial_plus0p5,req_log_mseed_fedd0p3_taylor_virial_plus0p5,growth_pressure_robustness_0p3,taylor_virial_sensitivity_label,missing_diagnostics_penalized_flag,diagnostic_availability_note,ranking_note
1,1,physical_object,HZA-GN-38509,GN38509_juodzbalis25,HZA-GN-38509,GN-38509,6.678,juodzbalis25_jades_blagn,JADES,,not_reported_by_source,8.57,high,98.44540599147037,high,90,A_robust_high_pressure,expanded-blagn-v1,1,GN38509_juodzbalis25,True,only catalogue measurement in this release,0.8105236210227595,broad-line-agn,robust,individual_robust,"Table 2 (BH/Lbol/lambda_Edd), Table 5 (Mstar)",,,,single-epoch-virial-halpha,,,,Robust sample; Mstar uses BEAGLE value.,baseline,reported MBH,none,all_sources,0.0,False,False,30.0,0.1,1.0,0.7105380908536351,0.37,0.38,available,available,available,9.19,44.84,0.015,-0.6199999999999992,consistent,0.0064618041732414,1.064544199368414,0.7404820382212559,0.578450957647677,6.71850336776117,2.398344559203899,1.0159348751963402,6.418503367761169,1.1131535235404875,7.018503367761171,,,,,robust_high_to_minus0p3,not_applicable_non_taylor_source,False,available;available;available,Observational-triage rank: high growth pressure; high measurement confidence. This is not evidence for a unique seed channel.
2,3,physical_object,HZA-GS-20057765,GS20057765_juodzbalis25,HZA-GS-20057765,GS-20057765,8.913,juodzbalis25_jades_blagn,JADES,,not_reported_by_source,7.33,high,93.77309018057997,low_tentative_stack_supported,35,B_tentative_high_pressure,expanded-blagn-v1,1,GS20057765_juodzbalis25,True,only catalogue measurement in this release,0.5527336017822919,broad-line-agn,tentative,stack_supported_tentative_hbeta,"Table 2 (BH/Lbol/lambda_Edd), Table 5 (Mstar)",,,,single-epoch-virial-hbeta,,,,Tentative broad-Hbeta sample; individual detection not formally significant; stack-supported; Mstar uses BEAGLE value.,baseline,reported MBH,none,all_sources,0.0,False,False,30.0,0.1,1.0,0.45274807161316744,0.62,0.7,available,available,available,7.4,44.16,0.051,-0.0700000000000002,consistent,-0.0220592787844985,1.3553650821669596,0.8467853139992451,0.5924954299153876,6.150244064836379,3.397480216121263,1.2790781169418026,5.850244064836379,1.4316520473921168,6.450244064836379,,,,,robust_high_to_minus0p3,not_applicable_non_taylor_source,False,available;available;available,Observational-triage rank: high growth pressure; low_tentative_stack_supported measurement confidence. This is not evidence for a unique seed channel.
3,2,physical_object,HZA-RUBIES-EGS-49140,RUBIESEGS49140_taylor24,HZA-RUBIES-EGS-49140,RUBIES-EGS-49140,6.685,taylor24_ceers_rubies_blagn,RUBIES,EGS,lrd,8.26,high,87.49084949824412,robust_with_interpretive_caveat,75,B_caveated_high_pressure,expanded-blagn-v1,1,RUBIESEGS49140_taylor24,True,only catalogue measurement in this release,0.8094182196919075,broad-line-agn,robust,individual_robust,Table 1 (Sample of BLAGN),The Astrophysical Journal 986:165 (2025); arXiv:2409.06772v2,https://iopscience.iop.org/article/10.3847/1538-4357/add15b,10.3847/1538-4357/add15b,single-epoch-virial-halpha-reines2013,1.0,1.0,formal_mbh_errors_exclude_virial_systematic;nominal_mass_uncorrected_for_dust;halpha_absorption_component_fit;alternative_non_agn_compact_galaxy_broadening,Nominal Table 1 mass and Halpha flux are uncorrected for dust; formal MBH errors exclude the approximately 0.5 dex virial-calibration systematic. Halpha line fit includes the source-specific narrow absorption component described in Section 3.2. The paper retains this source as BLAGN while noting a published compact-galaxy alternative for its broad lines.,baseline,reported MBH,none,all_sources,0.0,False,False,30.0,0.1,1.0,0.709432689522783,0.02,0.01,unavailable_not_published_in_taylor_table1:mstar,unavailable_not_published_in_taylor_table1:lbol,unavailable_not_published_in_taylor_table1:edd_ratio,,,,,not_evaluable,,1.0158950168929186,0.6913279188440629,0.529044369819635,6.411383785950835,2.0979459531694493,0.9672099521855904,6.111383785950835,1.0645800816002473,6.711383785950836,0.9347532423807046,5.911383785950835,1.0970367914051327,6.911383785950835,robust_high_to_minus0p3,baseline_high_not_robust_to_taylor_minus0p5,False,unavailable_not_published_in_taylor_table1:mstar;unavailable_not_published_in_taylor_table1:lbol;unavailable_not_published_in_taylor_table1:edd_ratio,Observational-triage rank: high growth pressure; robust_with_interpretive_caveat measurement confidence. This is not evidence for a unique seed channel.
4,4,physical_object,HZA-GS-164055,GS164055_juodzbalis25,HZA-GS-164055,GS-164055,7.397,juodzbalis25_jades_blagn,JADES,,not_reported_by_source,7.63,high,75.7772436255635,low_tentative_stack_supported,35,B_tentative_high_pressure,expanded-blagn-v1,1,GS164055_juodzbalis25,True,only catalogue measurement in this release,0.7088155769811714,broad-line-agn,tentative,stack_supported_tentative_hbeta,"Table 2 (BH/Lbol/lambda_Edd), Table 5 (Mstar)",,,,single-epoch-virial-hbeta,,,,Tentative broad-Hbeta sample; individual detection not formally significant; stack-supported; source-adopted CIGALE Mstar used because the host is significantly extended.,baseline,reported MBH,none,all_sources,0.0,False,False,30.0,0.1,1.0,0.6088300468120469,0.59,0.66,available,available,available,7.99,44.21,0.03,-0.3600000000000003,consistent,-0.0025082001627724,1.064628309775132,0.6864299759296144,0.49733080900685567,6.043530821515778,2.341769405052591,1.0078985596983043,5.743530821515778,1.1213580598519597,6.3435308215157775,,,,,robust_high_to_minus0p3,not_applicable_non_taylor_source,False,available;available;available,Observational-triage rank: high growth pressure; low_tentative_stack_supported measurement confidence. This is not evidence for a unique seed channel.
5,5,physical_object,HZA-GS-20030333,GS20030333_juodzbalis25,HZA-GS-20030333,GS-20030333,7.891,juodzbalis25_jades_blagn,JADES,,not_reported_by_source,7.42,high,74.67999599624905,low_tentative_stack_supported,35,B_tentative_high_pressure,expanded-blagn-v1,1,GS20030333_juodzbalis25,True,only catalogue measurement in this release,0.6506319125565291,broad-line-agn,tentative,stack_supported_tentative_hbeta,"Table 2 (BH/Lbol/lambda_Edd), Table 5 (Mstar)",,,,single-epoch-virial-hbeta,,,,Tentative broad-Hbeta sample; individual detection not formally significant; stack-supported; source-adopted CIGALE Mstar used because BEAGLE Mstar is unavailable.,baseline,reported MBH,none,all_sources,0.0,False,False,30.0,0.1,1.0,0.5506463823874046,0.65,0.48,available,available,available,8.61,44.44,0.08,-1.1899999999999995,consistent,-0.016539467890489,1.1332146730828314,0.7150542771113069,0.5059740791255446,5.985143887894973,2.6371462929832443,1.0704906136871029,5.685143887894974,1.19593873247856,6.285143887894973,,,,,robust_high_to_minus0p3,not_applicable_non_taylor_source,False,available;available;available,Observational-triage rank: high growth pressure; low_tentative_stack_supported measurement confidence. This is not evidence for a unique seed channel.
6,9,physical_object,HZA-GN-954,GN954_juodzbalis25,HZA-GN-954,GN-954,6.759,juodzbalis25_jades_blagn,JADES,,not_reported_by_source,7.7,medium,68.7122265884922,high,90,D_systematics_leverage,expanded-blagn-v1,1,GN954_juodzbalis25,True,only catalogue measurement in this release,0.7978843566184635,broad-line-agn,robust,individual_robust,"Table 2 (BH/Lbol/lambda_Edd), Table 5 (Mstar)",,,,single-epoch-virial-halpha,,,,Robust sample; Mstar uses BEAGLE value.,baseline,reported MBH,none,all_sources,0.0,False,False,30.0,0.1,1.0,0.697898826449339,0.31,0.32,available,available,available,10.93,45.17,0.23,-3.2299999999999995,consistent,-0.0079016188648425,0.9403035606779888,0.6103724867558875,0.4454069497948368,5.881438344477782,1.6381278149259382,0.8908138995896736,5.581438344477782,0.9897932217663039,6.181438344477781,,,,,high_only_if_plus0p3,not_applicable_non_taylor_source,False,available;available;available,Observational-triage rank: medium growth pressure; high measurement confidence. This is not evidence for a unique seed channel.
7,6,physical_object,HZA-GN-4685,GN4685_juodzbalis25,HZA-GN-4685,GN-4685,7.415,juodzbalis25_jades_blagn,JADES,,not_reported_by_source,7.36,high,66.38166725891102,low_tentative_stack_supported,35,B_tentative_high_pressure,expanded-blagn-v1,1,GN4685_juodzbalis25,True,only catalogue measurement in this release,0.7065452811411209,broad-line-agn,tentative,stack_supported_tentative_hbeta,"Table 2 (BH/Lbol/lambda_Edd), Table 5 (Mstar)",,,,single-epoch-virial-hbeta,,,,Tentative broad-Hbeta sample; individual detection not formally significant; stack-supported; Mstar uses BEAGLE value.,baseline,reported MBH,none,all_sources,0.0,False,False,30.0,0.1,1.0,0.6065597509719964,0.45,0.42,available,available,available,9.91,44.13,0.045,-2.55,consistent,-0.016416941107096,1.0173652371980322,0.6377513427211544,0.44794439548271564,5.779446683249509,2.091488944165028,0.9604231530265004,5.479446683249509,1.0743073213695635,6.079446683249508,,,,,baseline_high_not_robust_to_minus0p3,not_applicable_non_taylor_source,False,available;available;available,Observational-triage rank: high growth pressure; low_tentative_stack_supported measurement confidence. This is not evidence for a unique seed channel.
8,10,physical_object,HZA-RUBIES-EGS-42046,RUBIESEGS42046_taylor24,HZA-RUBIES-EGS-42046,RUBIES-EGS-42046,5.276,taylor24_ceers_rubies_blagn,RUBIES,EGS,lrd,8.3,medium,60.875632510651556,high,90,D_systematics_leverage,expanded-blagn-v1,1,RUBIESEGS42046_taylor24,True,only catalogue measurement in this release,1.0960386684020111,broad-line-agn,robust,individual_robust,Table 1 (Sample of BLAGN),The Astrophysical Journal 986:165 (2025); arXiv:2409.06772v2,https://iopscience.iop.org/article/10.3847/1538-4357/add15b,10.3847/1538-4357/add15b,single-epoch-virial-halpha-reines2013,1.0,1.0,formal_mbh_errors_exclude_virial_systematic;nominal_mass_uncorrected_for_dust;halpha_absorption_component_fit,Nominal Table 1 mass and Halpha flux are uncorrected for dust; formal MBH errors exclude the approximately 0.5 dex virial-calibration systematic. Halpha line fit includes the source-specific narrow absorption component described in Section 3.2.,baseline,reported MBH,none,all_sources,0.0,False,False,30.0,0.1,1.0,0.9960531382328867,0.02,0.02,unavailable_not_published_in_taylor_table1:mstar,unavailable_not_published_in_taylor_table1:lbol,unavailable_not_published_in_taylor_table1:edd_ratio,,,,,not_evaluable,,0.7281883631027115,0.49701745418121585,0.381431999720468,5.704517710298243,-0.35160763233919035,0.693512726764487,5.404517710298243,0.762863999440936,6.004517710298244,0.6703956358723376,5.204517710298243,0.7859810903330854,6.204517710298243,high_only_if_plus0p3,high_only_if_taylor_plus0p5,False,unavailable_not_published_in_taylor_table1:mstar;unavailable_not_published_in_taylor_table1:lbol;unavailable_not_published_in_taylor_table1:edd_ratio,Observational-triage rank: medium growth pressure; high measurement confidence. This is not evidence for a unique seed channel.
9,11,physical_object,HZA-RUBIES-UDS-807469,RUBIESUDS807469_taylor24,HZA-RUBIES-UDS-807469,RUBIES-UDS-807469,6.778,taylor24_ceers_rubies_blagn,RUBIES,UDS,non_lrd,7.43,medium,59.3788636079503,high,90,E_comparison_anchor,expanded-blagn-v1,1,RUBIESUDS807469_taylor24,True,only catalogue measurement in this release,0.7949670440338809,broad-line-agn,robust,individual_robust,Table 1 (Sample of BLAGN),The Astrophysical Journal 986:165 (2025); arXiv:2409.06772v2,https://iopscience.iop.org/article/10.3847/1538-4357/add15b,10.3847/1538-4357/add15b,single-epoch-virial-halpha-reines2013,0.0,0.0,formal_mbh_errors_exclude_virial_systematic;nominal_mass_uncorrected_for_dust,Nominal Table 1 mass and Halpha flux are uncorrected for dust; formal MBH errors exclude the approximately 0.5 dex virial-calibration systematic.,baseline,reported MBH,none,all_sources,0.0,False,False,30.0,0.1,1.0,0.6949815138647564,0.13,0.11,unavailable_not_published_in_taylor_table1:mstar,unavailable_not_published_in_taylor_table1:lbol,unavailable_not_published_in_taylor_table1:edd_ratio,,,,,not_evaluable,,0.8995229948944198,0.5682069746754808,0.4025489645660111,5.6190401810226085,1.3934672700753605,0.849825591861579,5.319040181022609,0.9492203979272607,5.919040181022608,0.8166939898396851,5.1190401810226085,0.9823519999491548,6.1190401810226085,lower_across_0p3_scenarios,high_only_if_taylor_plus0p5,False,unavailable_not_published_in_taylor_table1:mstar;unavailable_not_published_in_taylor_table1:lbol;unavailable_not_published_in_taylor_table1:edd_ratio,Observational-triage rank: medium growth pressure; high measurement confidence. This is not evidence for a unique seed channel.
10,12,physical_object,HZA-RUBIES-UDS-139709,RUBIESUDS139709_taylor24,HZA-RUBIES-UDS-139709,RUBIES-UDS-139709,5.685,taylor24_ceers_rubies_blagn,RUBIES,UDS,lrd,7.88,medium,55.06849887950944,high,90,E_comparison_anchor,expanded-blagn-v1,1,RUBIESUDS139709_taylor24,True,only catalogue measurement in this release,0.9972576687755248,broad-line-agn,robust,individual_robust,Table 1 (Sample of BLAGN),The Astrophysical Journal 986:165 (2025); arXiv:2409.06772v2,https://iopscience.iop.org/article/10.3847/1538-4357/add15b,10.3847/1538-4357/add15b,single-epoch-virial-halpha-reines2013,1.0,0.0,formal_mbh_errors_exclude_virial_systematic;nominal_mass_uncorrected_for_dust,Nominal Table 1 mass and Halpha flux are uncorrected for dust; formal MBH errors exclude the approximately 0.5 dex virial-calibration systematic.,baseline,reported MBH,none,all_sources,0.0,False,False,30.0,0.1,1.0,0.8972721386064002,0.07,0.07,unavailable_not_published_in_taylor_table1:mstar,unavailable_not_published_in_taylor_table1:lbol,unavailable_not_published_in_taylor_table1:edd_ratio,,,,,not_evaluable,,0.7544645467223257,0.49784395259908565,0.36953365553746553,5.541917968626264,0.08639322875421396,0.7159714576038396,5.2419179686262645,0.7929576358408117,5.841917968626264,0.6903093981915155,5.041917968626264,0.8186196952531356,6.041917968626263,lower_across_0p3_scenarios,high_only_if_taylor_plus0p5,False,unavailable_not_published_in_taylor_table1:mstar;unavailable_not_published_in_taylor_table1:lbol;unavailable_not_published_in_taylor_table1:edd_ratio,Observational-triage rank: medium growth pressure; high measurement confidence. This is not evidence for a unique seed channel.
11,13,physical_object,HZA-CEERS-397,CEERS397_taylor24,HZA-CEERS-397,CEERS-397,6.0,taylor24_ceers_rubies_blagn,CEERS,EGS,non_lrd,7.6,medium,51.24852742210535,high,90,E_comparison_anchor,expanded-blagn-v1,1,CEERS397_taylor24,True,only catalogue measurement in this release,0.9308508079920488,broad-line-agn,robust,individual_robust,Table 1 (Sample of BLAGN),The Astrophysical Journal 986:165 (2025); arXiv:2409.06772v2,https://iopscience.iop.org/article/10.3847/1538-4357/add15b,10.3847/1538-4357/add15b,single-epoch-virial-halpha-reines2013,0.0,0.0,formal_mbh_errors_exclude_virial_systematic;nominal_mass_uncorrected_for_dust,Nominal Table 1 mass and Halpha flux are uncorrected for dust; formal MBH errors exclude the approximately 0.5 dex virial-calibration systematic.,baseline,reported MBH,none,all_sources,0.0,False,False,30.0,0.1,1.0,0.8308652778229244,0.23,0.18,unavailable_not_published_in_taylor_table1:mstar,unavailable_not_published_in_taylor_table1:lbol,unavailable_not_published_in_taylor_table1:edd_ratio,,,,,not_evaluable,,0.7759667460501792,0.4988357653179723,0.360270274951869,5.43495876781895,0.3831958927298338,0.7343970989403483,5.134958767818951,0.8175363931600103,5.73495876781895,0.7066840008671275,4.93495876781895,0.8452494912332311,5.93495876781895,lower_across_0p3_scenarios,lower_across_taylor_0p5_scenarios,False,unavailable_not_published_in_taylor_table1:mstar;unavailable_not_published_in_taylor_table1:lbol;unavailable_not_published_in_taylor_table1:edd_ratio,Observational-triage rank: medium growth pressure; high measurement confidence. This is not evidence for a unique seed channel.
12,14,physical_object,HZA-GS-210600,GS210600_juodzbalis25,HZA-GS-210600,GS-210600,6.306,juodzbalis25_jades_blagn,JADES,,not_reported_by_source,7.41,medium,50.44952775615923,high,90,E_comparison_anchor,expanded-blagn-v1,1,GS210600_juodzbalis25,True,only catalogue measurement in this release,0.8730973651000311,broad-line-agn,robust,individual_robust,"Table 2 (BH/Lbol/lambda_Edd), Table 5 (Mstar)",,,,single-epoch-virial-halpha,,,,Robust sample; Mstar uses BEAGLE value.,baseline,reported MBH,none,all_sources,0.0,False,False,30.0,0.1,1.0,0.7731118349309066,0.33,0.34,available,available,available,8.4,44.29,0.057,-0.9900000000000002,consistent,-0.0237545992099406,0.8056392872456205,0.5078059093359641,0.35888922038113596,5.395450777172458,0.6948359239081929,0.7609642805591722,5.095450777172458,0.8503142939320689,5.695450777172458,,,,,lower_across_0p3_scenarios,not_applicable_non_taylor_source,False,available;available;available,Observational-triage rank: medium growth pressure; high measurement confidence. This is not evidence for a unique seed channel.
13,15,physical_object,HZA-RUBIES-UDS-172350,RUBIESUDS172350_taylor24,HZA-RUBIES-UDS-172350,RUBIES-UDS-172350,5.58,taylor24_ceers_rubies_blagn,RUBIES,UDS,lrd,7.68,medium,45.70091490751154,high,90,E_comparison_anchor,expanded-blagn-v1,1,RUBIESUDS172350_taylor24,True,only catalogue measurement in this release,1.0211632419950871,broad-line-agn,robust,individual_robust,Table 1 (Sample of BLAGN),The Astrophysical Journal 986:165 (2025); arXiv:2409.06772v2,https://iopscience.iop.org/article/10.3847/1538-4357/add15b,10.3847/1538-4357/add15b,single-epoch-virial-halpha-reines2013,1.0,0.0,formal_mbh_errors_exclude_virial_systematic;nominal_mass_uncorrected_for_dust,Nominal Table 1 mass and Halpha flux are uncorrected for dust; formal MBH errors exclude the approximately 0.5 dex virial-calibration systematic.,baseline,reported MBH,none,all_sources,0.0,False,False,30.0,0.1,1.0,0.9211777118259626,0.04,0.04,unavailable_not_published_in_taylor_table1:mstar,unavailable_not_published_in_taylor_table1:lbol,unavailable_not_published_in_taylor_table1:edd_ratio,,,,,not_evaluable,,0.7098892624248124,0.45992825452875175,0.33494775058072135,5.279625617410323,-0.3212479419655878,0.6723951112404032,4.979625617410324,0.7473834136092214,5.579625617410324,0.6473990104507973,4.779625617410323,0.7723795143988277,5.779625617410323,lower_across_0p3_scenarios,lower_across_taylor_0p5_scenarios,False,unavailable_not_published_in_taylor_table1:mstar;unavailable_not_published_in_taylor_table1:lbol;unavailable_not_published_in_taylor_table1:edd_ratio,Observational-triage rank: medium growth pressure; high measurement confidence. This is not evidence for a unique seed channel.
14,16,physical_object,HZA-GS-10013704,GS10013704_juodzbalis25,HZA-GS-10013704,GS-10013704,5.919,juodzbalis25_jades_blagn,JADES,,not_reported_by_source,7.44,medium,44.011877560996815,high,90,E_comparison_anchor,expanded-blagn-v1,1,GS10013704_juodzbalis25,True,only catalogue measurement in this release,0.947209215281436,broad-line-agn,robust,individual_robust,"Table 2 (BH/Lbol/lambda_Edd), Table 5 (Mstar)",,,,single-epoch-virial-halpha,,,,Robust sample; Mstar uses BEAGLE value.,baseline,reported MBH,none,all_sources,0.0,False,False,30.0,0.1,1.0,0.8472236851123115,0.31,0.31,available,available,available,8.9,44.29,0.055,-1.46,consistent,-0.0092667653881941,0.7392417802995618,0.4674617140129583,0.3315716808696565,5.232332571707911,0.08110857235970048,0.6984747703565714,4.93233257170791,0.7800087902425525,5.53233257170791,,,,,lower_across_0p3_scenarios,not_applicable_non_taylor_source,False,available;available;available,Observational-triage rank: medium growth pressure; high measurement confidence. This is not evidence for a unique seed channel.
15,17,physical_object,HZA-GS-204851,GS204851_juodzbalis25,HZA-GS-204851,GS-204851,5.48,juodzbalis25_jades_blagn,JADES,,not_reported_by_source,7.68,medium,43.498403254841364,high,90,E_comparison_anchor,expanded-blagn-v1,1,GS204851_juodzbalis25,True,only catalogue measurement in this release,1.044830104321813,broad-line-agn,robust,individual_robust,"Table 2 (BH/Lbol/lambda_Edd), Table 5 (Mstar)",,,,single-epoch-virial-halpha,,,,Robust sample; Mstar uses BEAGLE value.,baseline,reported MBH,none,all_sources,0.0,False,False,30.0,0.1,1.0,0.9448445741526882,0.32,0.31,available,available,available,10.74,44.97,0.16,-3.0600000000000005,consistent,0.0144905277734889,0.6921076590789973,0.44840777912160384,0.32655783914290715,5.217955291135558,-0.5268156962148058,0.6555526770853881,4.917955291135558,0.7286626410726061,5.517955291135558,,,,,lower_across_0p3_scenarios,not_applicable_non_taylor_source,False,available;available;available,Observational-triage rank: medium growth pressure; high measurement confidence. This is not evidence for a unique seed channel.
16,18,physical_object,HZA-RUBIES-UDS-47509,RUBIESUDS47509_taylor24,HZA-RUBIES-UDS-47509,RUBIES-UDS-47509,5.673,taylor24_ceers_rubies_blagn,RUBIES,UDS,lrd,7.54,medium,42.6757926461835,high,90,E_comparison_anchor,expanded-blagn-v1,1,RUBIESUDS47509_taylor24,True,only catalogue measurement in this release,0.9999423964678454,broad-line-agn,robust,individual_robust,Table 1 (Sample of BLAGN),The Astrophysical Journal 986:165 (2025); arXiv:2409.06772v2,https://iopscience.iop.org/article/10.3847/1538-4357/add15b,10.3847/1538-4357/add15b,single-epoch-virial-halpha-reines2013,1.0,0.0,formal_mbh_errors_exclude_virial_systematic;nominal_mass_uncorrected_for_dust,Nominal Table 1 mass and Halpha flux are uncorrected for dust; formal MBH errors exclude the approximately 0.5 dex virial-calibration systematic.,baseline,reported MBH,none,all_sources,0.0,False,False,30.0,0.1,1.0,0.899956866298721,0.07,0.07,unavailable_not_published_in_taylor_table1:mstar,unavailable_not_published_in_taylor_table1:lbol,unavailable_not_published_in_taylor_table1:edd_ratio,,,,,not_evaluable,,0.7087184893455124,0.45286343904027326,0.32493591388765375,5.194922194093138,-0.2769260196895411,0.6703402317997265,4.894922194093138,0.7470967468912983,5.494922194093138,0.6447547267692026,4.694922194093138,0.772682251921822,5.694922194093137,lower_across_0p3_scenarios,lower_across_taylor_0p5_scenarios,False,unavailable_not_published_in_taylor_table1:mstar;unavailable_not_published_in_taylor_table1:lbol;unavailable_not_published_in_taylor_table1:edd_ratio,Observational-triage rank: medium growth pressure; high measurement confidence. This is not evidence for a unique seed channel.
17,19,physical_object,HZA-RUBIES-UDS-174752,RUBIESUDS174752_taylor24,HZA-RUBIES-UDS-174752,RUBIES-UDS-174752,6.039,taylor24_ceers_rubies_blagn,RUBIES,UDS,non_lrd,7.26,medium,39.901128773527915,high,90,E_comparison_anchor,expanded-blagn-v1,1,RUBIESUDS174752_taylor24,True,only catalogue measurement in this release,0.923141431567787,broad-line-agn,robust,individual_robust,Table 1 (Sample of BLAGN),The Astrophysical Journal 986:165 (2025); arXiv:2409.06772v2,https://iopscience.iop.org/article/10.3847/1538-4357/add15b,10.3847/1538-4357/add15b,single-epoch-virial-halpha-reines2013,0.0,0.0,formal_mbh_errors_exclude_virial_systematic;nominal_mass_uncorrected_for_dust,Nominal Table 1 mass and Halpha flux are uncorrected for dust; formal MBH errors exclude the approximately 0.5 dex virial-calibration systematic.,baseline,reported MBH,none,all_sources,0.0,False,False,30.0,0.1,1.0,0.8231559013986626,0.08,0.08,unavailable_not_published_in_taylor_table1:mstar,unavailable_not_published_in_taylor_table1:lbol,unavailable_not_published_in_taylor_table1:edd_ratio,,,,,not_evaluable,,0.7356806631993589,0.4559541752908573,0.3160909313366066,5.1150476056587815,0.11015868552927177,0.6937216900130835,4.815047605658782,0.777639636385634,5.415047605658781,0.6657490412222334,4.6150476056587815,0.805612285176484,5.6150476056587815,lower_across_0p3_scenarios,lower_across_taylor_0p5_scenarios,False,unavailable_not_published_in_taylor_table1:mstar;unavailable_not_published_in_taylor_table1:lbol;unavailable_not_published_in_taylor_table1:edd_ratio,Observational-triage rank: medium growth pressure; high measurement confidence. This is not evidence for a unique seed channel.
18,20,physical_object,HZA-RUBIES-UDS-182791,RUBIESUDS182791_taylor24,HZA-RUBIES-UDS-182791,RUBIES-UDS-182791,4.718,taylor24_ceers_rubies_blagn,RUBIES,UDS,non_lrd,8.06,medium,37.06979553803169,high,90,E_comparison_anchor,expanded-blagn-v1,1,RUBIESUDS182791_taylor24,True,only catalogue measurement in this release,1.2597384362661206,broad-line-agn,robust,individual_robust,Table 1 (Sample of BLAGN),The Astrophysical Journal 986:165 (2025); arXiv:2409.06772v2,https://iopscience.iop.org/article/10.3847/1538-4357/add15b,10.3847/1538-4357/add15b,single-epoch-virial-halpha-reines2013,0.0,0.0,formal_mbh_errors_exclude_virial_systematic;nominal_mass_uncorrected_for_dust,Nominal Table 1 mass and Halpha flux are uncorrected for dust; formal MBH errors exclude the approximately 0.5 dex virial-calibration systematic.,baseline,reported MBH,none,all_sources,0.0,False,False,30.0,0.1,1.0,1.1597529060969962,0.03,0.03,unavailable_not_published_in_taylor_table1:mstar,unavailable_not_published_in_taylor_table1:lbol,unavailable_not_published_in_taylor_table1:edd_ratio,,,,,not_evaluable,,0.6015792497775773,0.40303824325032406,0.3037677399866974,5.037954275064887,-2.0134857497837118,0.5717980987984893,4.737954275064887,0.6313604007566654,5.337954275064888,0.5519439981457639,4.537954275064887,0.6512145014093906,5.537954275064887,lower_across_0p3_scenarios,lower_across_taylor_0p5_scenarios,False,unavailable_not_published_in_taylor_table1:mstar;unavailable_not_published_in_taylor_table1:lbol;unavailable_not_published_in_taylor_table1:edd_ratio,Observational-triage rank: medium growth pressure; high measurement confidence. This is not evidence for a unique seed channel.
19,21,physical_object,HZA-RUBIES-EGS-60935,RUBIESEGS60935_taylor24,HZA-RUBIES-EGS-60935,RUBIES-EGS-60935,5.287,taylor24_ceers_rubies_blagn,RUBIES,EGS,lrd,7.57,low,35.07100749587441,high,90,F_context,expanded-blagn-v1,1,RUBIESEGS60935_taylor24,True,only catalogue measurement in this release,1.0931717582379288,broad-line-agn,robust,individual_robust,Table 1 (Sample of BLAGN),The Astrophysical Journal 986:165 (2025); arXiv:2409.06772v2,https://iopscience.iop.org/article/10.3847/1538-4357/add15b,10.3847/1538-4357/add15b,single-epoch-virial-halpha-reines2013,1.0,0.0,formal_mbh_errors_exclude_virial_systematic;nominal_mass_uncorrected_for_dust,Nominal Table 1 mass and Halpha flux are uncorrected for dust; formal MBH errors exclude the approximately 0.5 dex virial-calibration systematic.,baseline,reported MBH,none,all_sources,0.0,False,False,30.0,0.1,1.0,0.9931862280688043,0.04,0.04,unavailable_not_published_in_taylor_table1:mstar,unavailable_not_published_in_taylor_table1:lbol,unavailable_not_published_in_taylor_table1:edd_ratio,,,,,not_evaluable,,0.645669392381483,0.4138311904491731,0.2979120894830182,4.981988209884483,-1.0567059670517231,0.6108936620916365,4.681988209884484,0.6804451226713294,5.281988209884483,0.5877098418984055,4.481988209884483,0.7036289428645605,5.481988209884483,lower_across_0p3_scenarios,lower_across_taylor_0p5_scenarios,False,unavailable_not_published_in_taylor_table1:mstar;unavailable_not_published_in_taylor_table1:lbol;unavailable_not_published_in_taylor_table1:edd_ratio,Observational-triage rank: low growth pressure; high measurement confidence. This is not evidence for a unique seed channel.
20,7,physical_object,HZA-CEERS-2782,RUBIESEGS50052_taylor24,HZA-CEERS-2782,RUBIES-EGS-50052,5.24,taylor24_ceers_rubies_blagn,RUBIES,EGS,non_lrd,7.58,low,34.27998488577171,robust_with_interpretive_caveat,75,C_interpretation_or_measurement_check,expanded-blagn-v1,2,RUBIESEGS50052_taylor24;CEERS2782_taylor24,True,preferred duplicate: higher-S/N RUBIES spectrum adopted by Taylor et al.,1.1055092521207228,broad-line-agn,robust,individual_robust,Table 1 (Sample of BLAGN),The Astrophysical Journal 986:165 (2025); arXiv:2409.06772v2,https://iopscience.iop.org/article/10.3847/1538-4357/add15b,10.3847/1538-4357/add15b,single-epoch-virial-halpha-reines2013,0.0,0.0,formal_mbh_errors_exclude_virial_systematic;nominal_mass_uncorrected_for_dust;duplicate_observation;possible_outflow_contribution;source_preferred_duplicate_measurement,"Nominal Table 1 mass and Halpha flux are uncorrected for dust; formal MBH errors exclude the approximately 0.5 dex virial-calibration systematic. Same physical object as CEERS-2782; Taylor et al. use this higher-S/N RUBIES observation. A possible outflow contribution is discussed, but the source is retained as BLAGN.",baseline,reported MBH,none,all_sources,0.0,False,False,30.0,0.1,1.0,1.0055237219515984,0.03,0.03,unavailable_not_published_in_taylor_table1:mstar,unavailable_not_published_in_taylor_table1:lbol,unavailable_not_published_in_taylor_table1:edd_ratio,,,,,not_evaluable,,0.6388921781959334,0.4098985659393265,0.29540175981102296,4.959839576801608,-1.1538680773279761,0.6045431363574423,4.659839576801607,0.6732412200344244,5.259839576801607,0.5816437751317817,4.459839576801608,0.6961405812600852,5.459839576801608,lower_across_0p3_scenarios,lower_across_taylor_0p5_scenarios,False,unavailable_not_published_in_taylor_table1:mstar;unavailable_not_published_in_taylor_table1:lbol;unavailable_not_published_in_taylor_table1:edd_ratio,Observational-triage rank: low growth pressure; robust_with_interpretive_caveat measurement confidence. This is not evidence for a unique seed channel.
21,22,physical_object,HZA-GS-30148179,GS30148179_juodzbalis25,HZA-GS-30148179,GS-30148179,5.922,juodzbalis25_jades_blagn,JADES,,not_reported_by_source,7.12,low,33.02182276046942,high,90,F_context,expanded-blagn-v1,1,GS30148179_juodzbalis25,True,only catalogue measurement in this release,0.9465948399109976,broad-line-agn,robust,individual_robust,"Table 2 (BH/Lbol/lambda_Edd), Table 5 (Mstar)",,,,single-epoch-virial-halpha,,,,Robust sample; Mstar uses BEAGLE value.,baseline,reported MBH,none,all_sources,0.0,False,False,30.0,0.1,1.0,0.846609309741873,0.34,0.35,available,available,available,8.95,44.25,0.11,-1.8299999999999992,consistent,0.0117632302757858,0.696261873125633,0.42428457893593263,0.28829593184108243,4.913933490707102,-0.23355503097632635,0.655465278997178,4.613933490707103,0.7370584672540882,5.213933490707102,,,,,lower_across_0p3_scenarios,not_applicable_non_taylor_source,False,available;available;available,Observational-triage rank: low growth pressure; high measurement confidence. This is not evidence for a unique seed channel.
22,23,physical_object,HZA-CEERS-746,CEERS746_taylor24,HZA-CEERS-746,CEERS-746,5.623,taylor24_ceers_rubies_blagn,CEERS,EGS,lrd,7.29,low,32.69403819299052,high,90,F_context,expanded-blagn-v1,1,CEERS746_taylor24,True,only catalogue measurement in this release,1.011259266287056,broad-line-agn,robust,individual_robust,Table 1 (Sample of BLAGN),The Astrophysical Journal 986:165 (2025); arXiv:2409.06772v2,https://iopscience.iop.org/article/10.3847/1538-4357/add15b,10.3847/1538-4357/add15b,single-epoch-virial-halpha-reines2013,1.0,0.0,formal_mbh_errors_exclude_virial_systematic;nominal_mass_uncorrected_for_dust,Nominal Table 1 mass and Halpha flux are uncorrected for dust; formal MBH errors exclude the approximately 0.5 dex virial-calibration systematic.,baseline,reported MBH,none,all_sources,0.0,False,False,30.0,0.1,1.0,0.9112737361179314,0.16,0.14,unavailable_not_published_in_taylor_table1:mstar,unavailable_not_published_in_taylor_table1:lbol,unavailable_not_published_in_taylor_table1:edd_ratio,,,,,not_evaluable,,0.668332393394149,0.4156547399370038,0.2893159132084312,4.9154330694037345,-0.6252231019875509,0.6304307453755772,4.6154330694037355,0.7062340414127207,5.215433069403735,0.6051629800298626,4.4154330694037345,0.7315018067584352,5.4154330694037345,lower_across_0p3_scenarios,lower_across_taylor_0p5_scenarios,False,unavailable_not_published_in_taylor_table1:mstar;unavailable_not_published_in_taylor_table1:lbol;unavailable_not_published_in_taylor_table1:edd_ratio,Observational-triage rank: low growth pressure; high measurement confidence. This is not evidence for a unique seed channel.
23,24,physical_object,HZA-RUBIES-UDS-29813,RUBIESUDS29813_taylor24,HZA-RUBIES-UDS-29813,RUBIES-UDS-29813,5.44,taylor24_ceers_rubies_blagn,RUBIES,UDS,lrd,7.39,low,32.23637437660409,high,90,F_context,expanded-blagn-v1,1,RUBIESUDS29813_taylor24,True,only catalogue measurement in this release,1.0545534639492895,broad-line-agn,robust,individual_robust,Table 1 (Sample of BLAGN),The Astrophysical Journal 986:165 (2025); arXiv:2409.06772v2,https://iopscience.iop.org/article/10.3847/1538-4357/add15b,10.3847/1538-4357/add15b,single-epoch-virial-halpha-reines2013,1.0,0.0,formal_mbh_errors_exclude_virial_systematic;nominal_mass_uncorrected_for_dust,Nominal Table 1 mass and Halpha flux are uncorrected for dust; formal MBH errors exclude the approximately 0.5 dex virial-calibration systematic.,baseline,reported MBH,none,all_sources,0.0,False,False,30.0,0.1,1.0,0.954567933780165,0.09,0.09,unavailable_not_published_in_taylor_table1:mstar,unavailable_not_published_in_taylor_table1:lbol,unavailable_not_published_in_taylor_table1:edd_ratio,,,,,not_evaluable,,0.6500812153876583,0.40886369576329523,0.28825493595111373,4.902618482544915,-0.9012717248502868,0.6138985874440039,4.602618482544914,0.6862638433313127,5.2026184825449135,0.5897768354815675,4.402618482544915,0.7103855952937491,5.402618482544915,lower_across_0p3_scenarios,lower_across_taylor_0p5_scenarios,False,unavailable_not_published_in_taylor_table1:mstar;unavailable_not_published_in_taylor_table1:lbol;unavailable_not_published_in_taylor_table1:edd_ratio,Observational-triage rank: low growth pressure; high measurement confidence. This is not evidence for a unique seed channel.
24,25,physical_object,HZA-GN-61888,GN61888_juodzbalis25,HZA-GN-61888,GN-61888,5.874,juodzbalis25_jades_blagn,JADES,,not_reported_by_source,7.04,low,31.45438949048337,high,90,F_context,expanded-blagn-v1,1,GN61888_juodzbalis25,True,only catalogue measurement in this release,0.9565050566273134,broad-line-agn,robust,individual_robust,"Table 2 (BH/Lbol/lambda_Edd), Table 5 (Mstar)",,,,single-epoch-virial-halpha,,,,Robust sample; Mstar uses BEAGLE value.,baseline,reported MBH,none,all_sources,0.0,False,False,30.0,0.1,1.0,0.856519526458189,0.33,0.32,available,available,available,8.53,44.38,0.18,-1.489999999999999,consistent,0.015643050220866,0.6774526738858004,0.40862224774064154,0.27420703466806207,4.808109776100934,-0.3996340796635547,0.6371281099640266,4.508109776100934,0.7177772378075741,5.1081097761009335,,,,,lower_across_0p3_scenarios,not_applicable_non_taylor_source,False,available;available;available,Observational-triage rank: low growth pressure; high measurement confidence. This is not evidence for a unique seed channel.
25,26,physical_object,HZA-RUBIES-EGS-37124,RUBIESEGS37124_taylor24,HZA-RUBIES-EGS-37124,RUBIES-EGS-37124,5.682,taylor24_ceers_rubies_blagn,RUBIES,EGS,lrd,7.18,low,30.345947477906094,high,90,F_context,expanded-blagn-v1,1,RUBIESEGS37124_taylor24,True,only catalogue measurement in this release,0.997927725671223,broad-line-agn,robust,individual_robust,Table 1 (Sample of BLAGN),The Astrophysical Journal 986:165 (2025); arXiv:2409.06772v2,https://iopscience.iop.org/article/10.3847/1538-4357/add15b,10.3847/1538-4357/add15b,single-epoch-virial-halpha-reines2013,1.0,0.0,formal_mbh_errors_exclude_virial_systematic;nominal_mass_uncorrected_for_dust,Nominal Table 1 mass and Halpha flux are uncorrected for dust; formal MBH errors exclude the approximately 0.5 dex virial-calibration systematic.,baseline,reported MBH,none,all_sources,0.0,False,False,30.0,0.1,1.0,0.8979421955020985,0.12,0.11,unavailable_not_published_in_taylor_table1:mstar,unavailable_not_published_in_taylor_table1:lbol,unavailable_not_published_in_taylor_table1:edd_ratio,,,,,not_evaluable,,0.6641513697348731,0.4077222694511382,0.2795077193092708,4.840171956552086,-0.6194268114930468,0.625687004692313,4.540171956552086,0.7026157347774332,5.140171956552086,0.6000440946639393,4.340171956552086,0.7282586448058067,5.340171956552086,lower_across_0p3_scenarios,lower_across_taylor_0p5_scenarios,False,unavailable_not_published_in_taylor_table1:mstar;unavailable_not_published_in_taylor_table1:lbol;unavailable_not_published_in_taylor_table1:edd_ratio,Observational-triage rank: low growth pressure; high measurement confidence. This is not evidence for a unique seed channel.
26,27,physical_object,HZA-RUBIES-UDS-19521,RUBIESUDS19521_taylor24,HZA-RUBIES-UDS-19521,RUBIES-UDS-19521,5.669,taylor24_ceers_rubies_blagn,RUBIES,UDS,non_lrd,7.18,low,30.167026909881468,high,90,F_context,expanded-blagn-v1,1,RUBIESUDS19521_taylor24,True,only catalogue measurement in this release,1.0008399784546649,broad-line-agn,robust,individual_robust,Table 1 (Sample of BLAGN),The Astrophysical Journal 986:165 (2025); arXiv:2409.06772v2,https://iopscience.iop.org/article/10.3847/1538-4357/add15b,10.3847/1538-4357/add15b,single-epoch-virial-halpha-reines2013,0.0,0.0,formal_mbh_errors_exclude_virial_systematic;nominal_mass_uncorrected_for_dust,Nominal Table 1 mass and Halpha flux are uncorrected for dust; formal MBH errors exclude the approximately 0.5 dex virial-calibration systematic.,baseline,reported MBH,none,all_sources,0.0,False,False,30.0,0.1,1.0,0.9008544482855404,0.22,0.26,unavailable_not_published_in_taylor_table1:mstar,unavailable_not_published_in_taylor_table1:lbol,unavailable_not_published_in_taylor_table1:edd_ratio,,,,,not_evaluable,,0.6620043229185776,0.40640419823959006,0.2786041359000963,4.83258330466955,-0.6447223177681689,0.6236643042167296,4.532583304669549,0.7003443416204256,5.132583304669549,0.5981042917488306,4.33258330466955,0.7259043540883244,5.33258330466955,lower_across_0p3_scenarios,lower_across_taylor_0p5_scenarios,False,unavailable_not_published_in_taylor_table1:mstar;unavailable_not_published_in_taylor_table1:lbol;unavailable_not_published_in_taylor_table1:edd_ratio,Observational-triage rank: low growth pressure; high measurement confidence. This is not evidence for a unique seed channel.
27,28,physical_object,HZA-RUBIES-EGS-42232,RUBIESEGS42232_taylor24,HZA-RUBIES-EGS-42232,RUBIES-EGS-42232,4.954,taylor24_ceers_rubies_blagn,RUBIES,EGS,lrd,7.67,low,30.01775591502666,high,90,F_context,expanded-blagn-v1,1,RUBIESEGS42232_taylor24,True,only catalogue measurement in this release,1.1858473713401363,broad-line-agn,robust,individual_robust,Table 1 (Sample of BLAGN),The Astrophysical Journal 986:165 (2025); arXiv:2409.06772v2,https://iopscience.iop.org/article/10.3847/1538-4357/add15b,10.3847/1538-4357/add15b,single-epoch-virial-halpha-reines2013,1.0,0.0,formal_mbh_errors_exclude_virial_systematic;nominal_mass_uncorrected_for_dust,Nominal Table 1 mass and Halpha flux are uncorrected for dust; formal MBH errors exclude the approximately 0.5 dex virial-calibration systematic.,baseline,reported MBH,none,all_sources,0.0,False,False,30.0,0.1,1.0,1.085861841171012,0.04,0.03,unavailable_not_published_in_taylor_table1:mstar,unavailable_not_published_in_taylor_table1:lbol,unavailable_not_published_in_taylor_table1:edd_ratio,,,,,not_evaluable,,0.6011656815933784,0.3891142947879539,0.2830886013852416,4.8404971656207465,-1.7616761145975133,0.5693579735725646,4.540497165620746,0.632973389614192,5.140497165620745,0.548152834892022,4.3404971656207465,0.6541785282947344,5.3404971656207465,lower_across_0p3_scenarios,lower_across_taylor_0p5_scenarios,False,unavailable_not_published_in_taylor_table1:mstar;unavailable_not_published_in_taylor_table1:lbol;unavailable_not_published_in_taylor_table1:edd_ratio,Observational-triage rank: low growth pressure; high measurement confidence. This is not evidence for a unique seed channel.
28,29,physical_object,HZA-GN-1093,GN1093_juodzbalis25,HZA-GN-1093,GN-1093,5.594,juodzbalis25_jades_blagn,JADES,,not_reported_by_source,7.14,low,28.72239856634876,high,90,F_context,expanded-blagn-v1,1,GN1093_juodzbalis25,True,only catalogue measurement in this release,1.017921041692968,broad-line-agn,robust,individual_robust,"Table 2 (BH/Lbol/lambda_Edd), Table 5 (Mstar)",,,,single-epoch-virial-halpha,,,,Robust sample; Mstar uses BEAGLE value.,baseline,reported MBH,none,all_sources,0.0,False,False,30.0,0.1,1.0,0.9179355115238436,0.34,0.33,available,available,available,8.43,44.32,0.12,-1.29,consistent,-0.0004482088348115,0.6446687827961851,0.3938248984396928,0.26840295626144667,4.748074035612936,-0.8330865479568805,0.6070422001427113,4.448074035612937,0.682295365449659,5.048074035612936,,,,,lower_across_0p3_scenarios,not_applicable_non_taylor_source,False,available;available;available,Observational-triage rank: low growth pressure; high measurement confidence. This is not evidence for a unique seed channel.
29,30,physical_object,HZA-RUBIES-EGS-926125,RUBIESEGS926125_taylor24,HZA-RUBIES-EGS-926125,RUBIES-EGS-926125,5.284,taylor24_ceers_rubies_blagn,RUBIES,EGS,lrd,7.36,low,27.498358071484137,high,90,F_context,expanded-blagn-v1,1,RUBIESEGS926125_taylor24,True,only catalogue measurement in this release,1.093952405152135,broad-line-agn,robust,individual_robust,Table 1 (Sample of BLAGN),The Astrophysical Journal 986:165 (2025); arXiv:2409.06772v2,https://iopscience.iop.org/article/10.3847/1538-4357/add15b,10.3847/1538-4357/add15b,single-epoch-virial-halpha-reines2013,1.0,0.0,formal_mbh_errors_exclude_virial_systematic;nominal_mass_uncorrected_for_dust,Nominal Table 1 mass and Halpha flux are uncorrected for dust; formal MBH errors exclude the approximately 0.5 dex virial-calibration systematic.,baseline,reported MBH,none,all_sources,0.0,False,False,30.0,0.1,1.0,0.9939668749830105,0.05,0.05,unavailable_not_published_in_taylor_table1:mstar,unavailable_not_published_in_taylor_table1:lbol,unavailable_not_published_in_taylor_table1:edd_ratio,,,,,not_evaluable,,0.620838400608624,0.3891822809785404,0.2733542211634986,4.769954026001556,-1.2734865799948158,0.5860899826641114,4.469954026001556,0.6555868185531364,5.069954026001556,0.562924370701103,4.269954026001556,0.6787524305161449,5.269954026001556,lower_across_0p3_scenarios,lower_across_taylor_0p5_scenarios,False,unavailable_not_published_in_taylor_table1:mstar;unavailable_not_published_in_taylor_table1:lbol;unavailable_not_published_in_taylor_table1:edd_ratio,Observational-triage rank: low growth pressure; high measurement confidence. This is not evidence for a unique seed channel.
30,31,physical_object,HZA-CEERS-672,CEERS672_taylor24,HZA-CEERS-672,CEERS-672,5.666,taylor24_ceers_rubies_blagn,CEERS,EGS,lrd,6.75,low,25.54970074776277,high,90,F_context,expanded-blagn-v1,1,CEERS672_taylor24,True,only catalogue measurement in this release,1.0015140448397233,broad-line-agn,robust,individual_robust,Table 1 (Sample of BLAGN),The Astrophysical Journal 986:165 (2025); arXiv:2409.06772v2,https://iopscience.iop.org/article/10.3847/1538-4357/add15b,10.3847/1538-4357/add15b,single-epoch-virial-halpha-reines2013,1.0,0.0,formal_mbh_errors_exclude_virial_systematic;nominal_mass_uncorrected_for_dust,Nominal Table 1 mass and Halpha flux are uncorrected for dust; formal MBH errors exclude the approximately 0.5 dex virial-calibration systematic.,baseline,reported MBH,none,all_sources,0.0,False,False,30.0,0.1,1.0,0.9015285146705988,0.29,0.26,unavailable_not_published_in_taylor_table1:mstar,unavailable_not_published_in_taylor_table1:lbol,unavailable_not_published_in_taylor_table1:edd_ratio,,,,,not_evaluable,,0.6065964089731533,0.35118739466866766,0.22348288751642487,4.400826844800745,-1.0805771839975167,0.5682850568274805,4.100826844800745,0.6449077611188261,4.700826844800745,0.5427441553970318,3.9008268448007453,0.6704486625492746,4.900826844800745,lower_across_0p3_scenarios,lower_across_taylor_0p5_scenarios,False,unavailable_not_published_in_taylor_table1:mstar;unavailable_not_published_in_taylor_table1:lbol;unavailable_not_published_in_taylor_table1:edd_ratio,Observational-triage rank: low growth pressure; high measurement confidence. This is not evidence for a unique seed channel.
31,32,physical_object,HZA-GS-159717,GS159717_juodzbalis25,HZA-GS-159717,GS-159717,5.077,juodzbalis25_jades_blagn,JADES,,not_reported_by_source,7.44,low,25.126132577281673,high,90,F_context,expanded-blagn-v1,1,GS159717_juodzbalis25,True,only catalogue measurement in this release,1.1501440446728537,broad-line-agn,robust,individual_robust,"Table 2 (BH/Lbol/lambda_Edd), Table 5 (Mstar)",,,,single-epoch-virial-halpha,,,,Robust sample; BEAGLE Mstar unavailable in Table 5.,baseline,reported MBH,none,all_sources,0.0,False,False,30.0,0.1,1.0,1.0501585145037293,0.3,0.3,unavailable_in_source:mstar,available,available,,45.13,0.38,,consistent,-0.0098458582656313,0.5963891513943026,0.3771284339699267,0.2674980752577387,4.703531712163887,-1.681560959453713,0.5635000437806462,4.403531712163887,0.6292782590079591,5.003531712163887,,,,,lower_across_0p3_scenarios,not_applicable_non_taylor_source,False,unavailable_in_source:mstar;available;available,Observational-triage rank: low growth pressure; high measurement confidence. This is not evidence for a unique seed channel.
32,33,physical_object,HZA-RUBIES-UDS-970351,RUBIESUDS970351_taylor24,HZA-RUBIES-UDS-970351,RUBIES-UDS-970351,5.282,taylor24_ceers_rubies_blagn,RUBIES,UDS,lrd,7.11,low,24.29761151148394,high,90,F_context,expanded-blagn-v1,1,RUBIESUDS970351_taylor24,True,only catalogue measurement in this release,1.0944733515566631,broad-line-agn,robust,individual_robust,Table 1 (Sample of BLAGN),The Astrophysical Journal 986:165 (2025); arXiv:2409.06772v2,https://iopscience.iop.org/article/10.3847/1538-4357/add15b,10.3847/1538-4357/add15b,single-epoch-virial-halpha-reines2013,1.0,0.0,formal_mbh_errors_exclude_virial_systematic;nominal_mass_uncorrected_for_dust,Nominal Table 1 mass and Halpha flux are uncorrected for dust; formal MBH errors exclude the approximately 0.5 dex virial-calibration systematic.,baseline,reported MBH,none,all_sources,0.0,False,False,30.0,0.1,1.0,0.9944878213875387,0.17,0.17,unavailable_not_published_in_taylor_table1:mstar,unavailable_not_published_in_taylor_table1:lbol,unavailable_not_published_in_taylor_table1:edd_ratio,,,,,not_evaluable,,0.5915713381378073,0.36003656782946775,0.2442691826752981,4.518596561108432,-1.528011462971894,0.5568411225915563,4.218596561108432,0.626301553684058,4.818596561108432,0.5336876455607223,4.018596561108432,0.649455030714892,5.018596561108432,lower_across_0p3_scenarios,lower_across_taylor_0p5_scenarios,False,unavailable_not_published_in_taylor_table1:mstar;unavailable_not_published_in_taylor_table1:lbol;unavailable_not_published_in_taylor_table1:edd_ratio,Observational-triage rank: low growth pressure; high measurement confidence. This is not evidence for a unique seed channel.
33,34,physical_object,HZA-GS-38562,GS38562_juodzbalis25,HZA-GS-38562,GS-38562,4.822,juodzbalis25_jades_blagn,JADES,,not_reported_by_source,7.51,low,21.93665504135748,high,90,F_context,expanded-blagn-v1,1,GS38562_juodzbalis25,True,only catalogue measurement in this release,1.226259143973555,broad-line-agn,robust,individual_robust,"Table 2 (BH/Lbol/lambda_Edd), Table 5 (Mstar)",,,,single-epoch-virial-halpha,,,,Robust sample; Mstar uses BEAGLE value.,baseline,reported MBH,none,all_sources,0.0,False,False,30.0,0.1,1.0,1.1262736138044307,0.3,0.31,available,available,available,9.76,44.7,0.12,-2.25,consistent,-0.0104482088348166,0.5632398604962897,0.35879707991687415,0.2565756896271664,4.57519350646901,-2.2726883117699668,0.5325734434093774,4.2751935064690105,0.5939062775832019,4.87519350646901,,,,,lower_across_0p3_scenarios,not_applicable_non_taylor_source,False,available;available;available,Observational-triage rank: low growth pressure; high measurement confidence. This is not evidence for a unique seed channel.
34,35,physical_object,HZA-CEERS-1244,CEERS1244_taylor24,HZA-CEERS-1244,CEERS-1244,4.478,taylor24_ceers_rubies_blagn,CEERS,EGS,non_lrd,7.82,low,20.74316356428715,high,90,F_context,expanded-blagn-v1,1,CEERS1244_taylor24,True,only catalogue measurement in this release,1.3430711764202312,broad-line-agn,robust,individual_robust,Table 1 (Sample of BLAGN),The Astrophysical Journal 986:165 (2025); arXiv:2409.06772v2,https://iopscience.iop.org/article/10.3847/1538-4357/add15b,10.3847/1538-4357/add15b,single-epoch-virial-halpha-reines2013,0.0,0.0,formal_mbh_errors_exclude_virial_systematic;nominal_mass_uncorrected_for_dust,Nominal Table 1 mass and Halpha flux are uncorrected for dust; formal MBH errors exclude the approximately 0.5 dex virial-calibration systematic.,baseline,reported MBH,none,all_sources,0.0,False,False,30.0,0.1,1.0,1.2430856462511068,0.03,0.02,unavailable_not_published_in_taylor_table1:mstar,unavailable_not_published_in_taylor_table1:lbol,unavailable_not_published_in_taylor_table1:edd_ratio,,,,,not_evaluable,,0.5390234084690856,0.35379199662403893,0.26117629070151566,4.58080857980004,-2.9773047339998673,0.5112386966923286,4.28080857980004,0.5668081202458425,4.880808579800041,0.4927155555078239,4.08080857980004,0.5853312614303471,5.08080857980004,lower_across_0p3_scenarios,lower_across_taylor_0p5_scenarios,False,unavailable_not_published_in_taylor_table1:mstar;unavailable_not_published_in_taylor_table1:lbol;unavailable_not_published_in_taylor_table1:edd_ratio,Observational-triage rank: low growth pressure; high measurement confidence. This is not evidence for a unique seed channel.
35,36,physical_object,HZA-RUBIES-EGS-13872,RUBIESEGS13872_taylor24,HZA-RUBIES-EGS-13872,RUBIES-EGS-13872,5.262,taylor24_ceers_rubies_blagn,RUBIES,EGS,non_lrd,6.74,low,20.48878990811665,high,90,F_context,expanded-blagn-v1,1,RUBIESEGS13872_taylor24,True,only catalogue measurement in this release,1.0997055860002432,broad-line-agn,robust,individual_robust,Table 1 (Sample of BLAGN),The Astrophysical Journal 986:165 (2025); arXiv:2409.06772v2,https://iopscience.iop.org/article/10.3847/1538-4357/add15b,10.3847/1538-4357/add15b,single-epoch-virial-halpha-reines2013,0.0,0.0,formal_mbh_errors_exclude_virial_systematic;nominal_mass_uncorrected_for_dust,Nominal Table 1 mass and Halpha flux are uncorrected for dust; formal MBH errors exclude the approximately 0.5 dex virial-calibration systematic.,baseline,reported MBH,none,all_sources,0.0,False,False,30.0,0.1,1.0,0.9997200558311187,0.23,0.28,unavailable_not_published_in_taylor_table1:mstar,unavailable_not_published_in_taylor_table1:lbol,unavailable_not_published_in_taylor_table1:edd_ratio,,,,,not_evaluable,,0.5458654788973998,0.3155424920208598,0.20038099858258984,4.134962577827206,-1.9434580739093121,0.5113170308659188,3.8349625778272065,0.5804139269288808,4.434962577827206,0.48828473217826485,3.6349625778272063,0.6034462256165348,4.634962577827206,lower_across_0p3_scenarios,lower_across_taylor_0p5_scenarios,False,unavailable_not_published_in_taylor_table1:mstar;unavailable_not_published_in_taylor_table1:lbol;unavailable_not_published_in_taylor_table1:edd_ratio,Observational-triage rank: low growth pressure; high measurement confidence. This is not evidence for a unique seed channel.
36,37,physical_object,HZA-GN-77652,GN77652_juodzbalis25,HZA-GN-77652,GN-77652,5.229,juodzbalis25_jades_blagn,JADES,,not_reported_by_source,6.62,low,18.95358902332188,high,90,F_context,expanded-blagn-v1,1,GN77652_juodzbalis25,True,only catalogue measurement in this release,1.108430210684669,broad-line-agn,robust,individual_robust,"Table 2 (BH/Lbol/lambda_Edd), Table 5 (Mstar)",,,,single-epoch-virial-halpha,,,,Robust sample; Mstar uses BEAGLE value.,baseline,reported MBH,none,all_sources,0.0,False,False,30.0,0.1,1.0,1.0084446805155447,0.34,0.32,available,available,available,8.36,44.11,0.24,-1.739999999999999,consistent,-0.0094182131708325,0.5274430682798625,0.29911273569117747,0.18494756939683493,3.992228239684468,-2.139239201051775,0.4931935183915599,3.6922282396844683,0.5616926181681653,4.2922282396844675,,,,,lower_across_0p3_scenarios,not_applicable_non_taylor_source,False,available;available;available,Observational-triage rank: low growth pressure; high measurement confidence. This is not evidence for a unique seed channel.
37,38,physical_object,HZA-GS-172975,GS172975_juodzbalis25,HZA-GS-172975,GS-172975,4.741,juodzbalis25_jades_blagn,JADES,,not_reported_by_source,7.25,low,18.714821266187034,high,90,F_context,expanded-blagn-v1,1,GS172975_juodzbalis25,True,only catalogue measurement in this release,1.2522045591007307,broad-line-agn,robust,individual_robust,"Table 2 (BH/Lbol/lambda_Edd), Table 5 (Mstar)",,,,single-epoch-virial-halpha,,,,Robust sample; Mstar uses BEAGLE value.,baseline,reported MBH,none,all_sources,0.0,False,False,30.0,0.1,1.0,1.1522190289316063,0.32,0.32,available,available,available,8.98,44.07,0.05,-1.7300000000000004,consistent,-0.020659450546418,0.5245778551942444,0.32473867226310377,0.22481908079753335,4.247585802746482,-2.7580473241783974,0.4946019777545733,3.9475858027464814,0.5545537326339155,4.547585802746481,,,,,lower_across_0p3_scenarios,not_applicable_non_taylor_source,False,available;available;available,Observational-triage rank: low growth pressure; high measurement confidence. This is not evidence for a unique seed channel.
38,39,physical_object,HZA-RUBIES-EGS-46985,RUBIESEGS46985_taylor24,HZA-RUBIES-EGS-46985,RUBIES-EGS-46985,4.963,taylor24_ceers_rubies_blagn,RUBIES,EGS,non_lrd,6.9,low,18.40072497695864,high,90,F_context,expanded-blagn-v1,1,RUBIESEGS46985_taylor24,True,only catalogue measurement in this release,1.1831727889131478,broad-line-agn,robust,individual_robust,Table 1 (Sample of BLAGN),The Astrophysical Journal 986:165 (2025); arXiv:2409.06772v2,https://iopscience.iop.org/article/10.3847/1538-4357/add15b,10.3847/1538-4357/add15b,single-epoch-virial-halpha-reines2013,0.0,0.0,formal_mbh_errors_exclude_virial_systematic;nominal_mass_uncorrected_for_dust,Nominal Table 1 mass and Halpha flux are uncorrected for dust; formal MBH errors exclude the approximately 0.5 dex virial-calibration systematic.,baseline,reported MBH,none,all_sources,0.0,False,False,30.0,0.1,1.0,1.0831872587440234,0.21,0.2,unavailable_not_published_in_taylor_table1:mstar,unavailable_not_published_in_taylor_table1:lbol,unavailable_not_published_in_taylor_table1:edd_ratio,,,,,not_evaluable,,0.5208086997235036,0.30823372024452267,0.20194623050503213,4.077466503957366,-2.508444986808783,0.48892245280165664,3.7774665039573656,0.5526949466453509,4.377466503957365,0.4676649548537586,3.5774665039573654,0.573952444593249,4.577466503957366,lower_across_0p3_scenarios,lower_across_taylor_0p5_scenarios,False,unavailable_not_published_in_taylor_table1:mstar;unavailable_not_published_in_taylor_table1:lbol;unavailable_not_published_in_taylor_table1:edd_ratio,Observational-triage rank: low growth pressure; high measurement confidence. This is not evidence for a unique seed channel.
39,40,physical_object,HZA-GS-8083,GS8083_juodzbalis25,HZA-GS-8083,GS-8083,4.753,juodzbalis25_jades_blagn,JADES,,not_reported_by_source,7.1,low,17.61009069975248,high,90,F_context,expanded-blagn-v1,1,GS8083_juodzbalis25,True,only catalogue measurement in this release,1.2483035089057362,broad-line-agn,robust,individual_robust,"Table 2 (BH/Lbol/lambda_Edd), Table 5 (Mstar)",,,,single-epoch-virial-halpha,,,,Robust sample; Mstar uses BEAGLE value.,baseline,reported MBH,none,all_sources,0.0,False,False,30.0,0.1,1.0,1.1483179787366118,0.31,0.31,available,available,available,8.27,44.03,0.07,-1.17,consistent,0.0154685851318205,0.5113210883970297,0.31080301451584164,0.21054397757524754,4.107751030186363,-2.8741632327121227,0.4812433773148516,3.8077510301863633,0.541398799479208,4.407751030186363,,,,,lower_across_0p3_scenarios,not_applicable_non_taylor_source,False,available;available;available,Observational-triage rank: low growth pressure; high measurement confidence. This is not evidence for a unique seed channel.
40,41,physical_object,HZA-RUBIES-EGS-29489,RUBIESEGS29489_taylor24,HZA-RUBIES-EGS-29489,RUBIES-EGS-29489,4.543,taylor24_ceers_rubies_blagn,RUBIES,EGS,lrd,7.39,low,17.39989447463301,high,90,F_context,expanded-blagn-v1,1,RUBIESEGS29489_taylor24,True,only catalogue measurement in this release,1.319616479433939,broad-line-agn,robust,individual_robust,Table 1 (Sample of BLAGN),The Astrophysical Journal 986:165 (2025); arXiv:2409.06772v2,https://iopscience.iop.org/article/10.3847/1538-4357/add15b,10.3847/1538-4357/add15b,single-epoch-virial-halpha-reines2013,1.0,0.0,formal_mbh_errors_exclude_virial_systematic;nominal_mass_uncorrected_for_dust,Nominal Table 1 mass and Halpha flux are uncorrected for dust; formal MBH errors exclude the approximately 0.5 dex virial-calibration systematic.,baseline,reported MBH,none,all_sources,0.0,False,False,30.0,0.1,1.0,1.2196309492648143,0.08,0.09,unavailable_not_published_in_taylor_table1:mstar,unavailable_not_published_in_taylor_table1:lbol,unavailable_not_published_in_taylor_table1:edd_ratio,,,,,not_evaluable,,0.5087987336955961,0.3200051404875827,0.225608343883576,4.2119260526551985,-3.2035798244826728,0.48047969471439417,3.9119260526551987,0.5371177726767982,4.511926052655198,0.46160033539359274,3.7119260526551985,0.5559971319975996,4.7119260526551985,lower_across_0p3_scenarios,lower_across_taylor_0p5_scenarios,False,unavailable_not_published_in_taylor_table1:mstar;unavailable_not_published_in_taylor_table1:lbol;unavailable_not_published_in_taylor_table1:edd_ratio,Observational-triage rank: low growth pressure; high measurement confidence. This is not evidence for a unique seed channel.
41,42,physical_object,HZA-RUBIES-EGS-45599,RUBIESEGS45599_taylor24,HZA-RUBIES-EGS-45599,RUBIES-EGS-45599,4.862,taylor24_ceers_rubies_blagn,RUBIES,EGS,non_lrd,6.86,low,16.863727283703348,high,90,F_context,expanded-blagn-v1,1,RUBIESEGS45599_taylor24,True,only catalogue measurement in this release,1.2137742718438405,broad-line-agn,robust,individual_robust,Table 1 (Sample of BLAGN),The Astrophysical Journal 986:165 (2025); arXiv:2409.06772v2,https://iopscience.iop.org/article/10.3847/1538-4357/add15b,10.3847/1538-4357/add15b,single-epoch-virial-halpha-reines2013,0.0,0.0,formal_mbh_errors_exclude_virial_systematic;nominal_mass_uncorrected_for_dust,Nominal Table 1 mass and Halpha flux are uncorrected for dust; formal MBH errors exclude the approximately 0.5 dex virial-calibration systematic.,baseline,reported MBH,none,all_sources,0.0,False,False,30.0,0.1,1.0,1.113788741674716,0.13,0.13,unavailable_not_published_in_taylor_table1:mstar,unavailable_not_published_in_taylor_table1:lbol,unavailable_not_published_in_taylor_table1:edd_ratio,,,,,not_evaluable,,0.5023647274044402,0.2956302716824483,0.19226304382145243,3.957726172908227,-2.814246090305912,0.47135455904614143,3.657726172908227,0.5333748957627389,4.257726172908226,0.4506811134739422,3.457726172908227,0.5540483413349382,4.457726172908227,lower_across_0p3_scenarios,lower_across_taylor_0p5_scenarios,False,unavailable_not_published_in_taylor_table1:mstar;unavailable_not_published_in_taylor_table1:lbol;unavailable_not_published_in_taylor_table1:edd_ratio,Observational-triage rank: low growth pressure; high measurement confidence. This is not evidence for a unique seed channel.
42,43,physical_object,HZA-GN-20621,GN20621_juodzbalis25,HZA-GN-20621,GN-20621,4.682,juodzbalis25_jades_blagn,JADES,,not_reported_by_source,7.05,low,16.350466077351758,high,90,F_context,expanded-blagn-v1,1,GN20621_juodzbalis25,True,only catalogue measurement in this release,1.2716827949057186,broad-line-agn,robust,individual_robust,"Table 2 (BH/Lbol/lambda_Edd), Table 5 (Mstar)",,,,single-epoch-virial-halpha,,,,Robust sample; Mstar uses BEAGLE value.,baseline,reported MBH,none,all_sources,0.0,False,False,30.0,0.1,1.0,1.1716972647365942,0.35,0.34,available,available,available,8.41,44.17,0.11,-1.3600000000000003,consistent,0.0217632302757838,0.4962055929282211,0.29968852642199495,0.20142999316888183,3.9968300607825813,-3.1272331307247283,0.4667280329522872,3.6968300607825815,0.5256831529041549,4.296830060782581,,,,,lower_across_0p3_scenarios,not_applicable_non_taylor_source,False,available;available;available,Observational-triage rank: low growth pressure; high measurement confidence. This is not evidence for a unique seed channel.
43,44,physical_object,HZA-RUBIES-EGS-17146,RUBIESEGS17146_taylor24,HZA-RUBIES-EGS-17146,RUBIES-EGS-17146,5.0,taylor24_ceers_rubies_blagn,RUBIES,EGS,non_lrd,6.6,low,16.1573536518406,high,90,F_context,expanded-blagn-v1,1,RUBIESEGS17146_taylor24,True,only catalogue measurement in this release,1.1722819008829126,broad-line-agn,robust,individual_robust,Table 1 (Sample of BLAGN),The Astrophysical Journal 986:165 (2025); arXiv:2409.06772v2,https://iopscience.iop.org/article/10.3847/1538-4357/add15b,10.3847/1538-4357/add15b,single-epoch-virial-halpha-reines2013,0.0,0.0,formal_mbh_errors_exclude_virial_systematic;nominal_mass_uncorrected_for_dust,Nominal Table 1 mass and Halpha flux are uncorrected for dust; formal MBH errors exclude the approximately 0.5 dex virial-calibration systematic.,baseline,reported MBH,none,all_sources,0.0,False,False,30.0,0.1,1.0,1.0722963707137882,0.25,0.15,unavailable_not_published_in_taylor_table1:mstar,unavailable_not_published_in_taylor_table1:lbol,unavailable_not_published_in_taylor_table1:edd_ratio,,,,,not_evaluable,,0.4938882438220872,0.27915422476900575,0.17178721524246504,3.8058456194047086,-2.713847935317638,0.46167814096412485,3.5058456194047087,0.5260983466800493,4.105845619404708,0.44020473905881674,3.3058456194047086,0.5475717485853574,4.305845619404709,lower_across_0p3_scenarios,lower_across_taylor_0p5_scenarios,False,unavailable_not_published_in_taylor_table1:mstar;unavailable_not_published_in_taylor_table1:lbol;unavailable_not_published_in_taylor_table1:edd_ratio,Observational-triage rank: low growth pressure; high measurement confidence. This is not evidence for a unique seed channel.
44,45,physical_object,HZA-GN-53757,GN53757_juodzbalis25,HZA-GN-53757,GN-53757,4.447,juodzbalis25_jades_blagn,JADES,,not_reported_by_source,7.33,low,15.761974034056184,high,90,F_context,expanded-blagn-v1,1,GN53757_juodzbalis25,True,only catalogue measurement in this release,1.354502233183852,broad-line-agn,robust,individual_robust,"Table 2 (BH/Lbol/lambda_Edd), Table 5 (Mstar)",,,,single-epoch-virial-halpha,,,,Robust sample; Mstar uses BEAGLE value.,baseline,reported MBH,none,all_sources,0.0,False,False,30.0,0.1,1.0,1.2545167030147277,0.31,0.31,available,available,available,10.38,44.29,0.07,-3.0500000000000007,consistent,-0.0145314148681805,0.48914368840867417,0.3056000905067327,0.2138282915557619,4.06102191055146,-3.5665936314951363,0.461612148723383,3.76102191055146,0.5166752280939654,4.361021910551459,,,,,lower_across_0p3_scenarios,not_applicable_non_taylor_source,False,available;available;available,Observational-triage rank: low growth pressure; high measurement confidence. This is not evidence for a unique seed channel.
45,46,physical_object,HZA-GN-73488,GN73488_juodzbalis25,HZA-GN-73488,GN-73488,4.133,juodzbalis25_jades_blagn,JADES,,not_reported_by_source,7.83,low,15.53025865330091,high,90,F_context,expanded-blagn-v1,1,GN73488_juodzbalis25,True,only catalogue measurement in this release,1.4800317329113224,broad-line-agn,robust,individual_robust,"Table 2 (BH/Lbol/lambda_Edd), Table 5 (Mstar)",,,,single-epoch-virial-halpha,,,,Robust sample; Mstar uses BEAGLE value.,baseline,reported MBH,none,all_sources,0.0,False,False,30.0,0.1,1.0,1.380046202742198,0.3,0.3,available,available,available,9.71,45.22,0.2,-1.8800000000000008,consistent,0.011400540781544,0.4863631038396109,0.3195146977196758,0.2360904946597082,4.233921296265163,-4.156929012449458,0.4613358429216207,3.9339212962651633,0.5113903647576012,4.533921296265164,,,,,lower_across_0p3_scenarios,not_applicable_non_taylor_source,False,available;available;available,Observational-triage rank: low growth pressure; high measurement confidence. This is not evidence for a unique seed channel.
46,47,physical_object,HZA-GN-62309,GN62309_juodzbalis25,HZA-GN-62309,GN-62309,5.172,juodzbalis25_jades_blagn,JADES,,not_reported_by_source,6.29,low,15.202365715824826,high,90,F_context,expanded-blagn-v1,1,GN62309_juodzbalis25,True,only catalogue measurement in this release,1.123773752688261,broad-line-agn,robust,individual_robust,"Table 2 (BH/Lbol/lambda_Edd), Table 5 (Mstar)",,,,single-epoch-virial-halpha,,,,Robust sample; Mstar uses BEAGLE value.,baseline,reported MBH,none,all_sources,0.0,False,False,30.0,0.1,1.0,1.0237882225191366,0.36,0.33,available,available,available,7.78,43.56,0.15,-1.4900000000000002,consistent,0.0064618041732414,0.4824283885898979,0.2575200489209478,0.1450658790864728,3.6222465459344035,-2.602511513551989,0.44869213763955546,3.3222465459344037,0.5161646395402403,3.9222465459344034,,,,,lower_across_0p3_scenarios,not_applicable_non_taylor_source,False,available;available;available,Observational-triage rank: low growth pressure; high measurement confidence. This is not evidence for a unique seed channel.
47,48,physical_object,HZA-RUBIES-EGS-6411,RUBIESEGS6411_taylor24,HZA-RUBIES-EGS-6411,RUBIES-EGS-6411,4.88,taylor24_ceers_rubies_blagn,RUBIES,EGS,non_lrd,6.49,low,13.870241568163827,high,90,F_context,expanded-blagn-v1,1,RUBIESEGS6411_taylor24,True,only catalogue measurement in this release,1.2082248338162374,broad-line-agn,robust,individual_robust,Table 1 (Sample of BLAGN),The Astrophysical Journal 986:165 (2025); arXiv:2409.06772v2,https://iopscience.iop.org/article/10.3847/1538-4357/add15b,10.3847/1538-4357/add15b,single-epoch-virial-halpha-reines2013,0.0,0.0,formal_mbh_errors_exclude_virial_systematic;nominal_mass_uncorrected_for_dust,Nominal Table 1 mass and Halpha flux are uncorrected for dust; formal MBH errors exclude the approximately 0.5 dex virial-calibration systematic.,baseline,reported MBH,none,all_sources,0.0,False,False,30.0,0.1,1.0,1.108239303647113,0.16,0.16,unavailable_not_published_in_taylor_table1:mstar,unavailable_not_published_in_taylor_table1:lbol,unavailable_not_published_in_taylor_table1:edd_ratio,,,,,not_evaluable,,0.4664428988179659,0.2586732334202083,0.15478840072132946,3.60218671478654,-3.1360442840448695,0.4352774490083023,3.30218671478654,0.49760834862762954,3.9021867147865397,0.41450048246852655,3.10218671478654,0.5183853151674054,4.10218671478654,lower_across_0p3_scenarios,lower_across_taylor_0p5_scenarios,False,unavailable_not_published_in_taylor_table1:mstar;unavailable_not_published_in_taylor_table1:lbol;unavailable_not_published_in_taylor_table1:edd_ratio,Observational-triage rank: low growth pressure; high measurement confidence. This is not evidence for a unique seed channel.
48,49,physical_object,HZA-RUBIES-EGS-28812,RUBIESEGS28812_taylor24,HZA-RUBIES-EGS-28812,RUBIES-EGS-28812,4.222,taylor24_ceers_rubies_blagn,RUBIES,EGS,non_lrd,7.35,low,13.231692796886414,high,90,F_context,expanded-blagn-v1,1,RUBIESEGS28812_taylor24,True,only catalogue measurement in this release,1.442548613560481,broad-line-agn,robust,individual_robust,Table 1 (Sample of BLAGN),The Astrophysical Journal 986:165 (2025); arXiv:2409.06772v2,https://iopscience.iop.org/article/10.3847/1538-4357/add15b,10.3847/1538-4357/add15b,single-epoch-virial-halpha-reines2013,0.0,1.0,formal_mbh_errors_exclude_virial_systematic;nominal_mass_uncorrected_for_dust;halpha_absorption_component_fit,Nominal Table 1 mass and Halpha flux are uncorrected for dust; formal MBH errors exclude the approximately 0.5 dex virial-calibration systematic. Halpha line fit includes the source-specific narrow absorption component described in Section 3.2.,baseline,reported MBH,none,all_sources,0.0,False,False,30.0,0.1,1.0,1.3425630833913567,0.04,0.04,unavailable_not_published_in_taylor_table1:mstar,unavailable_not_published_in_taylor_table1:lbol,unavailable_not_published_in_taylor_table1:edd_ratio,,,,,not_evaluable,,0.45878031356263693,0.28727365428688484,0.20152032464900876,3.8515935676567112,-4.311354774477628,0.43305431467127414,3.5515935676567114,0.4845063124539997,4.151593567656711,0.41590364874369895,3.3515935676567112,0.5016569783815751,4.351593567656711,lower_across_0p3_scenarios,lower_across_taylor_0p5_scenarios,False,unavailable_not_published_in_taylor_table1:mstar;unavailable_not_published_in_taylor_table1:lbol;unavailable_not_published_in_taylor_table1:edd_ratio,Observational-triage rank: low growth pressure; high measurement confidence. This is not evidence for a unique seed channel.
49,50,physical_object,HZA-RUBIES-UDS-19484,RUBIESUDS19484_taylor24,HZA-RUBIES-UDS-19484,RUBIES-UDS-19484,4.656,taylor24_ceers_rubies_blagn,RUBIES,UDS,lrd,6.62,low,12.549316803542556,high,90,F_context,expanded-blagn-v1,1,RUBIESUDS19484_taylor24,True,only catalogue measurement in this release,1.2804267955067032,broad-line-agn,robust,individual_robust,Table 1 (Sample of BLAGN),The Astrophysical Journal 986:165 (2025); arXiv:2409.06772v2,https://iopscience.iop.org/article/10.3847/1538-4357/add15b,10.3847/1538-4357/add15b,single-epoch-virial-halpha-reines2013,1.0,0.0,formal_mbh_errors_exclude_virial_systematic;nominal_mass_uncorrected_for_dust,Nominal Table 1 mass and Halpha flux are uncorrected for dust; formal MBH errors exclude the approximately 0.5 dex virial-calibration systematic.,baseline,reported MBH,none,all_sources,0.0,False,False,30.0,0.1,1.0,1.1804412653375789,0.19,0.22,unavailable_not_published_in_taylor_table1:mstar,unavailable_not_published_in_taylor_table1:lbol,unavailable_not_published_in_taylor_table1:edd_ratio,,,,,not_evaluable,,0.45059180164251067,0.25553041565008183,0.15799972265386739,3.544045233517984,-3.6331825549400554,0.42133259374364646,3.2440452335179844,0.47985100954137505,3.844045233517984,0.4018264551444035,3.044045233517984,0.49935714814061793,4.044045233517984,lower_across_0p3_scenarios,lower_across_taylor_0p5_scenarios,False,unavailable_not_published_in_taylor_table1:mstar;unavailable_not_published_in_taylor_table1:lbol;unavailable_not_published_in_taylor_table1:edd_ratio,Observational-triage rank: low growth pressure; high measurement confidence. This is not evidence for a unique seed channel.
50,51,physical_object,HZA-RUBIES-UDS-119957,RUBIESUDS119957_taylor24,HZA-RUBIES-UDS-119957,RUBIES-UDS-119957,4.149,taylor24_ceers_rubies_blagn,RUBIES,UDS,lrd,7.19,low,11.261136260834359,high,90,F_context,expanded-blagn-v1,1,RUBIESUDS119957_taylor24,True,only catalogue measurement in this release,1.4731747837496332,broad-line-agn,robust,individual_robust,Table 1 (Sample of BLAGN),The Astrophysical Journal 986:165 (2025); arXiv:2409.06772v2,https://iopscience.iop.org/article/10.3847/1538-4357/add15b,10.3847/1538-4357/add15b,single-epoch-virial-halpha-reines2013,1.0,0.0,formal_mbh_errors_exclude_virial_systematic;nominal_mass_uncorrected_for_dust,Nominal Table 1 mass and Halpha flux are uncorrected for dust; formal MBH errors exclude the approximately 0.5 dex virial-calibration systematic.,baseline,reported MBH,none,all_sources,0.0,False,False,30.0,0.1,1.0,1.3731892535805088,0.06,0.05,unavailable_not_published_in_taylor_table1:mstar,unavailable_not_published_in_taylor_table1:lbol,unavailable_not_published_in_taylor_table1:edd_ratio,,,,,not_evaluable,,0.4351336351300123,0.2674520801666164,0.1836113026849185,3.61178890736684,-4.737370308777201,0.4099814018855029,3.3117889073668403,0.4602858683745216,3.91178890736684,0.3932132463891633,3.11178890736684,0.47705402387086127,4.11178890736684,lower_across_0p3_scenarios,lower_across_taylor_0p5_scenarios,False,unavailable_not_published_in_taylor_table1:mstar;unavailable_not_published_in_taylor_table1:lbol;unavailable_not_published_in_taylor_table1:edd_ratio,Observational-triage rank: low growth pressure; high measurement confidence. This is not evidence for a unique seed channel.
51,52,physical_object,HZA-RUBIES-UDS-31747,RUBIESUDS31747_taylor24,HZA-RUBIES-UDS-31747,RUBIES-UDS-31747,4.13,taylor24_ceers_rubies_blagn,RUBIES,UDS,lrd,7.17,low,10.908321132651999,high,90,F_context,expanded-blagn-v1,1,RUBIESUDS31747_taylor24,True,only catalogue measurement in this release,1.4813233087212372,broad-line-agn,robust,individual_robust,Table 1 (Sample of BLAGN),The Astrophysical Journal 986:165 (2025); arXiv:2409.06772v2,https://iopscience.iop.org/article/10.3847/1538-4357/add15b,10.3847/1538-4357/add15b,single-epoch-virial-halpha-reines2013,1.0,0.0,formal_mbh_errors_exclude_virial_systematic;nominal_mass_uncorrected_for_dust,Nominal Table 1 mass and Halpha flux are uncorrected for dust; formal MBH errors exclude the approximately 0.5 dex virial-calibration systematic.,baseline,reported MBH,none,all_sources,0.0,False,False,30.0,0.1,1.0,1.3813377785521128,0.05,0.05,unavailable_not_published_in_taylor_table1:mstar,unavailable_not_published_in_taylor_table1:lbol,unavailable_not_published_in_taylor_table1:edd_ratio,,,,,not_evaluable,,0.430899853591824,0.26420745374972576,0.18086125382867663,3.5705557507819283,-4.828147497393571,0.40589599361550927,3.2705557507819285,0.4559037135681388,3.870555750781928,0.3892267536312995,3.0705557507819283,0.47257295355234863,4.070555750781928,lower_across_0p3_scenarios,lower_across_taylor_0p5_scenarios,False,unavailable_not_published_in_taylor_table1:mstar;unavailable_not_published_in_taylor_table1:lbol;unavailable_not_published_in_taylor_table1:edd_ratio,Observational-triage rank: low growth pressure; high measurement confidence. This is not evidence for a unique seed channel.
52,53,physical_object,HZA-RUBIES-UDS-35974,RUBIESUDS35974_taylor24,HZA-RUBIES-UDS-35974,RUBIES-UDS-35974,4.367,taylor24_ceers_rubies_blagn,RUBIES,UDS,non_lrd,6.8,low,10.84418055129983,high,90,F_context,expanded-blagn-v1,1,RUBIESUDS35974_taylor24,True,only catalogue measurement in this release,1.384760384875935,broad-line-agn,robust,individual_robust,Table 1 (Sample of BLAGN),The Astrophysical Journal 986:165 (2025); arXiv:2409.06772v2,https://iopscience.iop.org/article/10.3847/1538-4357/add15b,10.3847/1538-4357/add15b,single-epoch-virial-halpha-reines2013,0.0,0.0,formal_mbh_errors_exclude_virial_systematic;nominal_mass_uncorrected_for_dust,Nominal Table 1 mass and Halpha flux are uncorrected for dust; formal MBH errors exclude the approximately 0.5 dex virial-calibration systematic.,baseline,reported MBH,none,all_sources,0.0,False,False,30.0,0.1,1.0,1.2847748547068105,0.09,0.11,unavailable_not_published_in_taylor_table1:mstar,unavailable_not_published_in_taylor_table1:lbol,unavailable_not_published_in_taylor_table1:edd_ratio,,,,,not_evaluable,,0.43013016661559794,0.25090926385909873,0.16129881248084918,3.452176220676681,-4.359412597744396,0.4032470312021231,3.1521762206766812,0.4570133020290727,3.752176220676681,0.38532494092647307,2.952176220676681,0.4749353923047227,3.952176220676681,lower_across_0p3_scenarios,lower_across_taylor_0p5_scenarios,False,unavailable_not_published_in_taylor_table1:mstar;unavailable_not_published_in_taylor_table1:lbol;unavailable_not_published_in_taylor_table1:edd_ratio,Observational-triage rank: low growth pressure; high measurement confidence. This is not evidence for a unique seed channel.
53,54,physical_object,HZA-RUBIES-UDS-155916,RUBIESUDS155916_taylor24,HZA-RUBIES-UDS-155916,RUBIES-UDS-155916,4.098,taylor24_ceers_rubies_blagn,RUBIES,UDS,non_lrd,7.06,low,9.794339378398224,high,90,F_context,expanded-blagn-v1,1,RUBIESUDS155916_taylor24,True,only catalogue measurement in this release,1.49521733830908,broad-line-agn,robust,individual_robust,Table 1 (Sample of BLAGN),The Astrophysical Journal 986:165 (2025); arXiv:2409.06772v2,https://iopscience.iop.org/article/10.3847/1538-4357/add15b,10.3847/1538-4357/add15b,single-epoch-virial-halpha-reines2013,0.0,0.0,formal_mbh_errors_exclude_virial_systematic;nominal_mass_uncorrected_for_dust,Nominal Table 1 mass and Halpha flux are uncorrected for dust; formal MBH errors exclude the approximately 0.5 dex virial-calibration systematic.,baseline,reported MBH,none,all_sources,0.0,False,False,30.0,0.1,1.0,1.3952318081399555,0.11,0.13,unavailable_not_published_in_taylor_table1:mstar,unavailable_not_published_in_taylor_table1:lbol,unavailable_not_published_in_taylor_table1:edd_ratio,,,,,not_evaluable,,0.4175320725407787,0.25249963280134047,0.16998341293162136,3.4243511484935247,-5.058829505021584,0.3927772065798629,3.124351148493525,0.4422869385016944,3.7243511484935246,0.3762739626059191,2.9243511484935247,0.4587901824756382,3.9243511484935247,lower_across_0p3_scenarios,lower_across_taylor_0p5_scenarios,False,unavailable_not_published_in_taylor_table1:mstar;unavailable_not_published_in_taylor_table1:lbol;unavailable_not_published_in_taylor_table1:edd_ratio,Observational-triage rank: low growth pressure; high measurement confidence. This is not evidence for a unique seed channel.
54,55,physical_object,HZA-RUBIES-UDS-63139,RUBIESUDS63139_taylor24,HZA-RUBIES-UDS-63139,RUBIES-UDS-63139,4.435,taylor24_ceers_rubies_blagn,RUBIES,UDS,non_lrd,6.55,low,9.673306722622575,high,90,F_context,expanded-blagn-v1,1,RUBIESUDS63139_taylor24,True,only catalogue measurement in this release,1.358970606803421,broad-line-agn,robust,individual_robust,Table 1 (Sample of BLAGN),The Astrophysical Journal 986:165 (2025); arXiv:2409.06772v2,https://iopscience.iop.org/article/10.3847/1538-4357/add15b,10.3847/1538-4357/add15b,single-epoch-virial-halpha-reines2013,0.0,0.0,formal_mbh_errors_exclude_virial_systematic;nominal_mass_uncorrected_for_dust,Nominal Table 1 mass and Halpha flux are uncorrected for dust; formal MBH errors exclude the approximately 0.5 dex virial-calibration systematic.,baseline,reported MBH,none,all_sources,0.0,False,False,30.0,0.1,1.0,1.2589850766342967,0.09,0.09,unavailable_not_published_in_taylor_table1:mstar,unavailable_not_published_in_taylor_table1:lbol,unavailable_not_published_in_taylor_table1:edd_ratio,,,,,not_evaluable,,0.4160796806714709,0.23318751334335178,0.14174142967929226,3.269378370515094,-4.385405431616353,0.388645855572253,2.969378370515094,0.44351350577068877,3.5693783705150937,0.3703566388394411,2.769378370515094,0.46180272250350063,3.769378370515094,lower_across_0p3_scenarios,lower_across_taylor_0p5_scenarios,False,unavailable_not_published_in_taylor_table1:mstar;unavailable_not_published_in_taylor_table1:lbol;unavailable_not_published_in_taylor_table1:edd_ratio,Observational-triage rank: low growth pressure; high measurement confidence. This is not evidence for a unique seed channel.
55,56,physical_object,HZA-RUBIES-UDS-143683,RUBIESUDS143683_taylor24,HZA-RUBIES-UDS-143683,RUBIES-UDS-143683,4.226,taylor24_ceers_rubies_blagn,RUBIES,UDS,non_lrd,6.81,low,9.415026217409565,high,90,F_context,expanded-blagn-v1,1,RUBIESUDS143683_taylor24,True,only catalogue measurement in this release,1.4409010539259417,broad-line-agn,robust,individual_robust,Table 1 (Sample of BLAGN),The Astrophysical Journal 986:165 (2025); arXiv:2409.06772v2,https://iopscience.iop.org/article/10.3847/1538-4357/add15b,10.3847/1538-4357/add15b,single-epoch-virial-halpha-reines2013,0.0,0.0,formal_mbh_errors_exclude_virial_systematic;nominal_mass_uncorrected_for_dust,Nominal Table 1 mass and Halpha flux are uncorrected for dust; formal MBH errors exclude the approximately 0.5 dex virial-calibration systematic.,baseline,reported MBH,none,all_sources,0.0,False,False,30.0,0.1,1.0,1.340915523756817,0.16,0.19,unavailable_not_published_in_taylor_table1:mstar,unavailable_not_published_in_taylor_table1:lbol,unavailable_not_published_in_taylor_table1:edd_ratio,,,,,not_evaluable,,0.41298031460891477,0.24126292807714142,0.1554042348112548,3.3158867240040335,-4.837044253319889,0.38722270662914876,3.0158867240040337,0.43873792258868066,3.6158867240040333,0.37005096797597137,2.8158867240040335,0.45590966124185806,3.8158867240040335,lower_across_0p3_scenarios,lower_across_taylor_0p5_scenarios,False,unavailable_not_published_in_taylor_table1:mstar;unavailable_not_published_in_taylor_table1:lbol;unavailable_not_published_in_taylor_table1:edd_ratio,Observational-triage rank: low growth pressure; high measurement confidence. This is not evidence for a unique seed channel.
56,57,physical_object,HZA-RUBIES-UDS-48507,RUBIESUDS48507_taylor24,HZA-RUBIES-UDS-48507,RUBIES-UDS-48507,4.468,taylor24_ceers_rubies_blagn,RUBIES,UDS,non_lrd,6.43,low,9.089989853787502,high,90,F_context,expanded-blagn-v1,1,RUBIESUDS48507_taylor24,True,only catalogue measurement in this release,1.346741054507491,broad-line-agn,robust,individual_robust,Table 1 (Sample of BLAGN),The Astrophysical Journal 986:165 (2025); arXiv:2409.06772v2,https://iopscience.iop.org/article/10.3847/1538-4357/add15b,10.3847/1538-4357/add15b,single-epoch-virial-halpha-reines2013,0.0,0.0,formal_mbh_errors_exclude_virial_systematic;nominal_mass_uncorrected_for_dust,Nominal Table 1 mass and Halpha flux are uncorrected for dust; formal MBH errors exclude the approximately 0.5 dex virial-calibration systematic.,baseline,reported MBH,none,all_sources,0.0,False,False,30.0,0.1,1.0,1.2467555243383666,0.04,0.04,unavailable_not_published_in_taylor_table1:mstar,unavailable_not_published_in_taylor_table1:lbol,unavailable_not_published_in_taylor_table1:edd_ratio,,,,,not_evaluable,,0.40907987824545,0.2243937029653371,0.13205061532528067,3.181245732984712,-4.399180890050959,0.3813769519534331,2.8812457329847123,0.4367828045374668,3.481245732984712,0.36290833442542175,2.681245732984712,0.4552514220654782,3.681245732984712,lower_across_0p3_scenarios,lower_across_taylor_0p5_scenarios,False,unavailable_not_published_in_taylor_table1:mstar;unavailable_not_published_in_taylor_table1:lbol;unavailable_not_published_in_taylor_table1:edd_ratio,Observational-triage rank: low growth pressure; high measurement confidence. This is not evidence for a unique seed channel.
57,58,physical_object,HZA-GS-200679,GS200679_juodzbalis25,HZA-GS-200679,GS-200679,4.547,juodzbalis25_jades_blagn,JADES,,not_reported_by_source,6.19,low,7.998664978596665,medium_tentative,60,F_context,expanded-blagn-v1,1,GS200679_juodzbalis25,True,only catalogue measurement in this release,1.318195361019195,broad-line-agn,tentative,individual_tentative,"Table 2 (BH/Lbol/lambda_Edd), Table 5 (Mstar)",,,,single-epoch-virial-halpha,,,,Tentative sample; source-adopted CIGALE Mstar used because the host is significantly extended.,baseline,reported MBH,none,all_sources,0.0,False,False,30.0,0.1,1.0,1.2182098308500706,0.6,0.3,available,available,available,8.53,43.63,0.23,-2.339999999999999,consistent,0.0220983811351514,0.39598397974315996,0.2069701469301958,0.11246323052371372,3.015629155969124,-4.391236146769587,0.3676319048212153,2.715629155969124,0.42433605466510455,3.3156291559691238,,,,,lower_across_0p3_scenarios,not_applicable_non_taylor_source,False,available;available;available,Observational-triage rank: low growth pressure; medium_tentative measurement confidence. This is not evidence for a unique seed channel.
58,59,physical_object,HZA-RUBIES-UDS-30969,RUBIESUDS30969_taylor24,HZA-RUBIES-UDS-30969,RUBIES-UDS-30969,4.0,taylor24_ceers_rubies_blagn,RUBIES,UDS,non_lrd,6.74,low,6.599103334169058,high,90,F_context,expanded-blagn-v1,1,RUBIESUDS30969_taylor24,True,only catalogue measurement in this release,1.539142050077643,broad-line-agn,robust,individual_robust,Table 1 (Sample of BLAGN),The Astrophysical Journal 986:165 (2025); arXiv:2409.06772v2,https://iopscience.iop.org/article/10.3847/1538-4357/add15b,10.3847/1538-4357/add15b,single-epoch-virial-halpha-reines2013,0.0,0.0,formal_mbh_errors_exclude_virial_systematic;nominal_mass_uncorrected_for_dust,Nominal Table 1 mass and Halpha flux are uncorrected for dust; formal MBH errors exclude the approximately 0.5 dex virial-calibration systematic.,baseline,reported MBH,none,all_sources,0.0,False,False,30.0,0.1,1.0,1.4391565199085186,0.07,0.08,unavailable_not_published_in_taylor_table1:mstar,unavailable_not_published_in_taylor_table1:lbol,unavailable_not_published_in_taylor_table1:edd_ratio,,,,,not_evaluable,,0.3791892400100287,0.21919378009018536,0.13919605013026373,2.9898935888518587,-5.760354703827138,0.3551899210220522,2.689893588851859,0.4031885589980052,3.2898935888518586,0.3391903750300679,2.4898935888518587,0.41918810498998954,3.4898935888518587,lower_across_0p3_scenarios,lower_across_taylor_0p5_scenarios,False,unavailable_not_published_in_taylor_table1:mstar;unavailable_not_published_in_taylor_table1:lbol;unavailable_not_published_in_taylor_table1:edd_ratio,Observational-triage rank: low growth pressure; high measurement confidence. This is not evidence for a unique seed channel.
59,8,physical_object,HZA-GN-11836,GN11836_juodzbalis25,HZA-GN-11836,GN-11836,4.409,juodzbalis25_jades_blagn,JADES,,not_reported_by_source,6.06,low,5.701111137430049,source_values_internally_inconsistent,55,D_source_consistency,expanded-blagn-v1,1,GN11836_juodzbalis25,True,only catalogue measurement in this release,1.3687364986748385,broad-line-agn,robust,individual_robust,"Table 2 (BH/Lbol/lambda_Edd), Table 5 (Mstar)",,,,single-epoch-virial-halpha,,,,Robust sample; Mstar uses BEAGLE value; published Table 2 MBH/Lbol/lambda_Edd triplet is internally inconsistent and is preserved verbatim pending source clarification.,baseline,reported MBH,none,all_sources,0.0,False,False,30.0,0.1,1.0,1.2687509685057141,0.32,0.32,available,available,available,8.17,44.11,0.11,-2.1100000000000003,inconsistent,-0.9082367697242087,0.36841333364916057,0.18692893283676623,0.096186732430569,2.7539307328113716,-4.96023089062876,0.3411906735273014,2.4539307328113718,0.3956359937710197,3.0539307328113714,,,,,lower_across_0p3_scenarios,not_applicable_non_taylor_source,False,available;available;available,Observational-triage rank: low growth pressure; source_values_internally_inconsistent measurement confidence. This is not evidence for a unique seed channel.
