measurement_id,object_id,redshift,quality_flag,scenario,scenario_label,mbh_delta_dex,n_samples,random_seed,z_seed,epsilon,merger_boost,seed_mass_assumption,seed_mass_short,log_mseed_assumption,mseed_assumption_msun,log_mbh_err_plus_reported,log_mbh_err_minus_reported,log_mbh_sigma_plus_used,log_mbh_sigma_minus_used,mbh_uncertainty_mode,log_mbh_sample_p5,log_mbh_sample_p16,log_mbh_sample_p50,log_mbh_sample_p84,log_mbh_sample_p95,required_fedd_p5,required_fedd_p16,required_fedd_p50,required_fedd_p84,required_fedd_p95,p_required_fedd_gt1,prob_required_fedd_gt_1
GS30148179_juodzbalis25,GS-30148179,5.922,robust,baseline,reported MBH,0.0,10000,20260808,30.0,0.1,1.0,seed_1e2_msun,seed1e2,2.0,100.0,0.34,0.35,0.34,0.35,asymmetric,6.525151881636549,6.7651989370993215,7.12403382373407,7.464072973408358,7.691732214842706,0.61536928228247,0.6480129565939551,0.6968104273578484,0.743051891281338,0.7740109635226349,0.0,0.0
GS30148179_juodzbalis25,GS-30148179,5.922,robust,baseline,reported MBH,0.0,10000,20260808,30.0,0.1,1.0,seed_1e4_msun,seed1e4,4.0,10000.0,0.34,0.35,0.34,0.35,asymmetric,6.525151881636549,6.7651989370993215,7.12403382373407,7.464072973408358,7.691732214842706,0.34339198809276955,0.37603566240425457,0.42483313316814797,0.4710745970916377,0.5020336693329346,0.0,0.0
GS30148179_juodzbalis25,GS-30148179,5.922,robust,baseline,reported MBH,0.0,10000,20260808,30.0,0.1,1.0,seed_1e5_msun,seed1e5,5.0,100000.0,0.34,0.35,0.34,0.35,asymmetric,6.525151881636549,6.7651989370993215,7.12403382373407,7.464072973408358,7.691732214842706,0.20740334099791935,0.2400470153094044,0.2888444860732977,0.33508594999678737,0.36604502223808427,0.0,0.0
GS30148179_juodzbalis25,GS-30148179,5.922,robust,mbh_minus_0p3dex,MBH -0.3 dex,-0.3,10000,20260808,30.0,0.1,1.0,seed_1e2_msun,seed1e2,2.0,100.0,0.34,0.35,0.34,0.35,asymmetric,6.225151881636549,6.465198937099322,6.82403382373407,7.164072973408358,7.3917322148427065,0.574572688154015,0.6072163624655,0.6560138332293933,0.702255297152883,0.7332143693941798,0.0,0.0
GS30148179_juodzbalis25,GS-30148179,5.922,robust,mbh_minus_0p3dex,MBH -0.3 dex,-0.3,10000,20260808,30.0,0.1,1.0,seed_1e4_msun,seed1e4,4.0,10000.0,0.34,0.35,0.34,0.35,asymmetric,6.225151881636549,6.465198937099322,6.82403382373407,7.164072973408358,7.3917322148427065,0.30259539396431456,0.3352390682757996,0.3840365390396929,0.4302780029631826,0.4612370752044794,0.0,0.0
GS30148179_juodzbalis25,GS-30148179,5.922,robust,mbh_minus_0p3dex,MBH -0.3 dex,-0.3,10000,20260808,30.0,0.1,1.0,seed_1e5_msun,seed1e5,5.0,100000.0,0.34,0.35,0.34,0.35,asymmetric,6.225151881636549,6.465198937099322,6.82403382373407,7.164072973408358,7.3917322148427065,0.1666067468694643,0.19925042118094935,0.24804789194484272,0.2942893558683324,0.3252484281096293,0.0,0.0
GS30148179_juodzbalis25,GS-30148179,5.922,robust,mbh_plus_0p3dex,MBH +0.3 dex,0.3,10000,20260808,30.0,0.1,1.0,seed_1e2_msun,seed1e2,2.0,100.0,0.34,0.35,0.34,0.35,asymmetric,6.825151881636549,7.065198937099321,7.42403382373407,7.764072973408358,7.991732214842706,0.656165876410925,0.68880955072241,0.7376070214863034,0.783848485409793,0.8148075576510899,0.0,0.0
GS30148179_juodzbalis25,GS-30148179,5.922,robust,mbh_plus_0p3dex,MBH +0.3 dex,0.3,10000,20260808,30.0,0.1,1.0,seed_1e4_msun,seed1e4,4.0,10000.0,0.34,0.35,0.34,0.35,asymmetric,6.825151881636549,7.065198937099321,7.42403382373407,7.764072973408358,7.991732214842706,0.3841885822212246,0.4168322565327096,0.465629727296603,0.5118711912200926,0.5428302634613895,0.0,0.0
GS30148179_juodzbalis25,GS-30148179,5.922,robust,mbh_plus_0p3dex,MBH +0.3 dex,0.3,10000,20260808,30.0,0.1,1.0,seed_1e5_msun,seed1e5,5.0,100000.0,0.34,0.35,0.34,0.35,asymmetric,6.825151881636549,7.065198937099321,7.42403382373407,7.764072973408358,7.991732214842706,0.24819993512637437,0.2808436094378594,0.32964108020175276,0.37588254412524247,0.4068416163665393,0.0,0.0
GS10013704_juodzbalis25,GS-10013704,5.919,robust,baseline,reported MBH,0.0,10000,20260808,30.0,0.1,1.0,seed_1e2_msun,seed1e2,2.0,100.0,0.31,0.31,0.31,0.31,symmetric_reported,6.934033716485371,7.136812459864628,7.441030422789781,7.743165183668975,7.94499014736705,0.6704860052633657,0.6980416154219302,0.739381804486617,0.7804389071562341,0.8078649081623112,0.0,0.0
GS10013704_juodzbalis25,GS-10013704,5.919,robust,baseline,reported MBH,0.0,10000,20260808,30.0,0.1,1.0,seed_1e4_msun,seed1e4,4.0,10000.0,0.31,0.31,0.31,0.31,symmetric_reported,6.934033716485371,7.136812459864628,7.441030422789781,7.743165183668975,7.94499014736705,0.398705938976762,0.42626154913532643,0.4676017382000134,0.5086588408696305,0.5360848418757075,0.0,0.0
GS10013704_juodzbalis25,GS-10013704,5.919,robust,baseline,reported MBH,0.0,10000,20260808,30.0,0.1,1.0,seed_1e5_msun,seed1e5,5.0,100000.0,0.31,0.31,0.31,0.31,symmetric_reported,6.934033716485371,7.136812459864628,7.441030422789781,7.743165183668975,7.94499014736705,0.2628159058334602,0.2903715159920246,0.33171170505671155,0.3727688077263287,0.40019480873240576,0.0,0.0
GS10013704_juodzbalis25,GS-10013704,5.919,robust,mbh_minus_0p3dex,MBH -0.3 dex,-0.3,10000,20260808,30.0,0.1,1.0,seed_1e2_msun,seed1e2,2.0,100.0,0.31,0.31,0.31,0.31,symmetric_reported,6.634033716485371,6.836812459864628,7.141030422789782,7.443165183668976,7.64499014736705,0.6297189953203751,0.6572746054789396,0.6986147945436264,0.7396718972132437,0.7670978982193207,0.0,0.0
GS10013704_juodzbalis25,GS-10013704,5.919,robust,mbh_minus_0p3dex,MBH -0.3 dex,-0.3,10000,20260808,30.0,0.1,1.0,seed_1e4_msun,seed1e4,4.0,10000.0,0.31,0.31,0.31,0.31,symmetric_reported,6.634033716485371,6.836812459864628,7.141030422789782,7.443165183668976,7.64499014736705,0.35793892903377156,0.3854945391923359,0.4268347282570228,0.46789183092664,0.4953178319327171,0.0,0.0
GS10013704_juodzbalis25,GS-10013704,5.919,robust,mbh_minus_0p3dex,MBH -0.3 dex,-0.3,10000,20260808,30.0,0.1,1.0,seed_1e5_msun,seed1e5,5.0,100000.0,0.31,0.31,0.31,0.31,symmetric_reported,6.634033716485371,6.836812459864628,7.141030422789782,7.443165183668976,7.64499014736705,0.22204889589046967,0.24960450604903406,0.29094469511372095,0.33200179778333816,0.3594277987894153,0.0,0.0
GS10013704_juodzbalis25,GS-10013704,5.919,robust,mbh_plus_0p3dex,MBH +0.3 dex,0.3,10000,20260808,30.0,0.1,1.0,seed_1e2_msun,seed1e2,2.0,100.0,0.31,0.31,0.31,0.31,symmetric_reported,7.234033716485371,7.436812459864628,7.741030422789781,8.043165183668975,8.24499014736705,0.7112530152063562,0.7388086253649206,0.7801488144296076,0.8212059170992247,0.8486319181053018,0.0,0.0
GS10013704_juodzbalis25,GS-10013704,5.919,robust,mbh_plus_0p3dex,MBH +0.3 dex,0.3,10000,20260808,30.0,0.1,1.0,seed_1e4_msun,seed1e4,4.0,10000.0,0.31,0.31,0.31,0.31,symmetric_reported,7.234033716485371,7.436812459864628,7.741030422789781,8.043165183668975,8.24499014736705,0.4394729489197526,0.467028559078317,0.5083687481430038,0.5494258508126211,0.5768518518186981,0.0,0.0
GS10013704_juodzbalis25,GS-10013704,5.919,robust,mbh_plus_0p3dex,MBH +0.3 dex,0.3,10000,20260808,30.0,0.1,1.0,seed_1e5_msun,seed1e5,5.0,100000.0,0.31,0.31,0.31,0.31,symmetric_reported,7.234033716485371,7.436812459864628,7.741030422789781,8.043165183668975,8.24499014736705,0.30358291577645075,0.33113852593501514,0.372478714999702,0.4135358176693192,0.44096181867539624,0.0,0.0
GS210600_juodzbalis25,GS-210600,6.306,robust,baseline,reported MBH,0.0,10000,20260808,30.0,0.1,1.0,seed_1e2_msun,seed1e2,2.0,100.0,0.33,0.34,0.33,0.34,asymmetric,6.84319137201632,7.071784770283726,7.410327131384717,7.743220472876818,7.955319097983196,0.7212320230952621,0.7552733950821765,0.8056880025682861,0.8552613767583985,0.8868464017411118,0.0001,0.0001
GS210600_juodzbalis25,GS-210600,6.306,robust,baseline,reported MBH,0.0,10000,20260808,30.0,0.1,1.0,seed_1e4_msun,seed1e4,4.0,10000.0,0.33,0.34,0.33,0.34,asymmetric,6.84319137201632,7.071784770283726,7.410327131384717,7.743220472876818,7.955319097983196,0.4233986451856056,0.4574400171725201,0.5078546246586296,0.5574279988487422,0.5890130238314554,0.0,0.0
GS210600_juodzbalis25,GS-210600,6.306,robust,baseline,reported MBH,0.0,10000,20260808,30.0,0.1,1.0,seed_1e5_msun,seed1e5,5.0,100000.0,0.33,0.34,0.33,0.34,asymmetric,6.84319137201632,7.071784770283726,7.410327131384717,7.743220472876818,7.955319097983196,0.27448195623077737,0.3085233282176918,0.3589379357038014,0.4085113098939139,0.4400963348766272,0.0,0.0
GS210600_juodzbalis25,GS-210600,6.306,robust,mbh_minus_0p3dex,MBH -0.3 dex,-0.3,10000,20260808,30.0,0.1,1.0,seed_1e2_msun,seed1e2,2.0,100.0,0.33,0.34,0.33,0.34,asymmetric,6.54319137201632,6.771784770283726,7.110327131384718,7.443220472876818,7.655319097983196,0.6765570164088137,0.710598388395728,0.7610129958818376,0.81058637007195,0.8421713950546634,0.0,0.0
GS210600_juodzbalis25,GS-210600,6.306,robust,mbh_minus_0p3dex,MBH -0.3 dex,-0.3,10000,20260808,30.0,0.1,1.0,seed_1e4_msun,seed1e4,4.0,10000.0,0.33,0.34,0.33,0.34,asymmetric,6.54319137201632,6.771784770283726,7.110327131384718,7.443220472876818,7.655319097983196,0.3787236384991572,0.41276501048607167,0.46317961797218116,0.5127529921622936,0.5443380171450068,0.0,0.0
GS210600_juodzbalis25,GS-210600,6.306,robust,mbh_minus_0p3dex,MBH -0.3 dex,-0.3,10000,20260808,30.0,0.1,1.0,seed_1e5_msun,seed1e5,5.0,100000.0,0.33,0.34,0.33,0.34,asymmetric,6.54319137201632,6.771784770283726,7.110327131384718,7.443220472876818,7.655319097983196,0.22980694954432893,0.2638483215312434,0.3142629290173529,0.3638363032074654,0.39542132819017867,0.0,0.0
GS210600_juodzbalis25,GS-210600,6.306,robust,mbh_plus_0p3dex,MBH +0.3 dex,0.3,10000,20260808,30.0,0.1,1.0,seed_1e2_msun,seed1e2,2.0,100.0,0.33,0.34,0.33,0.34,asymmetric,7.14319137201632,7.371784770283726,7.710327131384718,8.043220472876818,8.255319097983197,0.7659070297817105,0.7999484017686249,0.8503630092547345,0.8999363834448472,0.9315214084275604,0.0016,0.0016
GS210600_juodzbalis25,GS-210600,6.306,robust,mbh_plus_0p3dex,MBH +0.3 dex,0.3,10000,20260808,30.0,0.1,1.0,seed_1e4_msun,seed1e4,4.0,10000.0,0.33,0.34,0.33,0.34,asymmetric,7.14319137201632,7.371784770283726,7.710327131384718,8.043220472876818,8.255319097983197,0.468073651872054,0.5021150238589684,0.552529631345078,0.6021030055351906,0.6336880305179039,0.0,0.0
GS210600_juodzbalis25,GS-210600,6.306,robust,mbh_plus_0p3dex,MBH +0.3 dex,0.3,10000,20260808,30.0,0.1,1.0,seed_1e5_msun,seed1e5,5.0,100000.0,0.33,0.34,0.33,0.34,asymmetric,7.14319137201632,7.371784770283726,7.710327131384718,8.043220472876818,8.255319097983197,0.3191569629172258,0.35319833490414027,0.40361294239024986,0.4531863165803624,0.4847713415630758,0.0,0.0
GS204851_juodzbalis25,GS-204851,5.48,robust,baseline,reported MBH,0.0,10000,20260808,30.0,0.1,1.0,seed_1e2_msun,seed1e2,2.0,100.0,0.32,0.31,0.32,0.31,asymmetric,7.156196680256945,7.366119415523755,7.67861977811892,8.002716351309939,8.213329356064044,0.628282256007664,0.6538613287000886,0.6919394791256304,0.7314306271162573,0.7570938091042779,0.0,0.0
GS204851_juodzbalis25,GS-204851,5.48,robust,baseline,reported MBH,0.0,10000,20260808,30.0,0.1,1.0,seed_1e4_msun,seed1e4,4.0,10000.0,0.32,0.31,0.32,0.31,asymmetric,7.156196680256945,7.366119415523755,7.67861977811892,8.002716351309939,8.213329356064044,0.3845823760502707,0.4101614487426952,0.448239599168237,0.487730747158864,0.5133939291468845,0.0,0.0
GS204851_juodzbalis25,GS-204851,5.48,robust,baseline,reported MBH,0.0,10000,20260808,30.0,0.1,1.0,seed_1e5_msun,seed1e5,5.0,100000.0,0.32,0.31,0.32,0.31,asymmetric,7.156196680256945,7.366119415523755,7.67861977811892,8.002716351309939,8.213329356064044,0.262732436071574,0.2883115087639985,0.3263896591895403,0.3658808071801673,0.3915439891681879,0.0,0.0
GS204851_juodzbalis25,GS-204851,5.48,robust,mbh_minus_0p3dex,MBH -0.3 dex,-0.3,10000,20260808,30.0,0.1,1.0,seed_1e2_msun,seed1e2,2.0,100.0,0.32,0.31,0.32,0.31,asymmetric,6.856196680256946,7.066119415523755,7.378619778118921,7.702716351309939,7.913329356064044,0.591727274014055,0.6173063467064797,0.6553844971320213,0.6948756451226484,0.720538827110669,0.0,0.0
GS204851_juodzbalis25,GS-204851,5.48,robust,mbh_minus_0p3dex,MBH -0.3 dex,-0.3,10000,20260808,30.0,0.1,1.0,seed_1e4_msun,seed1e4,4.0,10000.0,0.32,0.31,0.32,0.31,asymmetric,6.856196680256946,7.066119415523755,7.378619778118921,7.702716351309939,7.913329356064044,0.34802739405666167,0.3736064667490862,0.411684617174628,0.4511757651652549,0.47683894715327557,0.0,0.0
GS204851_juodzbalis25,GS-204851,5.48,robust,mbh_minus_0p3dex,MBH -0.3 dex,-0.3,10000,20260808,30.0,0.1,1.0,seed_1e5_msun,seed1e5,5.0,100000.0,0.32,0.31,0.32,0.31,asymmetric,6.856196680256946,7.066119415523755,7.378619778118921,7.702716351309939,7.913329356064044,0.22617745407796494,0.25175652677038957,0.28983467719593126,0.32932582518655823,0.3549890071745789,0.0,0.0
GS204851_juodzbalis25,GS-204851,5.48,robust,mbh_plus_0p3dex,MBH +0.3 dex,0.3,10000,20260808,30.0,0.1,1.0,seed_1e2_msun,seed1e2,2.0,100.0,0.32,0.31,0.32,0.31,asymmetric,7.456196680256945,7.666119415523755,7.9786197781189205,8.30271635130994,8.513329356064045,0.664837238001273,0.6904163106936975,0.7284944611192394,0.7679856091098664,0.7936487910978871,0.0,0.0
GS204851_juodzbalis25,GS-204851,5.48,robust,mbh_plus_0p3dex,MBH +0.3 dex,0.3,10000,20260808,30.0,0.1,1.0,seed_1e4_msun,seed1e4,4.0,10000.0,0.32,0.31,0.32,0.31,asymmetric,7.456196680256945,7.666119415523755,7.9786197781189205,8.30271635130994,8.513329356064045,0.4211373580438796,0.4467164307363042,0.4847945811618459,0.524285729152473,0.5499489111404937,0.0,0.0
GS204851_juodzbalis25,GS-204851,5.48,robust,mbh_plus_0p3dex,MBH +0.3 dex,0.3,10000,20260808,30.0,0.1,1.0,seed_1e5_msun,seed1e5,5.0,100000.0,0.32,0.31,0.32,0.31,asymmetric,7.456196680256945,7.666119415523755,7.9786197781189205,8.30271635130994,8.513329356064045,0.2992874180651829,0.3248664907576075,0.3629446411831493,0.4024357891737763,0.42809897116179696,0.0,0.0
GS172975_juodzbalis25,GS-172975,4.741,robust,baseline,reported MBH,0.0,10000,20260808,30.0,0.1,1.0,seed_1e2_msun,seed1e2,2.0,100.0,0.32,0.32,0.32,0.32,symmetric_reported,6.712401111738263,6.922383442310792,7.252346193824838,7.574150513196184,7.7813973669373935,0.4708611939067868,0.49184254259258237,0.5248122859227212,0.5569668420461621,0.5776748630045087,0.0,0.0
GS172975_juodzbalis25,GS-172975,4.741,robust,baseline,reported MBH,0.0,10000,20260808,30.0,0.1,1.0,seed_1e4_msun,seed1e4,4.0,10000.0,0.32,0.32,0.32,0.32,symmetric_reported,6.712401111738263,6.922383442310792,7.252346193824838,7.574150513196184,7.7813973669373935,0.2710220109756461,0.2920033596614417,0.32497310299158055,0.35712765911502137,0.3778356800733679,0.0,0.0
GS172975_juodzbalis25,GS-172975,4.741,robust,baseline,reported MBH,0.0,10000,20260808,30.0,0.1,1.0,seed_1e5_msun,seed1e5,5.0,100000.0,0.32,0.32,0.32,0.32,symmetric_reported,6.712401111738263,6.922383442310792,7.252346193824838,7.574150513196184,7.7813973669373935,0.1711024195100757,0.19208376819587125,0.2250535115260102,0.2572080676494509,0.2779160886077975,0.0,0.0
GS172975_juodzbalis25,GS-172975,4.741,robust,mbh_minus_0p3dex,MBH -0.3 dex,-0.3,10000,20260808,30.0,0.1,1.0,seed_1e2_msun,seed1e2,2.0,100.0,0.32,0.32,0.32,0.32,symmetric_reported,6.412401111738263,6.622383442310793,6.952346193824837,7.274150513196184,7.481397366937394,0.44088531646711576,0.4618666651529113,0.4948364084830502,0.526990964606491,0.5476989855648375,0.0,0.0
GS172975_juodzbalis25,GS-172975,4.741,robust,mbh_minus_0p3dex,MBH -0.3 dex,-0.3,10000,20260808,30.0,0.1,1.0,seed_1e4_msun,seed1e4,4.0,10000.0,0.32,0.32,0.32,0.32,symmetric_reported,6.412401111738263,6.622383442310793,6.952346193824837,7.274150513196184,7.481397366937394,0.24104613353597495,0.2620274822217706,0.29499722555190944,0.32715178167535025,0.34785980263369676,0.0,0.0
GS172975_juodzbalis25,GS-172975,4.741,robust,mbh_minus_0p3dex,MBH -0.3 dex,-0.3,10000,20260808,30.0,0.1,1.0,seed_1e5_msun,seed1e5,5.0,100000.0,0.32,0.32,0.32,0.32,symmetric_reported,6.412401111738263,6.622383442310793,6.952346193824837,7.274150513196184,7.481397366937394,0.1411265420704046,0.16210789075620016,0.19507763408633907,0.2272321902097799,0.24794021116812642,0.0,0.0
GS172975_juodzbalis25,GS-172975,4.741,robust,mbh_plus_0p3dex,MBH +0.3 dex,0.3,10000,20260808,30.0,0.1,1.0,seed_1e2_msun,seed1e2,2.0,100.0,0.32,0.32,0.32,0.32,symmetric_reported,7.012401111738263,7.222383442310792,7.552346193824837,7.8741505131961835,8.081397366937393,0.5008370713464578,0.5218184200322535,0.5547881633623923,0.5869427194858332,0.6076507404441797,0.0,0.0
GS172975_juodzbalis25,GS-172975,4.741,robust,mbh_plus_0p3dex,MBH +0.3 dex,0.3,10000,20260808,30.0,0.1,1.0,seed_1e4_msun,seed1e4,4.0,10000.0,0.32,0.32,0.32,0.32,symmetric_reported,7.012401111738263,7.222383442310792,7.552346193824837,7.8741505131961835,8.081397366937393,0.3009978884153172,0.32197923710111276,0.35494898043125167,0.3871035365546925,0.4078115575130389,0.0,0.0
GS172975_juodzbalis25,GS-172975,4.741,robust,mbh_plus_0p3dex,MBH +0.3 dex,0.3,10000,20260808,30.0,0.1,1.0,seed_1e5_msun,seed1e5,5.0,100000.0,0.32,0.32,0.32,0.32,symmetric_reported,7.012401111738263,7.222383442310792,7.552346193824837,7.8741505131961835,8.081397366937393,0.2010782969497468,0.22205964563554234,0.2550293889656812,0.287183945089122,0.3078919660474686,0.0,0.0
GS159717_juodzbalis25,GS-159717,5.077,robust,baseline,reported MBH,0.0,10000,20260808,30.0,0.1,1.0,seed_1e2_msun,seed1e2,2.0,100.0,0.3,0.3,0.3,0.3,symmetric_reported,6.946796388135258,7.145452764897301,7.436990080118415,7.739894780879239,7.9369721393014165,0.5423190625074243,0.5640978323523105,0.5960591727979896,0.6292667237980066,0.6508723852958804,0.0,0.0
GS159717_juodzbalis25,GS-159717,5.077,robust,baseline,reported MBH,0.0,10000,20260808,30.0,0.1,1.0,seed_1e4_msun,seed1e4,4.0,10000.0,0.3,0.3,0.3,0.3,symmetric_reported,6.946796388135258,7.145452764897301,7.436990080118415,7.739894780879239,7.9369721393014165,0.3230583450830483,0.3448371149279346,0.37679845537361356,0.41000600637363066,0.4316116678715044,0.0,0.0
GS159717_juodzbalis25,GS-159717,5.077,robust,baseline,reported MBH,0.0,10000,20260808,30.0,0.1,1.0,seed_1e5_msun,seed1e5,5.0,100000.0,0.3,0.3,0.3,0.3,symmetric_reported,6.946796388135258,7.145452764897301,7.436990080118415,7.739894780879239,7.9369721393014165,0.21342798637086038,0.2352067562157466,0.2671680966614256,0.3003756476614427,0.32198130915931644,0.0,0.0
GS159717_juodzbalis25,GS-159717,5.077,robust,mbh_minus_0p3dex,MBH -0.3 dex,-0.3,10000,20260808,30.0,0.1,1.0,seed_1e2_msun,seed1e2,2.0,100.0,0.3,0.3,0.3,0.3,symmetric_reported,6.646796388135258,6.845452764897301,7.136990080118416,7.439894780879239,7.636972139301417,0.509429954893768,0.5312087247386541,0.5631700651843332,0.5963776161843501,0.6179832776822239,0.0,0.0
GS159717_juodzbalis25,GS-159717,5.077,robust,mbh_minus_0p3dex,MBH -0.3 dex,-0.3,10000,20260808,30.0,0.1,1.0,seed_1e4_msun,seed1e4,4.0,10000.0,0.3,0.3,0.3,0.3,symmetric_reported,6.646796388135258,6.845452764897301,7.136990080118416,7.439894780879239,7.636972139301417,0.29016923746939194,0.31194800731427824,0.3439093477599572,0.3771168987599743,0.3987225602578481,0.0,0.0
GS159717_juodzbalis25,GS-159717,5.077,robust,mbh_minus_0p3dex,MBH -0.3 dex,-0.3,10000,20260808,30.0,0.1,1.0,seed_1e5_msun,seed1e5,5.0,100000.0,0.3,0.3,0.3,0.3,symmetric_reported,6.646796388135258,6.845452764897301,7.136990080118416,7.439894780879239,7.636972139301417,0.180538878757204,0.2023176486020902,0.23427898904776923,0.2674865400477863,0.28909220154566007,0.0,0.0
GS159717_juodzbalis25,GS-159717,5.077,robust,mbh_plus_0p3dex,MBH +0.3 dex,0.3,10000,20260808,30.0,0.1,1.0,seed_1e2_msun,seed1e2,2.0,100.0,0.3,0.3,0.3,0.3,symmetric_reported,7.246796388135258,7.445452764897301,7.7369900801184155,8.039894780879239,8.236972139301416,0.5752081701210807,0.596986939965967,0.628948280411646,0.662155831411663,0.6837614929095369,0.0,0.0
GS159717_juodzbalis25,GS-159717,5.077,robust,mbh_plus_0p3dex,MBH +0.3 dex,0.3,10000,20260808,30.0,0.1,1.0,seed_1e4_msun,seed1e4,4.0,10000.0,0.3,0.3,0.3,0.3,symmetric_reported,7.246796388135258,7.445452764897301,7.7369900801184155,8.039894780879239,8.236972139301416,0.35594745269670475,0.377726222541591,0.40968756298727,0.4428951139872871,0.46450077548516094,0.0,0.0
GS159717_juodzbalis25,GS-159717,5.077,robust,mbh_plus_0p3dex,MBH +0.3 dex,0.3,10000,20260808,30.0,0.1,1.0,seed_1e5_msun,seed1e5,5.0,100000.0,0.3,0.3,0.3,0.3,symmetric_reported,7.246796388135258,7.445452764897301,7.7369900801184155,8.039894780879239,8.236972139301416,0.24631709398451676,0.2680958638294029,0.300057204275082,0.3332647552750991,0.35487041677297293,0.0,0.0
GN77652_juodzbalis25,GN-77652,5.229,robust,baseline,reported MBH,0.0,10000,20260808,30.0,0.1,1.0,seed_1e2_msun,seed1e2,2.0,100.0,0.34,0.32,0.34,0.32,asymmetric,6.09101319744108,6.30234973940133,6.614160738996871,6.96128221129428,7.182677670162591,0.467051201998211,0.4911784734551741,0.5267764280764042,0.5664056086855749,0.5916812580640881,0.0,0.0
GN77652_juodzbalis25,GN-77652,5.229,robust,baseline,reported MBH,0.0,10000,20260808,30.0,0.1,1.0,seed_1e4_msun,seed1e4,4.0,10000.0,0.34,0.32,0.34,0.32,asymmetric,6.09101319744108,6.30234973940133,6.614160738996871,6.96128221129428,7.182677670162591,0.2387208694095258,0.26284814086648906,0.29844609548771917,0.33807527609688975,0.363350925475403,0.0,0.0
GN77652_juodzbalis25,GN-77652,5.229,robust,baseline,reported MBH,0.0,10000,20260808,30.0,0.1,1.0,seed_1e5_msun,seed1e5,5.0,100000.0,0.34,0.32,0.34,0.32,asymmetric,6.09101319744108,6.30234973940133,6.614160738996871,6.96128221129428,7.182677670162591,0.1245557031151833,0.14868297457214652,0.18428092919337657,0.2239101098025473,0.24918575918106042,0.0,0.0
GN77652_juodzbalis25,GN-77652,5.229,robust,mbh_minus_0p3dex,MBH -0.3 dex,-0.3,10000,20260808,30.0,0.1,1.0,seed_1e2_msun,seed1e2,2.0,100.0,0.34,0.32,0.34,0.32,asymmetric,5.79101319744108,6.00234973940133,6.31416073899687,6.66128221129428,6.882677670162591,0.4328016521099081,0.4569289235668714,0.4925268781881015,0.5321560587972721,0.5574317081757852,0.0,0.0
GN77652_juodzbalis25,GN-77652,5.229,robust,mbh_minus_0p3dex,MBH -0.3 dex,-0.3,10000,20260808,30.0,0.1,1.0,seed_1e4_msun,seed1e4,4.0,10000.0,0.34,0.32,0.34,0.32,asymmetric,5.79101319744108,6.00234973940133,6.31416073899687,6.66128221129428,6.882677670162591,0.2044713195212231,0.22859859097818633,0.2641965455994164,0.30382572620858705,0.32910137558710023,0.0,0.0
GN77652_juodzbalis25,GN-77652,5.229,robust,mbh_minus_0p3dex,MBH -0.3 dex,-0.3,10000,20260808,30.0,0.1,1.0,seed_1e5_msun,seed1e5,5.0,100000.0,0.34,0.32,0.34,0.32,asymmetric,5.79101319744108,6.00234973940133,6.31416073899687,6.66128221129428,6.882677670162591,0.09030615322688053,0.11443342468384375,0.15003137930507382,0.18966055991424455,0.21493620929275767,0.0,0.0
GN77652_juodzbalis25,GN-77652,5.229,robust,mbh_plus_0p3dex,MBH +0.3 dex,0.3,10000,20260808,30.0,0.1,1.0,seed_1e2_msun,seed1e2,2.0,100.0,0.34,0.32,0.34,0.32,asymmetric,6.3910131974410795,6.60234973940133,6.91416073899687,7.261282211294279,7.482677670162591,0.5013007518865137,0.5254280233434768,0.5610259779647069,0.6006551585738776,0.6259308079523909,0.0,0.0
GN77652_juodzbalis25,GN-77652,5.229,robust,mbh_plus_0p3dex,MBH +0.3 dex,0.3,10000,20260808,30.0,0.1,1.0,seed_1e4_msun,seed1e4,4.0,10000.0,0.34,0.32,0.34,0.32,asymmetric,6.3910131974410795,6.60234973940133,6.91416073899687,7.261282211294279,7.482677670162591,0.27297041929782856,0.29709769075479175,0.3326956453760219,0.3723248259851925,0.39760047536370574,0.0,0.0
GN77652_juodzbalis25,GN-77652,5.229,robust,mbh_plus_0p3dex,MBH +0.3 dex,0.3,10000,20260808,30.0,0.1,1.0,seed_1e5_msun,seed1e5,5.0,100000.0,0.34,0.32,0.34,0.32,asymmetric,6.3910131974410795,6.60234973940133,6.91416073899687,7.261282211294279,7.482677670162591,0.15880525300348602,0.18293252446044922,0.21853047908167927,0.25815965969085,0.28343530906936315,0.0,0.0
GN73488_juodzbalis25,GN-73488,4.133,robust,baseline,reported MBH,0.0,10000,20260808,30.0,0.1,1.0,seed_1e2_msun,seed1e2,2.0,100.0,0.3,0.3,0.3,0.3,symmetric_reported,7.328019498787276,7.537127829356999,7.831645754518471,8.135457025040624,8.323793312427203,0.44448578057429633,0.4619304764052757,0.4865003995987468,0.5118456127226936,0.5275574174051918,0.0,0.0
GN73488_juodzbalis25,GN-73488,4.133,robust,baseline,reported MBH,0.0,10000,20260808,30.0,0.1,1.0,seed_1e4_msun,seed1e4,4.0,10000.0,0.3,0.3,0.3,0.3,symmetric_reported,7.328019498787276,7.537127829356999,7.831645754518471,8.135457025040624,8.323793312427203,0.2776373744543612,0.2950820702853406,0.31965199347881157,0.3449972066027585,0.3607090112852567,0.0,0.0
GN73488_juodzbalis25,GN-73488,4.133,robust,baseline,reported MBH,0.0,10000,20260808,30.0,0.1,1.0,seed_1e5_msun,seed1e5,5.0,100000.0,0.3,0.3,0.3,0.3,symmetric_reported,7.328019498787276,7.537127829356999,7.831645754518471,8.135457025040624,8.323793312427203,0.19421317139439367,0.21165786722537303,0.23622779041884404,0.2615730035427909,0.2772848082252891,0.0,0.0
GN73488_juodzbalis25,GN-73488,4.133,robust,mbh_minus_0p3dex,MBH -0.3 dex,-0.3,10000,20260808,30.0,0.1,1.0,seed_1e2_msun,seed1e2,2.0,100.0,0.3,0.3,0.3,0.3,symmetric_reported,7.028019498787276,7.237127829356999,7.531645754518472,7.835457025040625,8.023793312427202,0.41945851965630615,0.4369032154872855,0.46147313868075657,0.48681835180470334,0.5025301564872016,0.0,0.0
GN73488_juodzbalis25,GN-73488,4.133,robust,mbh_minus_0p3dex,MBH -0.3 dex,-0.3,10000,20260808,30.0,0.1,1.0,seed_1e4_msun,seed1e4,4.0,10000.0,0.3,0.3,0.3,0.3,symmetric_reported,7.028019498787276,7.237127829356999,7.531645754518472,7.835457025040625,8.023793312427202,0.252610113536371,0.2700548093673504,0.29462473256082133,0.31996994568476816,0.3356817503672664,0.0,0.0
GN73488_juodzbalis25,GN-73488,4.133,robust,mbh_minus_0p3dex,MBH -0.3 dex,-0.3,10000,20260808,30.0,0.1,1.0,seed_1e5_msun,seed1e5,5.0,100000.0,0.3,0.3,0.3,0.3,symmetric_reported,7.028019498787276,7.237127829356999,7.531645754518472,7.835457025040625,8.023793312427202,0.1691859104764034,0.1866306063073828,0.21120052950085375,0.23654574262480063,0.25225754730729877,0.0,0.0
GN73488_juodzbalis25,GN-73488,4.133,robust,mbh_plus_0p3dex,MBH +0.3 dex,0.3,10000,20260808,30.0,0.1,1.0,seed_1e2_msun,seed1e2,2.0,100.0,0.3,0.3,0.3,0.3,symmetric_reported,7.628019498787276,7.837127829356999,8.131645754518471,8.435457025040625,8.623793312427203,0.4695130414922866,0.48695773732326597,0.511527660516737,0.5368728736406839,0.5525846783231821,0.0,0.0
GN73488_juodzbalis25,GN-73488,4.133,robust,mbh_plus_0p3dex,MBH +0.3 dex,0.3,10000,20260808,30.0,0.1,1.0,seed_1e4_msun,seed1e4,4.0,10000.0,0.3,0.3,0.3,0.3,symmetric_reported,7.628019498787276,7.837127829356999,8.131645754518471,8.435457025040625,8.623793312427203,0.3026646353723515,0.32010933120333085,0.3446792543968019,0.3700244675207488,0.385736272203247,0.0,0.0
GN73488_juodzbalis25,GN-73488,4.133,robust,mbh_plus_0p3dex,MBH +0.3 dex,0.3,10000,20260808,30.0,0.1,1.0,seed_1e5_msun,seed1e5,5.0,100000.0,0.3,0.3,0.3,0.3,symmetric_reported,7.628019498787276,7.837127829356999,8.131645754518471,8.435457025040625,8.623793312427203,0.2192404323123839,0.23668512814336326,0.26125505133683435,0.28660026446078124,0.3023120691432794,0.0,0.0
GN62309_juodzbalis25,GN-62309,5.172,robust,baseline,reported MBH,0.0,10000,20260808,30.0,0.1,1.0,seed_1e2_msun,seed1e2,2.0,100.0,0.36,0.33,0.36,0.33,asymmetric,5.74895785024013,5.9710731457003785,6.29825742401383,6.645869355831901,6.879951752480068,0.4215859427931919,0.4465637339517132,0.48335697035234426,0.5224473815695037,0.5487709231574374,0.0,0.0
GN62309_juodzbalis25,GN-62309,5.172,robust,baseline,reported MBH,0.0,10000,20260808,30.0,0.1,1.0,seed_1e4_msun,seed1e4,4.0,10000.0,0.36,0.33,0.36,0.33,asymmetric,5.74895785024013,5.9710731457003785,6.29825742401383,6.645869355831901,6.879951752480068,0.19667760312424187,0.22165539428276326,0.25844863068339424,0.2975390419005536,0.3238625834884875,0.0,0.0
GN62309_juodzbalis25,GN-62309,5.172,robust,baseline,reported MBH,0.0,10000,20260808,30.0,0.1,1.0,seed_1e5_msun,seed1e5,5.0,100000.0,0.36,0.33,0.36,0.33,asymmetric,5.74895785024013,5.9710731457003785,6.29825742401383,6.645869355831901,6.879951752480068,0.08422343328976688,0.10920122444828824,0.14599446084891926,0.18508487206607863,0.21140841365401247,0.0,0.0
GN62309_juodzbalis25,GN-62309,5.172,robust,mbh_minus_0p3dex,MBH -0.3 dex,-0.3,10000,20260808,30.0,0.1,1.0,seed_1e2_msun,seed1e2,2.0,100.0,0.36,0.33,0.36,0.33,asymmetric,5.44895785024013,5.671073145700379,5.99825742401383,6.345869355831901,6.579951752480068,0.3878496918428494,0.4128274830013708,0.44962071940200177,0.4887111306191611,0.515034672207095,0.0,0.0
GN62309_juodzbalis25,GN-62309,5.172,robust,mbh_minus_0p3dex,MBH -0.3 dex,-0.3,10000,20260808,30.0,0.1,1.0,seed_1e4_msun,seed1e4,4.0,10000.0,0.36,0.33,0.36,0.33,asymmetric,5.44895785024013,5.671073145700379,5.99825742401383,6.345869355831901,6.579951752480068,0.1629413521738994,0.18791914333242074,0.22471237973305178,0.26380279095021114,0.29012633253814496,0.0,0.0
GN62309_juodzbalis25,GN-62309,5.172,robust,mbh_minus_0p3dex,MBH -0.3 dex,-0.3,10000,20260808,30.0,0.1,1.0,seed_1e5_msun,seed1e5,5.0,100000.0,0.36,0.33,0.36,0.33,asymmetric,5.44895785024013,5.671073145700379,5.99825742401383,6.345869355831901,6.579951752480068,0.05048718233942439,0.07546497349794573,0.11225820989857675,0.15134862111573613,0.17767216270367,0.0,0.0
GN62309_juodzbalis25,GN-62309,5.172,robust,mbh_plus_0p3dex,MBH +0.3 dex,0.3,10000,20260808,30.0,0.1,1.0,seed_1e2_msun,seed1e2,2.0,100.0,0.36,0.33,0.36,0.33,asymmetric,6.0489578502401296,6.271073145700378,6.59825742401383,6.945869355831901,7.179951752480068,0.45532219374353433,0.48029998490205567,0.5170932213026869,0.5561836325198461,0.58250717410778,0.0,0.0
GN62309_juodzbalis25,GN-62309,5.172,robust,mbh_plus_0p3dex,MBH +0.3 dex,0.3,10000,20260808,30.0,0.1,1.0,seed_1e4_msun,seed1e4,4.0,10000.0,0.36,0.33,0.36,0.33,asymmetric,6.0489578502401296,6.271073145700378,6.59825742401383,6.945869355831901,7.179951752480068,0.2304138540745844,0.25539164523310565,0.29218488163373674,0.33127529285089613,0.35759883443882995,0.0,0.0
GN62309_juodzbalis25,GN-62309,5.172,robust,mbh_plus_0p3dex,MBH +0.3 dex,0.3,10000,20260808,30.0,0.1,1.0,seed_1e5_msun,seed1e5,5.0,100000.0,0.36,0.33,0.36,0.33,asymmetric,6.0489578502401296,6.271073145700378,6.59825742401383,6.945869355831901,7.179951752480068,0.11795968424010936,0.1429374753986307,0.17973071179926173,0.21882112301642112,0.24514466460435497,0.0,0.0
GN61888_juodzbalis25,GN-61888,5.874,robust,baseline,reported MBH,0.0,10000,20260808,30.0,0.1,1.0,seed_1e2_msun,seed1e2,2.0,100.0,0.33,0.32,0.33,0.32,asymmetric,6.51332702954704,6.718943047281149,7.043834527713303,7.374238085399504,7.594791502692245,0.6066598143427973,0.634297735177663,0.6779680927454166,0.7223793573517456,0.7520250919310351,0.0,0.0
GN61888_juodzbalis25,GN-61888,5.874,robust,baseline,reported MBH,0.0,10000,20260808,30.0,0.1,1.0,seed_1e4_msun,seed1e4,4.0,10000.0,0.33,0.32,0.33,0.32,asymmetric,6.51332702954704,6.718943047281149,7.043834527713303,7.374238085399504,7.594791502692245,0.3378293881976385,0.3654673090325041,0.40913766660025774,0.45354893120658696,0.48319466578587617,0.0,0.0
GN61888_juodzbalis25,GN-61888,5.874,robust,baseline,reported MBH,0.0,10000,20260808,30.0,0.1,1.0,seed_1e5_msun,seed1e5,5.0,100000.0,0.33,0.32,0.33,0.32,asymmetric,6.51332702954704,6.718943047281149,7.043834527713303,7.374238085399504,7.594791502692245,0.20341417512505905,0.23105209595992468,0.2747224535276783,0.3191337181340075,0.3487794527132967,0.0,0.0
GN61888_juodzbalis25,GN-61888,5.874,robust,mbh_minus_0p3dex,MBH -0.3 dex,-0.3,10000,20260808,30.0,0.1,1.0,seed_1e2_msun,seed1e2,2.0,100.0,0.33,0.32,0.33,0.32,asymmetric,6.21332702954704,6.418943047281149,6.743834527713302,7.074238085399505,7.294791502692245,0.5663352504210235,0.5939731712558892,0.6376435288236427,0.682054793429972,0.7117005280092612,0.0,0.0
GN61888_juodzbalis25,GN-61888,5.874,robust,mbh_minus_0p3dex,MBH -0.3 dex,-0.3,10000,20260808,30.0,0.1,1.0,seed_1e4_msun,seed1e4,4.0,10000.0,0.33,0.32,0.33,0.32,asymmetric,6.21332702954704,6.418943047281149,6.743834527713302,7.074238085399505,7.294791502692245,0.2975048242758647,0.3251427451107303,0.3688131026784839,0.4132243672848131,0.4428701018641023,0.0,0.0
GN61888_juodzbalis25,GN-61888,5.874,robust,mbh_minus_0p3dex,MBH -0.3 dex,-0.3,10000,20260808,30.0,0.1,1.0,seed_1e5_msun,seed1e5,5.0,100000.0,0.33,0.32,0.33,0.32,asymmetric,6.21332702954704,6.418943047281149,6.743834527713302,7.074238085399505,7.294791502692245,0.16308961120328525,0.19072753203815088,0.2343978896059045,0.2788091542122337,0.3084548887915229,0.0,0.0
GN61888_juodzbalis25,GN-61888,5.874,robust,mbh_plus_0p3dex,MBH +0.3 dex,0.3,10000,20260808,30.0,0.1,1.0,seed_1e2_msun,seed1e2,2.0,100.0,0.33,0.32,0.33,0.32,asymmetric,6.81332702954704,7.018943047281149,7.343834527713302,7.674238085399504,7.894791502692245,0.6469843782645711,0.6746222990994367,0.7182926566671903,0.7627039212735195,0.7923496558528088,0.0,0.0
GN61888_juodzbalis25,GN-61888,5.874,robust,mbh_plus_0p3dex,MBH +0.3 dex,0.3,10000,20260808,30.0,0.1,1.0,seed_1e4_msun,seed1e4,4.0,10000.0,0.33,0.32,0.33,0.32,asymmetric,6.81332702954704,7.018943047281149,7.343834527713302,7.674238085399504,7.894791502692245,0.37815395211941233,0.4057918729542779,0.4494622305220315,0.49387349512836065,0.52351922970765,0.0,0.0
GN61888_juodzbalis25,GN-61888,5.874,robust,mbh_plus_0p3dex,MBH +0.3 dex,0.3,10000,20260808,30.0,0.1,1.0,seed_1e5_msun,seed1e5,5.0,100000.0,0.33,0.32,0.33,0.32,asymmetric,6.81332702954704,7.018943047281149,7.343834527713302,7.674238085399504,7.894791502692245,0.24373873904683285,0.27137665988169846,0.31504701744945207,0.3594582820557813,0.38910401663507044,0.0,0.0
GN53757_juodzbalis25,GN-53757,4.447,robust,baseline,reported MBH,0.0,10000,20260808,30.0,0.1,1.0,seed_1e2_msun,seed1e2,2.0,100.0,0.31,0.31,0.31,0.31,symmetric_reported,6.819602646346178,7.028326316406949,7.337015945657127,7.648800226015062,7.847714881414997,0.44230360508404815,0.46145855176917394,0.48978755436297094,0.5184005586560526,0.536655314419817,0.0,0.0
GN53757_juodzbalis25,GN-53757,4.447,robust,baseline,reported MBH,0.0,10000,20260808,30.0,0.1,1.0,seed_1e4_msun,seed1e4,4.0,10000.0,0.31,0.31,0.31,0.31,symmetric_reported,6.819602646346178,7.028326316406949,7.337015945657127,7.648800226015062,7.847714881414997,0.2587600071821066,0.2779149538672324,0.3062439564610294,0.33485696075411103,0.3531117165178755,0.0,0.0
GN53757_juodzbalis25,GN-53757,4.447,robust,baseline,reported MBH,0.0,10000,20260808,30.0,0.1,1.0,seed_1e5_msun,seed1e5,5.0,100000.0,0.31,0.31,0.31,0.31,symmetric_reported,6.819602646346178,7.028326316406949,7.337015945657127,7.648800226015062,7.847714881414997,0.16698820823113586,0.18614315491626168,0.21447215751005866,0.24308516180314027,0.2613399175669047,0.0,0.0
GN53757_juodzbalis25,GN-53757,4.447,robust,mbh_minus_0p3dex,MBH -0.3 dex,-0.3,10000,20260808,30.0,0.1,1.0,seed_1e2_msun,seed1e2,2.0,100.0,0.31,0.31,0.31,0.31,symmetric_reported,6.519602646346178,6.72832631640695,7.037015945657126,7.348800226015062,7.547714881414997,0.41477206539875694,0.43392701208388273,0.4622560146776798,0.49086901897076135,0.5091237747345257,0.0,0.0
GN53757_juodzbalis25,GN-53757,4.447,robust,mbh_minus_0p3dex,MBH -0.3 dex,-0.3,10000,20260808,30.0,0.1,1.0,seed_1e4_msun,seed1e4,4.0,10000.0,0.31,0.31,0.31,0.31,symmetric_reported,6.519602646346178,6.72832631640695,7.037015945657126,7.348800226015062,7.547714881414997,0.2312284674968154,0.2503834141819412,0.2787124167757382,0.3073254210688198,0.3255801768325842,0.0,0.0
GN53757_juodzbalis25,GN-53757,4.447,robust,mbh_minus_0p3dex,MBH -0.3 dex,-0.3,10000,20260808,30.0,0.1,1.0,seed_1e5_msun,seed1e5,5.0,100000.0,0.31,0.31,0.31,0.31,symmetric_reported,6.519602646346178,6.72832631640695,7.037015945657126,7.348800226015062,7.547714881414997,0.13945666854584465,0.15861161523097045,0.18694061782476745,0.21555362211784906,0.23380837788161346,0.0,0.0
GN53757_juodzbalis25,GN-53757,4.447,robust,mbh_plus_0p3dex,MBH +0.3 dex,0.3,10000,20260808,30.0,0.1,1.0,seed_1e2_msun,seed1e2,2.0,100.0,0.31,0.31,0.31,0.31,symmetric_reported,7.119602646346178,7.328326316406949,7.637015945657126,7.948800226015062,8.147714881414997,0.4698351447693394,0.4889900914544652,0.5173190940482622,0.5459320983413438,0.5641868541051082,0.0,0.0
GN53757_juodzbalis25,GN-53757,4.447,robust,mbh_plus_0p3dex,MBH +0.3 dex,0.3,10000,20260808,30.0,0.1,1.0,seed_1e4_msun,seed1e4,4.0,10000.0,0.31,0.31,0.31,0.31,symmetric_reported,7.119602646346178,7.328326316406949,7.637015945657126,7.948800226015062,8.147714881414997,0.28629154686739783,0.3054464935525237,0.33377549614632057,0.36238850043940224,0.38064325620316664,0.0,0.0
GN53757_juodzbalis25,GN-53757,4.447,robust,mbh_plus_0p3dex,MBH +0.3 dex,0.3,10000,20260808,30.0,0.1,1.0,seed_1e5_msun,seed1e5,5.0,100000.0,0.31,0.31,0.31,0.31,symmetric_reported,7.119602646346178,7.328326316406949,7.637015945657126,7.948800226015062,8.147714881414997,0.19451974791642707,0.2136746946015529,0.24200369719534987,0.2706167014884315,0.28887145725219593,0.0,0.0
GS38562_juodzbalis25,GS-38562,4.822,robust,baseline,reported MBH,0.0,10000,20260808,30.0,0.1,1.0,seed_1e2_msun,seed1e2,2.0,100.0,0.3,0.31,0.3,0.31,asymmetric,6.994489723106773,7.203117360070561,7.5109795665118755,7.804915078146993,8.000587674930086,0.5105436832836319,0.5318698903869266,0.5633399931470149,0.5933864898018731,0.6133884146866383,0.0,0.0
GS38562_juodzbalis25,GS-38562,4.822,robust,baseline,reported MBH,0.0,10000,20260808,30.0,0.1,1.0,seed_1e4_msun,seed1e4,4.0,10000.0,0.3,0.31,0.3,0.31,asymmetric,6.994489723106773,7.203117360070561,7.5109795665118755,7.804915078146993,8.000587674930086,0.3061009027042164,0.32742710980751116,0.3588972125675993,0.38894370922245763,0.4089456341072228,0.0,0.0
GS38562_juodzbalis25,GS-38562,4.822,robust,baseline,reported MBH,0.0,10000,20260808,30.0,0.1,1.0,seed_1e5_msun,seed1e5,5.0,100000.0,0.3,0.31,0.3,0.31,asymmetric,6.994489723106773,7.203117360070561,7.5109795665118755,7.804915078146993,8.000587674930086,0.2038795124145086,0.22520571951780338,0.2566758222778916,0.28672231893274996,0.30672424381751506,0.0,0.0
GS38562_juodzbalis25,GS-38562,4.822,robust,mbh_minus_0p3dex,MBH -0.3 dex,-0.3,10000,20260808,30.0,0.1,1.0,seed_1e2_msun,seed1e2,2.0,100.0,0.3,0.31,0.3,0.31,asymmetric,6.6944897231067735,6.903117360070561,7.210979566511876,7.504915078146993,7.700587674930087,0.47987726619671955,0.5012034733000142,0.5326735760601025,0.5627200727149608,0.582721997599726,0.0,0.0
GS38562_juodzbalis25,GS-38562,4.822,robust,mbh_minus_0p3dex,MBH -0.3 dex,-0.3,10000,20260808,30.0,0.1,1.0,seed_1e4_msun,seed1e4,4.0,10000.0,0.3,0.31,0.3,0.31,asymmetric,6.6944897231067735,6.903117360070561,7.210979566511876,7.504915078146993,7.700587674930087,0.27543448561730405,0.2967606927205988,0.3282307954806871,0.35827729213554543,0.3782792170203106,0.0,0.0
GS38562_juodzbalis25,GS-38562,4.822,robust,mbh_minus_0p3dex,MBH -0.3 dex,-0.3,10000,20260808,30.0,0.1,1.0,seed_1e5_msun,seed1e5,5.0,100000.0,0.3,0.31,0.3,0.31,asymmetric,6.6944897231067735,6.903117360070561,7.210979566511876,7.504915078146993,7.700587674930087,0.1732130953275963,0.19453930243089104,0.22600940519097928,0.25605590184583765,0.27605782673060275,0.0,0.0
GS38562_juodzbalis25,GS-38562,4.822,robust,mbh_plus_0p3dex,MBH +0.3 dex,0.3,10000,20260808,30.0,0.1,1.0,seed_1e2_msun,seed1e2,2.0,100.0,0.3,0.31,0.3,0.31,asymmetric,7.294489723106773,7.5031173600705605,7.810979566511875,8.104915078146995,8.300587674930087,0.5412101003705443,0.5625363074738389,0.5940064102339272,0.6240529068887856,0.6440548317735507,0.0,0.0
GS38562_juodzbalis25,GS-38562,4.822,robust,mbh_plus_0p3dex,MBH +0.3 dex,0.3,10000,20260808,30.0,0.1,1.0,seed_1e4_msun,seed1e4,4.0,10000.0,0.3,0.31,0.3,0.31,asymmetric,7.294489723106773,7.5031173600705605,7.810979566511875,8.104915078146995,8.300587674930087,0.33676731979112867,0.35809352689442336,0.38956362965451163,0.4196101263093701,0.43961205119413527,0.0,0.0
GS38562_juodzbalis25,GS-38562,4.822,robust,mbh_plus_0p3dex,MBH +0.3 dex,0.3,10000,20260808,30.0,0.1,1.0,seed_1e5_msun,seed1e5,5.0,100000.0,0.3,0.31,0.3,0.31,asymmetric,7.294489723106773,7.5031173600705605,7.810979566511875,8.104915078146995,8.300587674930087,0.2345459295014209,0.25587213660471564,0.2873422393648039,0.31738873601966233,0.33739066090442754,0.0,0.0
GN38509_juodzbalis25,GN-38509,6.678,robust,baseline,reported MBH,0.0,10000,20260808,30.0,0.1,1.0,seed_1e2_msun,seed1e2,2.0,100.0,0.37,0.38,0.37,0.38,asymmetric,7.9424457265899875,8.195703434223589,8.571167354559117,8.932848190110644,9.175562588227919,0.9628609023292222,1.0038965223606824,1.06473334708904,1.1233368836962088,1.1626641598939167,0.8549,0.8549
GN38509_juodzbalis25,GN-38509,6.678,robust,baseline,reported MBH,0.0,10000,20260808,30.0,0.1,1.0,seed_1e4_msun,seed1e4,4.0,10000.0,0.37,0.38,0.37,0.38,asymmetric,7.9424457265899875,8.195703434223589,8.571167354559117,8.932848190110644,9.175562588227919,0.6387987411820643,0.6798343612135244,0.740671185941882,0.799274722549051,0.8386019987467587,0.0,0.0
GN38509_juodzbalis25,GN-38509,6.678,robust,baseline,reported MBH,0.0,10000,20260808,30.0,0.1,1.0,seed_1e5_msun,seed1e5,5.0,100000.0,0.37,0.38,0.37,0.38,asymmetric,7.9424457265899875,8.195703434223589,8.571167354559117,8.932848190110644,9.175562588227919,0.47676766060848524,0.5178032806399453,0.5786401053683031,0.637243641975472,0.6765709181731798,0.0,0.0
GN38509_juodzbalis25,GN-38509,6.678,robust,mbh_minus_0p3dex,MBH -0.3 dex,-0.3,10000,20260808,30.0,0.1,1.0,seed_1e2_msun,seed1e2,2.0,100.0,0.37,0.38,0.37,0.38,asymmetric,7.642445726589988,7.89570343422359,8.271167354559116,8.632848190110643,8.875562588227918,0.9142515781571484,0.9552871981886086,1.0161240229169661,1.074727559524135,1.114054835721843,0.6068,0.6068
GN38509_juodzbalis25,GN-38509,6.678,robust,mbh_minus_0p3dex,MBH -0.3 dex,-0.3,10000,20260808,30.0,0.1,1.0,seed_1e4_msun,seed1e4,4.0,10000.0,0.37,0.38,0.37,0.38,asymmetric,7.642445726589988,7.89570343422359,8.271167354559116,8.632848190110643,8.875562588227918,0.5901894170099907,0.6312250370414506,0.6920618617698082,0.7506653983769771,0.7899926745746849,0.0,0.0
GN38509_juodzbalis25,GN-38509,6.678,robust,mbh_minus_0p3dex,MBH -0.3 dex,-0.3,10000,20260808,30.0,0.1,1.0,seed_1e5_msun,seed1e5,5.0,100000.0,0.37,0.38,0.37,0.38,asymmetric,7.642445726589988,7.89570343422359,8.271167354559116,8.632848190110643,8.875562588227918,0.4281583364364116,0.4691939564678717,0.5300307811962293,0.5886343178033981,0.6279615940011058,0.0,0.0
GN38509_juodzbalis25,GN-38509,6.678,robust,mbh_plus_0p3dex,MBH +0.3 dex,0.3,10000,20260808,30.0,0.1,1.0,seed_1e2_msun,seed1e2,2.0,100.0,0.37,0.38,0.37,0.38,asymmetric,8.242445726589988,8.49570343422359,8.871167354559118,9.232848190110644,9.47556258822792,1.011470226501296,1.0525058465327561,1.1133426712611136,1.1719462078682825,1.2112734840659902,0.9663,0.9663
GN38509_juodzbalis25,GN-38509,6.678,robust,mbh_plus_0p3dex,MBH +0.3 dex,0.3,10000,20260808,30.0,0.1,1.0,seed_1e4_msun,seed1e4,4.0,10000.0,0.37,0.38,0.37,0.38,asymmetric,8.242445726589988,8.49570343422359,8.871167354559118,9.232848190110644,9.47556258822792,0.687408065354138,0.7284436853855981,0.789280510113956,0.8478840467211246,0.8872113229188325,0.0004,0.0004
GN38509_juodzbalis25,GN-38509,6.678,robust,mbh_plus_0p3dex,MBH +0.3 dex,0.3,10000,20260808,30.0,0.1,1.0,seed_1e5_msun,seed1e5,5.0,100000.0,0.37,0.38,0.37,0.38,asymmetric,8.242445726589988,8.49570343422359,8.871167354559118,9.232848190110644,9.47556258822792,0.5253769847805592,0.5664126048120193,0.627249429540377,0.6858529661475458,0.7251802423452537,0.0,0.0
GN20621_juodzbalis25,GN-20621,4.682,robust,baseline,reported MBH,0.0,10000,20260808,30.0,0.1,1.0,seed_1e2_msun,seed1e2,2.0,100.0,0.35,0.34,0.35,0.34,asymmetric,6.496459143469673,6.706454002718168,7.042910117789445,7.382863060668584,7.604485749046101,0.4418154802698793,0.4624492671303303,0.49550895150127466,0.5289122290436583,0.5506885493392447,0.0,0.0
GN20621_juodzbalis25,GN-20621,4.682,robust,baseline,reported MBH,0.0,10000,20260808,30.0,0.1,1.0,seed_1e4_msun,seed1e4,4.0,10000.0,0.35,0.34,0.35,0.34,asymmetric,6.496459143469673,6.706454002718168,7.042910117789445,7.382863060668584,7.604485749046101,0.24529841376365313,0.2659322006241041,0.2989918849950485,0.33239516253743207,0.3541714828330185,0.0,0.0
GN20621_juodzbalis25,GN-20621,4.682,robust,baseline,reported MBH,0.0,10000,20260808,30.0,0.1,1.0,seed_1e5_msun,seed1e5,5.0,100000.0,0.35,0.34,0.35,0.34,asymmetric,6.496459143469673,6.706454002718168,7.042910117789445,7.382863060668584,7.604485749046101,0.14703988051054007,0.167673667370991,0.20073335174193535,0.234136629284319,0.25591294957990546,0.0,0.0
GN20621_juodzbalis25,GN-20621,4.682,robust,mbh_minus_0p3dex,MBH -0.3 dex,-0.3,10000,20260808,30.0,0.1,1.0,seed_1e2_msun,seed1e2,2.0,100.0,0.35,0.34,0.35,0.34,asymmetric,6.196459143469673,6.406454002718168,6.742910117789445,7.0828630606685845,7.304485749046101,0.41233792029394545,0.4329717071543963,0.46603139152534073,0.4994346690677243,0.5212109893633108,0.0,0.0
GN20621_juodzbalis25,GN-20621,4.682,robust,mbh_minus_0p3dex,MBH -0.3 dex,-0.3,10000,20260808,30.0,0.1,1.0,seed_1e4_msun,seed1e4,4.0,10000.0,0.35,0.34,0.35,0.34,asymmetric,6.196459143469673,6.406454002718168,6.742910117789445,7.0828630606685845,7.304485749046101,0.21582085378771923,0.23645464064817018,0.26951432501911454,0.30291760256149813,0.32469392285708465,0.0,0.0
GN20621_juodzbalis25,GN-20621,4.682,robust,mbh_minus_0p3dex,MBH -0.3 dex,-0.3,10000,20260808,30.0,0.1,1.0,seed_1e5_msun,seed1e5,5.0,100000.0,0.35,0.34,0.35,0.34,asymmetric,6.196459143469673,6.406454002718168,6.742910117789445,7.0828630606685845,7.304485749046101,0.11756232053460615,0.13819610739505708,0.17125579176600142,0.20465906930838504,0.22643538960397155,0.0,0.0
GN20621_juodzbalis25,GN-20621,4.682,robust,mbh_plus_0p3dex,MBH +0.3 dex,0.3,10000,20260808,30.0,0.1,1.0,seed_1e2_msun,seed1e2,2.0,100.0,0.35,0.34,0.35,0.34,asymmetric,6.796459143469673,7.006454002718168,7.342910117789445,7.682863060668584,7.904485749046101,0.47129304024581326,0.49192682710626423,0.5249865114772085,0.5583897890195922,0.5801661093151786,0.0,0.0
GN20621_juodzbalis25,GN-20621,4.682,robust,mbh_plus_0p3dex,MBH +0.3 dex,0.3,10000,20260808,30.0,0.1,1.0,seed_1e4_msun,seed1e4,4.0,10000.0,0.35,0.34,0.35,0.34,asymmetric,6.796459143469673,7.006454002718168,7.342910117789445,7.682863060668584,7.904485749046101,0.27477597373958706,0.295409760600038,0.3284694449709824,0.361872722513366,0.38364904280895246,0.0,0.0
GN20621_juodzbalis25,GN-20621,4.682,robust,mbh_plus_0p3dex,MBH +0.3 dex,0.3,10000,20260808,30.0,0.1,1.0,seed_1e5_msun,seed1e5,5.0,100000.0,0.35,0.34,0.35,0.34,asymmetric,6.796459143469673,7.006454002718168,7.342910117789445,7.682863060668584,7.904485749046101,0.17651744048647397,0.19715122734692492,0.23021091171786928,0.2636141892602529,0.2853905095558394,0.0,0.0
GN11836_juodzbalis25,GN-11836,4.409,robust,baseline,reported MBH,0.0,10000,20260808,30.0,0.1,1.0,seed_1e2_msun,seed1e2,2.0,100.0,0.32,0.32,0.32,0.32,symmetric_reported,5.520160323889288,5.738428127199047,6.057744717707399,6.374500125085354,6.577852171086051,0.3194270935723058,0.33923319432246046,0.36820868437139287,0.3969517670274299,0.41540437913863537,0.0,0.0
GN11836_juodzbalis25,GN-11836,4.409,robust,baseline,reported MBH,0.0,10000,20260808,30.0,0.1,1.0,seed_1e4_msun,seed1e4,4.0,10000.0,0.32,0.32,0.32,0.32,symmetric_reported,5.520160323889288,5.738428127199047,6.057744717707399,6.374500125085354,6.577852171086051,0.13794269275991142,0.15774879351006602,0.1867242835589985,0.2154673662150355,0.233919978326241,0.0,0.0
GN11836_juodzbalis25,GN-11836,4.409,robust,baseline,reported MBH,0.0,10000,20260808,30.0,0.1,1.0,seed_1e5_msun,seed1e5,5.0,100000.0,0.32,0.32,0.32,0.32,symmetric_reported,5.520160323889288,5.738428127199047,6.057744717707399,6.374500125085354,6.577852171086051,0.04720049235371421,0.0670065931038688,0.09598208315280127,0.12472516580883829,0.1431777779200438,0.0,0.0
GN11836_juodzbalis25,GN-11836,4.409,robust,mbh_minus_0p3dex,MBH -0.3 dex,-0.3,10000,20260808,30.0,0.1,1.0,seed_1e2_msun,seed1e2,2.0,100.0,0.32,0.32,0.32,0.32,symmetric_reported,5.220160323889288,5.438428127199047,5.757744717707399,6.074500125085354,6.277852171086051,0.29220443345044667,0.31201053420060126,0.3409860242495337,0.3697291069055707,0.3881817190167763,0.0,0.0
GN11836_juodzbalis25,GN-11836,4.409,robust,mbh_minus_0p3dex,MBH -0.3 dex,-0.3,10000,20260808,30.0,0.1,1.0,seed_1e4_msun,seed1e4,4.0,10000.0,0.32,0.32,0.32,0.32,symmetric_reported,5.220160323889288,5.438428127199047,5.757744717707399,6.074500125085354,6.277852171086051,0.11072003263805226,0.13052613338820684,0.15950162343713933,0.18824470609317637,0.20669731820438186,0.0,0.0
GN11836_juodzbalis25,GN-11836,4.409,robust,mbh_minus_0p3dex,MBH -0.3 dex,-0.3,10000,20260808,30.0,0.1,1.0,seed_1e5_msun,seed1e5,5.0,100000.0,0.32,0.32,0.32,0.32,symmetric_reported,5.220160323889288,5.438428127199047,5.757744717707399,6.074500125085354,6.277852171086051,0.019977832231855067,0.03978393298200966,0.06875942303094212,0.09750250568697916,0.11595511779818467,0.0,0.0
GN11836_juodzbalis25,GN-11836,4.409,robust,mbh_plus_0p3dex,MBH +0.3 dex,0.3,10000,20260808,30.0,0.1,1.0,seed_1e2_msun,seed1e2,2.0,100.0,0.32,0.32,0.32,0.32,symmetric_reported,5.820160323889287,6.0384281271990465,6.357744717707399,6.674500125085354,6.877852171086051,0.34664975369416495,0.36645585444431955,0.395431344493252,0.42417442714928905,0.44262703926049457,0.0,0.0
GN11836_juodzbalis25,GN-11836,4.409,robust,mbh_plus_0p3dex,MBH +0.3 dex,0.3,10000,20260808,30.0,0.1,1.0,seed_1e4_msun,seed1e4,4.0,10000.0,0.32,0.32,0.32,0.32,symmetric_reported,5.820160323889287,6.0384281271990465,6.357744717707399,6.674500125085354,6.877852171086051,0.16516535288177056,0.18497145363192516,0.21394694368085762,0.24269002633689465,0.26114263844810015,0.0,0.0
GN11836_juodzbalis25,GN-11836,4.409,robust,mbh_plus_0p3dex,MBH +0.3 dex,0.3,10000,20260808,30.0,0.1,1.0,seed_1e5_msun,seed1e5,5.0,100000.0,0.32,0.32,0.32,0.32,symmetric_reported,5.820160323889287,6.0384281271990465,6.357744717707399,6.674500125085354,6.877852171086051,0.07442315247557335,0.09422925322572795,0.12320474327466041,0.15194782593069747,0.17040043804190294,0.0,0.0
GS8083_juodzbalis25,GS-8083,4.753,robust,baseline,reported MBH,0.0,10000,20260808,30.0,0.1,1.0,seed_1e2_msun,seed1e2,2.0,100.0,0.31,0.31,0.31,0.31,symmetric_reported,6.593942199966867,6.7974893470035225,7.103025168063538,7.409367963515735,7.6059058421886,0.4605842207294323,0.4809916616633328,0.5116243888336636,0.5423380224793902,0.562042720917479,0.0,0.0
GS8083_juodzbalis25,GS-8083,4.753,robust,baseline,reported MBH,0.0,10000,20260808,30.0,0.1,1.0,seed_1e4_msun,seed1e4,4.0,10000.0,0.31,0.31,0.31,0.31,symmetric_reported,6.593942199966867,6.7974893470035225,7.103025168063538,7.409367963515735,7.6059058421886,0.2600661468482441,0.2804735877821446,0.31110631495247537,0.34181994859820214,0.3615246470362908,0.0,0.0
GS8083_juodzbalis25,GS-8083,4.753,robust,baseline,reported MBH,0.0,10000,20260808,30.0,0.1,1.0,seed_1e5_msun,seed1e5,5.0,100000.0,0.31,0.31,0.31,0.31,symmetric_reported,6.593942199966867,6.7974893470035225,7.103025168063538,7.409367963515735,7.6059058421886,0.15980710990764999,0.1802145508415505,0.2108472780118813,0.24156091165760804,0.2612656100956967,0.0,0.0
GS8083_juodzbalis25,GS-8083,4.753,robust,mbh_minus_0p3dex,MBH -0.3 dex,-0.3,10000,20260808,30.0,0.1,1.0,seed_1e2_msun,seed1e2,2.0,100.0,0.31,0.31,0.31,0.31,symmetric_reported,6.293942199966867,6.497489347003523,6.803025168063538,7.109367963515735,7.3059058421886,0.43050650964725395,0.4509139505811545,0.4815466777514853,0.5122603113972121,0.5319650098353008,0.0,0.0
GS8083_juodzbalis25,GS-8083,4.753,robust,mbh_minus_0p3dex,MBH -0.3 dex,-0.3,10000,20260808,30.0,0.1,1.0,seed_1e4_msun,seed1e4,4.0,10000.0,0.31,0.31,0.31,0.31,symmetric_reported,6.293942199966867,6.497489347003523,6.803025168063538,7.109367963515735,7.3059058421886,0.22998843576606587,0.2503958766999664,0.2810286038702972,0.3117422375160239,0.3314469359541126,0.0,0.0
GS8083_juodzbalis25,GS-8083,4.753,robust,mbh_minus_0p3dex,MBH -0.3 dex,-0.3,10000,20260808,30.0,0.1,1.0,seed_1e5_msun,seed1e5,5.0,100000.0,0.31,0.31,0.31,0.31,symmetric_reported,6.293942199966867,6.497489347003523,6.803025168063538,7.109367963515735,7.3059058421886,0.12972939882547177,0.15013683975937228,0.18076956692970314,0.2114832005754298,0.23118789901351852,0.0,0.0
GS8083_juodzbalis25,GS-8083,4.753,robust,mbh_plus_0p3dex,MBH +0.3 dex,0.3,10000,20260808,30.0,0.1,1.0,seed_1e2_msun,seed1e2,2.0,100.0,0.31,0.31,0.31,0.31,symmetric_reported,6.893942199966867,7.097489347003522,7.403025168063538,7.709367963515735,7.9059058421885995,0.4906619318116104,0.5110693727455109,0.5417020999158417,0.5724157335615684,0.5921204319996571,0.0,0.0
GS8083_juodzbalis25,GS-8083,4.753,robust,mbh_plus_0p3dex,MBH +0.3 dex,0.3,10000,20260808,30.0,0.1,1.0,seed_1e4_msun,seed1e4,4.0,10000.0,0.31,0.31,0.31,0.31,symmetric_reported,6.893942199966867,7.097489347003522,7.403025168063538,7.709367963515735,7.9059058421885995,0.29014385793042224,0.3105512988643228,0.3411840260346536,0.37189765968038035,0.391602358118469,0.0,0.0
GS8083_juodzbalis25,GS-8083,4.753,robust,mbh_plus_0p3dex,MBH +0.3 dex,0.3,10000,20260808,30.0,0.1,1.0,seed_1e5_msun,seed1e5,5.0,100000.0,0.31,0.31,0.31,0.31,symmetric_reported,6.893942199966867,7.097489347003522,7.403025168063538,7.709367963515735,7.9059058421885995,0.18988482098982817,0.2102922619237287,0.24092498909405952,0.27163862273978623,0.2913433211778749,0.0,0.0
GN1093_juodzbalis25,GN-1093,5.594,robust,baseline,reported MBH,0.0,10000,20260808,30.0,0.1,1.0,seed_1e2_msun,seed1e2,2.0,100.0,0.34,0.33,0.34,0.33,asymmetric,6.598290194890724,6.814857297645573,7.139872502066009,7.478674401129335,7.699500338657439,0.5767264869423806,0.6038887535818096,0.6446527917576802,0.6871459839518806,0.7148424019199876,0.0,0.0
GN1093_juodzbalis25,GN-1093,5.594,robust,baseline,reported MBH,0.0,10000,20260808,30.0,0.1,1.0,seed_1e4_msun,seed1e4,4.0,10000.0,0.34,0.33,0.34,0.33,asymmetric,6.598290194890724,6.814857297645573,7.139872502066009,7.478674401129335,7.699500338657439,0.32588260258588836,0.35304486922531725,0.393808907401188,0.4363020995953884,0.46399851756349547,0.0,0.0
GN1093_juodzbalis25,GN-1093,5.594,robust,baseline,reported MBH,0.0,10000,20260808,30.0,0.1,1.0,seed_1e5_msun,seed1e5,5.0,100000.0,0.34,0.33,0.34,0.33,asymmetric,6.598290194890724,6.814857297645573,7.139872502066009,7.478674401129335,7.699500338657439,0.20046066040764224,0.22762292704707113,0.2683869652229418,0.31088015741714226,0.3385765753852493,0.0,0.0
GN1093_juodzbalis25,GN-1093,5.594,robust,mbh_minus_0p3dex,MBH -0.3 dex,-0.3,10000,20260808,30.0,0.1,1.0,seed_1e2_msun,seed1e2,2.0,100.0,0.34,0.33,0.34,0.33,asymmetric,6.298290194890725,6.514857297645573,6.839872502066009,7.178674401129335,7.39950033865744,0.5390999042889069,0.5662621709283358,0.6070262091042065,0.6495194012984068,0.6772158192665138,0.0,0.0
GN1093_juodzbalis25,GN-1093,5.594,robust,mbh_minus_0p3dex,MBH -0.3 dex,-0.3,10000,20260808,30.0,0.1,1.0,seed_1e4_msun,seed1e4,4.0,10000.0,0.34,0.33,0.34,0.33,asymmetric,6.298290194890725,6.514857297645573,6.839872502066009,7.178674401129335,7.39950033865744,0.2882560199324145,0.31541828657184345,0.3561823247477141,0.39867551694191466,0.4263719349100216,0.0,0.0
GN1093_juodzbalis25,GN-1093,5.594,robust,mbh_minus_0p3dex,MBH -0.3 dex,-0.3,10000,20260808,30.0,0.1,1.0,seed_1e5_msun,seed1e5,5.0,100000.0,0.34,0.33,0.34,0.33,asymmetric,6.298290194890725,6.514857297645573,6.839872502066009,7.178674401129335,7.39950033865744,0.16283407775416836,0.1899963443935973,0.23076038256946801,0.27325357476366846,0.30094999273177553,0.0,0.0
GN1093_juodzbalis25,GN-1093,5.594,robust,mbh_plus_0p3dex,MBH +0.3 dex,0.3,10000,20260808,30.0,0.1,1.0,seed_1e2_msun,seed1e2,2.0,100.0,0.34,0.33,0.34,0.33,asymmetric,6.898290194890724,7.114857297645573,7.439872502066009,7.778674401129335,7.999500338657439,0.6143530695958543,0.6415153362352835,0.6822793744111542,0.7247725666053546,0.7524689845734615,0.0,0.0
GN1093_juodzbalis25,GN-1093,5.594,robust,mbh_plus_0p3dex,MBH +0.3 dex,0.3,10000,20260808,30.0,0.1,1.0,seed_1e4_msun,seed1e4,4.0,10000.0,0.34,0.33,0.34,0.33,asymmetric,6.898290194890724,7.114857297645573,7.439872502066009,7.778674401129335,7.999500338657439,0.36350918523936215,0.39067145187879104,0.4314354900546618,0.47392868224886225,0.5016251002169692,0.0,0.0
GN1093_juodzbalis25,GN-1093,5.594,robust,mbh_plus_0p3dex,MBH +0.3 dex,0.3,10000,20260808,30.0,0.1,1.0,seed_1e5_msun,seed1e5,5.0,100000.0,0.34,0.33,0.34,0.33,asymmetric,6.898290194890724,7.114857297645573,7.439872502066009,7.778674401129335,7.999500338657439,0.23808724306111603,0.2652495097005449,0.30601354787641566,0.3485067400706161,0.3762031580387231,0.0,0.0
GN954_juodzbalis25,GN-954,6.759,robust,baseline,reported MBH,0.0,10000,20260808,30.0,0.1,1.0,seed_1e2_msun,seed1e2,2.0,100.0,0.31,0.32,0.31,0.32,asymmetric,7.177612516758182,7.379382438167307,7.6989547338557305,8.016505242229405,8.211544428664416,0.8541276290032703,0.8874127124311156,0.940131127787232,0.9925160179133501,1.024690762032048,0.1271,0.1271
GN954_juodzbalis25,GN-954,6.759,robust,baseline,reported MBH,0.0,10000,20260808,30.0,0.1,1.0,seed_1e4_msun,seed1e4,4.0,10000.0,0.31,0.32,0.31,0.32,asymmetric,7.177612516758182,7.379382438167307,7.6989547338557305,8.016505242229405,8.211544428664416,0.5241965550811691,0.5574816385090144,0.6102000538651307,0.6625849439912487,0.6947596881099465,0.0,0.0
GN954_juodzbalis25,GN-954,6.759,robust,baseline,reported MBH,0.0,10000,20260808,30.0,0.1,1.0,seed_1e5_msun,seed1e5,5.0,100000.0,0.31,0.32,0.31,0.32,asymmetric,7.177612516758182,7.379382438167307,7.6989547338557305,8.016505242229405,8.211544428664416,0.3592310181201185,0.39251610154796374,0.4452345169040801,0.4976194070301981,0.5297941511488958,0.0,0.0
GN954_juodzbalis25,GN-954,6.759,robust,mbh_minus_0p3dex,MBH -0.3 dex,-0.3,10000,20260808,30.0,0.1,1.0,seed_1e2_msun,seed1e2,2.0,100.0,0.31,0.32,0.31,0.32,asymmetric,6.877612516758182,7.079382438167308,7.39895473385573,7.716505242229406,7.911544428664415,0.8046379679149551,0.8379230513428005,0.8906414666989169,0.9430263568250348,0.9752011009437326,0.0167,0.0167
GN954_juodzbalis25,GN-954,6.759,robust,mbh_minus_0p3dex,MBH -0.3 dex,-0.3,10000,20260808,30.0,0.1,1.0,seed_1e4_msun,seed1e4,4.0,10000.0,0.31,0.32,0.31,0.32,asymmetric,6.877612516758182,7.079382438167308,7.39895473385573,7.716505242229406,7.911544428664415,0.47470689399285393,0.5079919774206992,0.5607103927768156,0.6130952829029336,0.6452700270216313,0.0,0.0
GN954_juodzbalis25,GN-954,6.759,robust,mbh_minus_0p3dex,MBH -0.3 dex,-0.3,10000,20260808,30.0,0.1,1.0,seed_1e5_msun,seed1e5,5.0,100000.0,0.31,0.32,0.31,0.32,asymmetric,6.877612516758182,7.079382438167308,7.39895473385573,7.716505242229406,7.911544428664415,0.3097413570318033,0.3430264404596486,0.3957448558157649,0.4481297459418829,0.48030449006058074,0.0,0.0
GN954_juodzbalis25,GN-954,6.759,robust,mbh_plus_0p3dex,MBH +0.3 dex,0.3,10000,20260808,30.0,0.1,1.0,seed_1e2_msun,seed1e2,2.0,100.0,0.31,0.32,0.31,0.32,asymmetric,7.477612516758182,7.679382438167307,7.998954733855729,8.316505242229406,8.511544428664417,0.9036172900915856,0.9369023735194308,0.9896207888755473,1.0420056790016654,1.074180423120363,0.423,0.423
GN954_juodzbalis25,GN-954,6.759,robust,mbh_plus_0p3dex,MBH +0.3 dex,0.3,10000,20260808,30.0,0.1,1.0,seed_1e4_msun,seed1e4,4.0,10000.0,0.31,0.32,0.31,0.32,asymmetric,7.477612516758182,7.679382438167307,7.998954733855729,8.316505242229406,8.511544428664417,0.5736862161694842,0.6069712995973296,0.6596897149534459,0.7120746050795641,0.7442493491982618,0.0,0.0
GN954_juodzbalis25,GN-954,6.759,robust,mbh_plus_0p3dex,MBH +0.3 dex,0.3,10000,20260808,30.0,0.1,1.0,seed_1e5_msun,seed1e5,5.0,100000.0,0.31,0.32,0.31,0.32,asymmetric,7.477612516758182,7.679382438167307,7.998954733855729,8.316505242229406,8.511544428664417,0.4087206792084336,0.4420057626362789,0.4947241779923952,0.5471090681185133,0.5792838122372111,0.0,0.0
GS200679_juodzbalis25,GS-200679,4.547,tentative,baseline,reported MBH,0.0,10000,20260808,30.0,0.1,1.0,seed_1e2_msun,seed1e2,2.0,100.0,0.6,0.3,0.6,0.3,asymmetric,5.69346392490452,5.8889316027255285,6.196013867544441,6.788901710598514,7.184957403594804,0.3490578864013087,0.3675309338893079,0.39655233182046207,0.45258433364239287,0.49001433591270444,0.0,0.0
GS200679_juodzbalis25,GS-200679,4.547,tentative,baseline,reported MBH,0.0,10000,20260808,30.0,0.1,1.0,seed_1e4_msun,seed1e4,4.0,10000.0,0.6,0.3,0.6,0.3,asymmetric,5.69346392490452,5.8889316027255285,6.196013867544441,6.788901710598514,7.184957403594804,0.16004405358834448,0.17851710107634372,0.20753849900749793,0.2635705008294287,0.3010005030997403,0.0,0.0
GS200679_juodzbalis25,GS-200679,4.547,tentative,baseline,reported MBH,0.0,10000,20260808,30.0,0.1,1.0,seed_1e5_msun,seed1e5,5.0,100000.0,0.6,0.3,0.6,0.3,asymmetric,5.69346392490452,5.8889316027255285,6.196013867544441,6.788901710598514,7.184957403594804,0.06553713718186241,0.08401018466986164,0.11303158260101584,0.1690635844229466,0.2064935866932582,0.0,0.0
GS200679_juodzbalis25,GS-200679,4.547,tentative,mbh_minus_0p3dex,MBH -0.3 dex,-0.3,10000,20260808,30.0,0.1,1.0,seed_1e2_msun,seed1e2,2.0,100.0,0.6,0.3,0.6,0.3,asymmetric,5.39346392490452,5.588931602725529,5.896013867544442,6.4889017105985145,6.884957403594804,0.32070581147936406,0.3391788589673633,0.36820025689851754,0.4242322587204482,0.46166226099075985,0.0,0.0
GS200679_juodzbalis25,GS-200679,4.547,tentative,mbh_minus_0p3dex,MBH -0.3 dex,-0.3,10000,20260808,30.0,0.1,1.0,seed_1e4_msun,seed1e4,4.0,10000.0,0.6,0.3,0.6,0.3,asymmetric,5.39346392490452,5.588931602725529,5.896013867544442,6.4889017105985145,6.884957403594804,0.1316919786663999,0.1501650261543991,0.1791864240855533,0.23521842590748407,0.27264842817779567,0.0,0.0
GS200679_juodzbalis25,GS-200679,4.547,tentative,mbh_minus_0p3dex,MBH -0.3 dex,-0.3,10000,20260808,30.0,0.1,1.0,seed_1e5_msun,seed1e5,5.0,100000.0,0.6,0.3,0.6,0.3,asymmetric,5.39346392490452,5.588931602725529,5.896013867544442,6.4889017105985145,6.884957403594804,0.037185062259917814,0.05565810974791704,0.08467950767907126,0.140711509501002,0.1781415117713136,0.0,0.0
GS200679_juodzbalis25,GS-200679,4.547,tentative,mbh_plus_0p3dex,MBH +0.3 dex,0.3,10000,20260808,30.0,0.1,1.0,seed_1e2_msun,seed1e2,2.0,100.0,0.6,0.3,0.6,0.3,asymmetric,5.993463924904519,6.188931602725528,6.496013867544441,7.088901710598514,7.484957403594803,0.37740996132325333,0.3958830088112525,0.4249044067424067,0.4809364085643374,0.5183664108346491,0.0,0.0
GS200679_juodzbalis25,GS-200679,4.547,tentative,mbh_plus_0p3dex,MBH +0.3 dex,0.3,10000,20260808,30.0,0.1,1.0,seed_1e4_msun,seed1e4,4.0,10000.0,0.6,0.3,0.6,0.3,asymmetric,5.993463924904519,6.188931602725528,6.496013867544441,7.088901710598514,7.484957403594803,0.18839612851028914,0.2068691759982883,0.23589057392944254,0.29192257575137326,0.3293525780216849,0.0,0.0
GS200679_juodzbalis25,GS-200679,4.547,tentative,mbh_plus_0p3dex,MBH +0.3 dex,0.3,10000,20260808,30.0,0.1,1.0,seed_1e5_msun,seed1e5,5.0,100000.0,0.6,0.3,0.6,0.3,asymmetric,5.993463924904519,6.188931602725528,6.496013867544441,7.088901710598514,7.484957403594803,0.09388921210380702,0.11236225959180625,0.14138365752296045,0.1974156593448912,0.23484566161520276,0.0,0.0
GS20057765_juodzbalis25,GS-20057765,8.913,tentative,baseline,reported MBH,0.0,10000,20260808,30.0,0.1,1.0,seed_1e2_msun,seed1e2,2.0,100.0,0.62,0.7,0.62,0.7,asymmetric,6.187374713876177,6.640600710763422,7.336445170701266,7.944373472294325,8.345261410615608,1.0648070306072484,1.1800578168194968,1.3570040238774854,1.5115940412208804,1.613535788587216,0.9769,0.9769
GS20057765_juodzbalis25,GS-20057765,8.913,tentative,baseline,reported MBH,0.0,10000,20260808,30.0,0.1,1.0,seed_1e4_msun,seed1e4,4.0,10000.0,0.62,0.7,0.62,0.7,asymmetric,6.187374713876177,6.640600710763422,7.336445170701266,7.944373472294325,8.345261410615608,0.5562272624395336,0.6714780486517821,0.8484242557097706,1.0030142730531657,1.1049560204195013,0.165,0.165
GS20057765_juodzbalis25,GS-20057765,8.913,tentative,baseline,reported MBH,0.0,10000,20260808,30.0,0.1,1.0,seed_1e5_msun,seed1e5,5.0,100000.0,0.62,0.7,0.62,0.7,asymmetric,6.187374713876177,6.640600710763422,7.336445170701266,7.944373472294325,8.345261410615608,0.3019373783556763,0.41718816456792474,0.5941343716259133,0.7487243889693084,0.850666136335644,0.0045,0.0045
GS20057765_juodzbalis25,GS-20057765,8.913,tentative,mbh_minus_0p3dex,MBH -0.3 dex,-0.3,10000,20260808,30.0,0.1,1.0,seed_1e2_msun,seed1e2,2.0,100.0,0.62,0.7,0.62,0.7,asymmetric,5.887374713876177,6.340600710763423,7.036445170701267,7.644373472294325,8.045261410615607,0.9885200653820913,1.1037708515943399,1.2807170586523282,1.4353070759957234,1.5372488233620585,0.9435,0.9435
GS20057765_juodzbalis25,GS-20057765,8.913,tentative,mbh_minus_0p3dex,MBH -0.3 dex,-0.3,10000,20260808,30.0,0.1,1.0,seed_1e4_msun,seed1e4,4.0,10000.0,0.62,0.7,0.62,0.7,asymmetric,5.887374713876177,6.340600710763423,7.036445170701267,7.644373472294325,8.045261410615607,0.4799402972143765,0.5951910834266249,0.7721372904846135,0.9267273078280087,1.028669055194344,0.0714,0.0714
GS20057765_juodzbalis25,GS-20057765,8.913,tentative,mbh_minus_0p3dex,MBH -0.3 dex,-0.3,10000,20260808,30.0,0.1,1.0,seed_1e5_msun,seed1e5,5.0,100000.0,0.62,0.7,0.62,0.7,asymmetric,5.887374713876177,6.340600710763423,7.036445170701267,7.644373472294325,8.045261410615607,0.22565041313051912,0.3409011993427676,0.5178474064007561,0.6724374237441513,0.7743791711104867,0.0009,0.0009
GS20057765_juodzbalis25,GS-20057765,8.913,tentative,mbh_plus_0p3dex,MBH +0.3 dex,0.3,10000,20260808,30.0,0.1,1.0,seed_1e2_msun,seed1e2,2.0,100.0,0.62,0.7,0.62,0.7,asymmetric,6.487374713876177,6.940600710763422,7.636445170701267,8.244373472294326,8.645261410615609,1.1410939958324056,1.256344782044654,1.4332909891026426,1.5878810064460378,1.6898227538123736,0.9908,0.9908
GS20057765_juodzbalis25,GS-20057765,8.913,tentative,mbh_plus_0p3dex,MBH +0.3 dex,0.3,10000,20260808,30.0,0.1,1.0,seed_1e4_msun,seed1e4,4.0,10000.0,0.62,0.7,0.62,0.7,asymmetric,6.487374713876177,6.940600710763422,7.636445170701267,8.244373472294326,8.645261410615609,0.6325142276646908,0.7477650138769392,0.924711220934928,1.0793012382783231,1.1812429856446587,0.3061,0.3061
GS20057765_juodzbalis25,GS-20057765,8.913,tentative,mbh_plus_0p3dex,MBH +0.3 dex,0.3,10000,20260808,30.0,0.1,1.0,seed_1e5_msun,seed1e5,5.0,100000.0,0.62,0.7,0.62,0.7,asymmetric,6.487374713876177,6.940600710763422,7.636445170701267,8.244373472294326,8.645261410615609,0.37822434358083346,0.4934751297930819,0.6704213368510705,0.8250113541944659,0.9269531015608016,0.0175,0.0175
GS20030333_juodzbalis25,GS-20030333,7.891,tentative,baseline,reported MBH,0.0,10000,20260808,30.0,0.1,1.0,seed_1e2_msun,seed1e2,2.0,100.0,0.65,0.48,0.65,0.48,asymmetric,6.6303284946874985,6.9367267353381195,7.411843410225941,8.06272611664605,8.479702243075696,0.9681099984083786,1.0321718032260996,1.1315092916779825,1.267595976801808,1.3547774278710545,0.9086,0.9086
GS20030333_juodzbalis25,GS-20030333,7.891,tentative,baseline,reported MBH,0.0,10000,20260808,30.0,0.1,1.0,seed_1e4_msun,seed1e4,4.0,10000.0,0.65,0.48,0.65,0.48,asymmetric,6.6303284946874985,6.9367267353381195,7.411843410225941,8.06272611664605,8.479702243075696,0.5499496024368542,0.6140114072545754,0.7133488957064582,0.8494355808302834,0.9366170318995299,0.018,0.018
GS20030333_juodzbalis25,GS-20030333,7.891,tentative,baseline,reported MBH,0.0,10000,20260808,30.0,0.1,1.0,seed_1e5_msun,seed1e5,5.0,100000.0,0.65,0.48,0.65,0.48,asymmetric,6.6303284946874985,6.9367267353381195,7.411843410225941,8.06272611664605,8.479702243075696,0.34086940445109193,0.40493120926881304,0.5042686977206959,0.6403553828445211,0.7275368339137677,0.0,0.0
GS20030333_juodzbalis25,GS-20030333,7.891,tentative,mbh_minus_0p3dex,MBH -0.3 dex,-0.3,10000,20260808,30.0,0.1,1.0,seed_1e2_msun,seed1e2,2.0,100.0,0.65,0.48,0.65,0.48,asymmetric,6.330328494687499,6.63672673533812,7.1118434102259425,7.762726116646051,8.179702243075695,0.90538593901265,0.969447743830371,1.068785232282254,1.2048719174060791,1.2920533684753257,0.7549,0.7549
GS20030333_juodzbalis25,GS-20030333,7.891,tentative,mbh_minus_0p3dex,MBH -0.3 dex,-0.3,10000,20260808,30.0,0.1,1.0,seed_1e4_msun,seed1e4,4.0,10000.0,0.65,0.48,0.65,0.48,asymmetric,6.330328494687499,6.63672673533812,7.1118434102259425,7.762726116646051,8.179702243075695,0.4872255430411256,0.5512873478588466,0.6506248363107296,0.7867115214345547,0.8738929725038012,0.0055,0.0055
GS20030333_juodzbalis25,GS-20030333,7.891,tentative,mbh_minus_0p3dex,MBH -0.3 dex,-0.3,10000,20260808,30.0,0.1,1.0,seed_1e5_msun,seed1e5,5.0,100000.0,0.65,0.48,0.65,0.48,asymmetric,6.330328494687499,6.63672673533812,7.1118434102259425,7.762726116646051,8.179702243075695,0.2781453450553633,0.34220714987308437,0.44154463832496726,0.5776313234487924,0.6648127745180388,0.0,0.0
GS20030333_juodzbalis25,GS-20030333,7.891,tentative,mbh_plus_0p3dex,MBH +0.3 dex,0.3,10000,20260808,30.0,0.1,1.0,seed_1e2_msun,seed1e2,2.0,100.0,0.65,0.48,0.65,0.48,asymmetric,6.930328494687498,7.236726735338119,7.711843410225942,8.362726116646051,8.779702243075697,1.0308340578041075,1.0948958626218284,1.1942333510737113,1.3303200361975367,1.417501487266783,0.9762,0.9762
GS20030333_juodzbalis25,GS-20030333,7.891,tentative,mbh_plus_0p3dex,MBH +0.3 dex,0.3,10000,20260808,30.0,0.1,1.0,seed_1e4_msun,seed1e4,4.0,10000.0,0.65,0.48,0.65,0.48,asymmetric,6.930328494687498,7.236726735338119,7.711843410225942,8.362726116646051,8.779702243075697,0.6126736618325829,0.6767354666503038,0.776072955102187,0.9121596402260123,0.9993410912952586,0.0496,0.0496
GS20030333_juodzbalis25,GS-20030333,7.891,tentative,mbh_plus_0p3dex,MBH +0.3 dex,0.3,10000,20260808,30.0,0.1,1.0,seed_1e5_msun,seed1e5,5.0,100000.0,0.65,0.48,0.65,0.48,asymmetric,6.930328494687498,7.236726735338119,7.711843410225942,8.362726116646051,8.779702243075697,0.4035934638468206,0.4676552686645416,0.5669927571164246,0.7030794422402499,0.7902608933094963,0.0007,0.0007
GS164055_juodzbalis25,GS-164055,7.397,tentative,baseline,reported MBH,0.0,10000,20260808,30.0,0.1,1.0,seed_1e2_msun,seed1e2,2.0,100.0,0.59,0.66,0.59,0.66,asymmetric,6.550658633195793,6.987702965824251,7.627334162559942,8.21137659473583,8.60721986698662,0.8605257564871847,0.9431704756955391,1.0641242021360655,1.1745661395080678,1.249419772522671,0.7046,0.7046
GS164055_juodzbalis25,GS-164055,7.397,tentative,baseline,reported MBH,0.0,10000,20260808,30.0,0.1,1.0,seed_1e4_msun,seed1e4,4.0,10000.0,0.59,0.66,0.59,0.66,asymmetric,6.550658633195793,6.987702965824251,7.627334162559942,8.21137659473583,8.60721986698662,0.48232742264166706,0.5649721418500216,0.685925868290548,0.79636780566255,0.8712214386771534,0.002,0.002
GS164055_juodzbalis25,GS-164055,7.397,tentative,baseline,reported MBH,0.0,10000,20260808,30.0,0.1,1.0,seed_1e5_msun,seed1e5,5.0,100000.0,0.59,0.66,0.59,0.66,asymmetric,6.550658633195793,6.987702965824251,7.627334162559942,8.21137659473583,8.60721986698662,0.2932282557189082,0.37587297492726285,0.4968267013677892,0.6072686387397913,0.6821222717543948,0.0,0.0
GS164055_juodzbalis25,GS-164055,7.397,tentative,mbh_minus_0p3dex,MBH -0.3 dex,-0.3,10000,20260808,30.0,0.1,1.0,seed_1e2_msun,seed1e2,2.0,100.0,0.59,0.66,0.59,0.66,asymmetric,6.250658633195793,6.6877029658242515,7.327334162559943,7.91137659473583,8.30721986698662,0.8037960064103569,0.8864407256187116,1.007394452059238,1.1178363894312402,1.1926900224458434,0.5227,0.5227
GS164055_juodzbalis25,GS-164055,7.397,tentative,mbh_minus_0p3dex,MBH -0.3 dex,-0.3,10000,20260808,30.0,0.1,1.0,seed_1e4_msun,seed1e4,4.0,10000.0,0.59,0.66,0.59,0.66,asymmetric,6.250658633195793,6.6877029658242515,7.327334162559943,7.91137659473583,8.30721986698662,0.4255976725648394,0.508242391773194,0.6291961182137205,0.7396380555857225,0.8144916886003258,0.0005,0.0005
GS164055_juodzbalis25,GS-164055,7.397,tentative,mbh_minus_0p3dex,MBH -0.3 dex,-0.3,10000,20260808,30.0,0.1,1.0,seed_1e5_msun,seed1e5,5.0,100000.0,0.59,0.66,0.59,0.66,asymmetric,6.250658633195793,6.6877029658242515,7.327334162559943,7.91137659473583,8.30721986698662,0.23649850564208064,0.3191432248504352,0.4400969512909616,0.5505388886629637,0.6253925216775671,0.0,0.0
GS164055_juodzbalis25,GS-164055,7.397,tentative,mbh_plus_0p3dex,MBH +0.3 dex,0.3,10000,20260808,30.0,0.1,1.0,seed_1e2_msun,seed1e2,2.0,100.0,0.59,0.66,0.59,0.66,asymmetric,6.850658633195793,7.287702965824251,7.9273341625599425,8.51137659473583,8.90721986698662,0.9172555065640122,0.9999002257723668,1.1208539522128933,1.2312958895848956,1.306149522599499,0.8395,0.8395
GS164055_juodzbalis25,GS-164055,7.397,tentative,mbh_plus_0p3dex,MBH +0.3 dex,0.3,10000,20260808,30.0,0.1,1.0,seed_1e4_msun,seed1e4,4.0,10000.0,0.59,0.66,0.59,0.66,asymmetric,6.850658633195793,7.287702965824251,7.9273341625599425,8.51137659473583,8.90721986698662,0.5390571727184945,0.6217018919268493,0.7426556183673756,0.853097555739378,0.9279511887539814,0.0095,0.0095
GS164055_juodzbalis25,GS-164055,7.397,tentative,mbh_plus_0p3dex,MBH +0.3 dex,0.3,10000,20260808,30.0,0.1,1.0,seed_1e5_msun,seed1e5,5.0,100000.0,0.59,0.66,0.59,0.66,asymmetric,6.850658633195793,7.287702965824251,7.9273341625599425,8.51137659473583,8.90721986698662,0.3499580057957359,0.43260272500409047,0.5535564514446168,0.6639983888166191,0.7388520218312224,0.0,0.0
GN4685_juodzbalis25,GN-4685,7.415,tentative,baseline,reported MBH,0.0,10000,20260808,30.0,0.1,1.0,seed_1e2_msun,seed1e2,2.0,100.0,0.45,0.42,0.45,0.42,asymmetric,6.65281492598327,6.93441095024996,7.358535794229488,7.816408036834594,8.110372291417864,0.8831365971663269,0.936585478886869,1.0170873207706024,1.1039946533646952,1.1597911111243693,0.5804,0.5804
GN4685_juodzbalis25,GN-4685,7.415,tentative,baseline,reported MBH,0.0,10000,20260808,30.0,0.1,1.0,seed_1e4_msun,seed1e4,4.0,10000.0,0.45,0.42,0.45,0.42,asymmetric,6.65281492598327,6.93441095024996,7.358535794229488,7.816408036834594,8.110372291417864,0.5035227026894493,0.5569715844099913,0.6374734262937245,0.7243807588878176,0.7801772166474915,0.0,0.0
GN4685_juodzbalis25,GN-4685,7.415,tentative,baseline,reported MBH,0.0,10000,20260808,30.0,0.1,1.0,seed_1e5_msun,seed1e5,5.0,100000.0,0.45,0.42,0.45,0.42,asymmetric,6.65281492598327,6.93441095024996,7.358535794229488,7.816408036834594,8.110372291417864,0.31371575545101055,0.36716463717155245,0.4476664790552858,0.5345738116493788,0.5903702694090527,0.0,0.0
GN4685_juodzbalis25,GN-4685,7.415,tentative,mbh_minus_0p3dex,MBH -0.3 dex,-0.3,10000,20260808,30.0,0.1,1.0,seed_1e2_msun,seed1e2,2.0,100.0,0.45,0.42,0.45,0.42,asymmetric,6.35281492598327,6.63441095024996,7.058535794229488,7.516408036834594,7.810372291417865,0.8261945129947954,0.8796433947153373,0.9601452365990706,1.0470525691931636,1.1028490269528377,0.3225,0.3225
GN4685_juodzbalis25,GN-4685,7.415,tentative,mbh_minus_0p3dex,MBH -0.3 dex,-0.3,10000,20260808,30.0,0.1,1.0,seed_1e4_msun,seed1e4,4.0,10000.0,0.45,0.42,0.45,0.42,asymmetric,6.35281492598327,6.63441095024996,7.058535794229488,7.516408036834594,7.810372291417865,0.44658061851791775,0.5000295002384597,0.580531342122193,0.667438674716286,0.7232351324759598,0.0,0.0
GN4685_juodzbalis25,GN-4685,7.415,tentative,mbh_minus_0p3dex,MBH -0.3 dex,-0.3,10000,20260808,30.0,0.1,1.0,seed_1e5_msun,seed1e5,5.0,100000.0,0.45,0.42,0.45,0.42,asymmetric,6.35281492598327,6.63441095024996,7.058535794229488,7.516408036834594,7.810372291417865,0.256773671279479,0.3102225530000209,0.3907243948837542,0.47763172747784716,0.533428185237521,0.0,0.0
GN4685_juodzbalis25,GN-4685,7.415,tentative,mbh_plus_0p3dex,MBH +0.3 dex,0.3,10000,20260808,30.0,0.1,1.0,seed_1e2_msun,seed1e2,2.0,100.0,0.45,0.42,0.45,0.42,asymmetric,6.95281492598327,7.23441095024996,7.658535794229488,8.116408036834594,8.410372291417865,0.9400786813378584,0.9935275630584005,1.074029404942134,1.160936737536227,1.216733195295901,0.8199,0.8199
GN4685_juodzbalis25,GN-4685,7.415,tentative,mbh_plus_0p3dex,MBH +0.3 dex,0.3,10000,20260808,30.0,0.1,1.0,seed_1e4_msun,seed1e4,4.0,10000.0,0.45,0.42,0.45,0.42,asymmetric,6.95281492598327,7.23441095024996,7.658535794229488,8.116408036834594,8.410372291417865,0.560464786860981,0.613913668581523,0.6944155104652562,0.7813228430593493,0.8371193008190233,0.0001,0.0001
GN4685_juodzbalis25,GN-4685,7.415,tentative,mbh_plus_0p3dex,MBH +0.3 dex,0.3,10000,20260808,30.0,0.1,1.0,seed_1e5_msun,seed1e5,5.0,100000.0,0.45,0.42,0.45,0.42,asymmetric,6.95281492598327,7.23441095024996,7.658535794229488,8.116408036834594,8.410372291417865,0.37065783962254223,0.42410672134308414,0.5046085632268174,0.5915158958209104,0.6473123535805845,0.0,0.0
