rank_uncertainty_pressure,rank_physical_pressure,measurement_id,object_id,redshift,quality_flag,measurement_confidence_tier,physical_growth_pressure_tier,uncertainty_growth_pressure_tier,followup_priority_category,uncertainty_followup_category,uncertainty_followup_reason,uncertainty_pressure_score_0_100,physical_pressure_score_0_100,prob_required_fedd_seed1e2_gt_1_baseline,prob_required_mseed_fedd0p3_gt_1e5_baseline,prob_required_mseed_fedd0p3_gt_1e6_baseline,rank_followup_priority,physical_object_id,cosmic_time_gyr,delta_t_z30_gyr,survey,object_class,source_key,source_table,log_mbh_msun,log_mbh_err_plus,log_mbh_err_minus,mbh_method,log_mstar_msun,log_mstar_err_plus,log_mstar_err_minus,mstar_method,edd_ratio_reported,log_mbh_mstar_ratio,mbh_mstar_ratio,mbh_mstar_tension_label,missing_mstar_flag,missing_lbol_flag,missing_edd_ratio_flag,missing_lensing_flag,agn_contam_flag,req_fedd_seed1e2_z30_eps0p1_b1,req_fedd_seed1e4_z30_eps0p1_b1,req_fedd_seed1e5_z30_eps0p1_b1,req_fedd_seed1e2_label,req_fedd_seed1e4_label,req_fedd_seed1e5_label,req_log_mseed_fedd0p3_z30_eps0p1_b1,req_mseed_fedd0p3_msun,req_mseed_fedd0p3_label,req_log_mseed_fedd1_z30_eps0p1_b1,req_mseed_fedd1_msun,req_mseed_fedd1_label,req_fedd_seed1e2_mbh_minus0p3,req_fedd_seed1e2_mbh_plus0p3,req_log_mseed_fedd0p3_mbh_minus0p3,req_log_mseed_fedd0p3_mbh_plus0p3,light_seed_superedd_robust_mbh_minus0p3,gentle_growth_above_heavy_robust_mbh_minus0p3,growth_pressure_robustness_label,caveat_tags,primary_caveat,most_needed_followup,followup_priority_reason,measurement_confidence_score_0_100,followup_value_score_0_100,ranking_note,notes,log_mbh_sigma_plus_used,log_mbh_sigma_minus_used,mbh_uncertainty_mode,req_fedd_seed1e2_p16_baseline,req_fedd_seed1e2_p50_baseline,req_fedd_seed1e2_p84_baseline,p_req_fedd_seed1e2_gt1_baseline,req_fedd_seed1e4_p16_baseline,req_fedd_seed1e4_p50_baseline,req_fedd_seed1e4_p84_baseline,p_req_fedd_seed1e4_gt1_baseline,prob_required_fedd_seed1e4_gt_1_baseline,req_fedd_seed1e5_p16_baseline,req_fedd_seed1e5_p50_baseline,req_fedd_seed1e5_p84_baseline,p_req_fedd_seed1e5_gt1_baseline,prob_required_fedd_seed1e5_gt_1_baseline,req_log_mseed_fedd0p3_p16_baseline,req_log_mseed_fedd0p3_p50_baseline,req_log_mseed_fedd0p3_p84_baseline,p_req_log_mseed_fedd0p3_gt1e5_baseline,p_req_log_mseed_fedd0p3_gt1e6_baseline,req_log_mseed_fedd1_p16_baseline,req_log_mseed_fedd1_p50_baseline,req_log_mseed_fedd1_p84_baseline,p_req_log_mseed_fedd1_gt1e5_baseline,p_req_log_mseed_fedd1_gt1e6_baseline,prob_required_mseed_fedd1_gt_1e5_baseline,prob_required_mseed_fedd1_gt_1e6_baseline,req_fedd_seed1e2_p16_mbh_minus_0p3dex,req_fedd_seed1e2_p50_mbh_minus_0p3dex,req_fedd_seed1e2_p84_mbh_minus_0p3dex,p_req_fedd_seed1e2_gt1_mbh_minus_0p3dex,prob_required_fedd_seed1e2_gt_1_mbh_minus_0p3dex,req_fedd_seed1e4_p16_mbh_minus_0p3dex,req_fedd_seed1e4_p50_mbh_minus_0p3dex,req_fedd_seed1e4_p84_mbh_minus_0p3dex,p_req_fedd_seed1e4_gt1_mbh_minus_0p3dex,prob_required_fedd_seed1e4_gt_1_mbh_minus_0p3dex,req_fedd_seed1e5_p16_mbh_minus_0p3dex,req_fedd_seed1e5_p50_mbh_minus_0p3dex,req_fedd_seed1e5_p84_mbh_minus_0p3dex,p_req_fedd_seed1e5_gt1_mbh_minus_0p3dex,prob_required_fedd_seed1e5_gt_1_mbh_minus_0p3dex,req_log_mseed_fedd0p3_p16_mbh_minus_0p3dex,req_log_mseed_fedd0p3_p50_mbh_minus_0p3dex,req_log_mseed_fedd0p3_p84_mbh_minus_0p3dex,p_req_log_mseed_fedd0p3_gt1e5_mbh_minus_0p3dex,p_req_log_mseed_fedd0p3_gt1e6_mbh_minus_0p3dex,prob_required_mseed_fedd0p3_gt_1e5_mbh_minus_0p3dex,prob_required_mseed_fedd0p3_gt_1e6_mbh_minus_0p3dex,req_log_mseed_fedd1_p16_mbh_minus_0p3dex,req_log_mseed_fedd1_p50_mbh_minus_0p3dex,req_log_mseed_fedd1_p84_mbh_minus_0p3dex,p_req_log_mseed_fedd1_gt1e5_mbh_minus_0p3dex,p_req_log_mseed_fedd1_gt1e6_mbh_minus_0p3dex,prob_required_mseed_fedd1_gt_1e5_mbh_minus_0p3dex,prob_required_mseed_fedd1_gt_1e6_mbh_minus_0p3dex,req_fedd_seed1e2_p16_mbh_plus_0p3dex,req_fedd_seed1e2_p50_mbh_plus_0p3dex,req_fedd_seed1e2_p84_mbh_plus_0p3dex,p_req_fedd_seed1e2_gt1_mbh_plus_0p3dex,prob_required_fedd_seed1e2_gt_1_mbh_plus_0p3dex,req_fedd_seed1e4_p16_mbh_plus_0p3dex,req_fedd_seed1e4_p50_mbh_plus_0p3dex,req_fedd_seed1e4_p84_mbh_plus_0p3dex,p_req_fedd_seed1e4_gt1_mbh_plus_0p3dex,prob_required_fedd_seed1e4_gt_1_mbh_plus_0p3dex,req_fedd_seed1e5_p16_mbh_plus_0p3dex,req_fedd_seed1e5_p50_mbh_plus_0p3dex,req_fedd_seed1e5_p84_mbh_plus_0p3dex,p_req_fedd_seed1e5_gt1_mbh_plus_0p3dex,prob_required_fedd_seed1e5_gt_1_mbh_plus_0p3dex,req_log_mseed_fedd0p3_p16_mbh_plus_0p3dex,req_log_mseed_fedd0p3_p50_mbh_plus_0p3dex,req_log_mseed_fedd0p3_p84_mbh_plus_0p3dex,p_req_log_mseed_fedd0p3_gt1e5_mbh_plus_0p3dex,p_req_log_mseed_fedd0p3_gt1e6_mbh_plus_0p3dex,prob_required_mseed_fedd0p3_gt_1e5_mbh_plus_0p3dex,prob_required_mseed_fedd0p3_gt_1e6_mbh_plus_0p3dex,req_log_mseed_fedd1_p16_mbh_plus_0p3dex,req_log_mseed_fedd1_p50_mbh_plus_0p3dex,req_log_mseed_fedd1_p84_mbh_plus_0p3dex,p_req_log_mseed_fedd1_gt1e5_mbh_plus_0p3dex,p_req_log_mseed_fedd1_gt1e6_mbh_plus_0p3dex,prob_required_mseed_fedd1_gt_1e5_mbh_plus_0p3dex,prob_required_mseed_fedd1_gt_1e6_mbh_plus_0p3dex
1,1,GN38509_juodzbalis25,GN-38509,6.678,robust,high,high,likely_high_pressure,A_robust_high_pressure,A_likely_robust_high_pressure,"GN-38509 is robust with likely_high_pressure under baseline assumptions (z_seed=30, epsilon=0.1, no merger): prob_required_fedd_seed1e2_gt_1=0.85; prob_required_mseed_fedd0p3_gt_1e6=0.97; measurement tier=high.",97.44062179744108,98.44540599147037,0.8549,1.0,0.9701,1,GN-38509,0.8105236210227595,0.7105380908536351,JADES,broad-line-agn,juodzbalis25_jades_blagn,"Table 2 (BH/Lbol/lambda_Edd), Table 5 (Mstar)",8.57,0.37,0.38,single-epoch-virial-halpha,9.19,0.4,0.4,beagle-spectral-decomposition,0.015,-0.6199999999999992,0.23988329190194949,extreme,False,False,False,True,1,1.064544199368414,0.7404820382212559,0.578450957647677,super_eddington,eddington_like,eddington_like,6.71850336776117,5230020.218152459,above_heavy_seed_scale,2.398344559203899,250.23298650402447,intermediate_seed_scale,1.0159348751963402,1.1131535235404877,6.418503367761169,7.018503367761171,True,True,robust_high,single_source_measurement;missing_lensing;agn_contam_mstar,single-source v1 measurement,improved AGN-host decomposition and independent host mass,"GN-38509 is robust and high growth pressure under baseline assumptions: light-seed required lifetime-average f_Edd=1.065, gentle-growth required log M_seed=6.719.",90,100.0,high growth pressure; high measurement confidence; extreme MBH/Mstar tension.,Robust sample; Mstar uses BEAGLE value.,0.37,0.38,asymmetric,1.0038965223606824,1.06473334708904,1.1233368836962088,0.8549,0.6798343612135244,0.740671185941882,0.799274722549051,0.0,0.0,0.5178032806399453,0.5786401053683031,0.637243641975472,0.0,0.0,6.344206801984759,6.719670722320287,7.081351557871814,1.0,0.9701,2.0240479934274878,2.399511913763016,2.7611927493145427,0.0,0.0,0.0,0.0,0.9552871981886086,1.0161240229169661,1.074727559524135,0.6068,0.6068,0.6312250370414506,0.6920618617698082,0.7506653983769771,0.0,0.0,0.4691939564678717,0.5300307811962293,0.5886343178033981,0.0,0.0,6.0442068019847595,6.419670722320286,6.7813515578718135,0.9999,0.8671,0.9999,0.8671,1.7240479934274882,2.099511913763015,2.461192749314542,0.0,0.0,0.0,0.0,1.0525058465327561,1.1133426712611136,1.1719462078682825,0.9663,0.9663,0.7284436853855981,0.789280510113956,0.8478840467211246,0.0004,0.0004,0.5664126048120193,0.627249429540377,0.6858529661475458,0.0,0.0,6.64420680198476,7.019670722320288,7.381351557871815,1.0,0.9963,1.0,0.9963,2.3240479934274885,2.6995119137630166,3.0611927493145434,0.0,0.0,0.0,0.0
2,2,GS20057765_juodzbalis25,GS-20057765,8.913,tentative,medium,high,likely_high_pressure,B_tentative_high_pressure,B_likely_tentative_high_pressure,"GS-20057765 is tentative with likely_high_pressure under baseline assumptions (z_seed=30, epsilon=0.1, no merger): prob_required_fedd_seed1e2_gt_1=0.98; prob_required_mseed_fedd0p3_gt_1e6=0.59; measurement tier=medium.",96.51492705417398,93.77309018057997,0.9769,0.9513,0.5851,2,GS-20057765,0.5527336017822919,0.4527480716131674,JADES,broad-line-agn,juodzbalis25_jades_blagn,"Table 2 (BH/Lbol/lambda_Edd), Table 5 (Mstar)",7.33,0.62,0.7,single-epoch-virial-halpha,7.4,0.78,0.97,beagle-spectral-decomposition,0.051,-0.0700000000000002,0.8511380382023761,extreme,False,False,False,True,1,1.3553650821669596,0.8467853139992451,0.5924954299153876,super_eddington,eddington_like,eddington_like,6.150244064836379,1413331.585645026,above_heavy_seed_scale,3.397480216121263,2497.3546219099526,intermediate_seed_scale,1.2790781169418026,1.4316520473921168,5.850244064836379,6.450244064836379,True,False,robust_high,single_source_measurement;tentative;missing_lensing;agn_contam_mstar,tentative source-paper classification,confirm broad-line/BH interpretation and refine virial mass,"GS-20057765 is high growth pressure but measurement-sensitive (tentative source-paper classification): light-seed required lifetime-average f_Edd=1.355, gentle-growth required log M_seed=6.150.",60,96.68865450902899,high growth pressure; medium measurement confidence; extreme MBH/Mstar tension.,Tentative sample; Mstar uses BEAGLE value.,0.62,0.7,asymmetric,1.1800578168194968,1.3570040238774854,1.5115940412208804,0.9769,0.6714780486517821,0.8484242557097706,1.0030142730531657,0.165,0.165,0.41718816456792474,0.5941343716259133,0.7487243889693084,0.0045,0.0045,5.460844775599801,6.156689235537645,6.764617537130704,0.9513,0.5851,2.7080809268846857,3.403925386822529,4.011853688415588,0.0045,0.0,0.0045,0.0,1.1037708515943399,1.2807170586523282,1.4353070759957234,0.9435,0.9435,0.5951910834266249,0.7721372904846135,0.9267273078280087,0.0714,0.0714,0.3409011993427676,0.5178474064007561,0.6724374237441513,0.0009,0.0009,5.160844775599801,5.856689235537646,6.464617537130704,0.8913,0.4041,0.8913,0.4041,2.408080926884686,3.1039253868225294,3.711853688415588,0.0009,0.0,0.0009,0.0,1.256344782044654,1.4332909891026426,1.5878810064460378,0.9908,0.9908,0.7477650138769392,0.924711220934928,1.0793012382783231,0.3061,0.3061,0.4934751297930819,0.6704213368510705,0.8250113541944659,0.0175,0.0175,5.760844775599801,6.456689235537645,7.0646175371307045,0.9813,0.7408,0.9813,0.7408,3.0080809268846855,3.703925386822529,4.311853688415589,0.0175,0.0,0.0175,0.0
3,4,GS20030333_juodzbalis25,GS-20030333,7.891,tentative,low,high,likely_high_pressure,B_tentative_high_pressure,B_likely_tentative_high_pressure,"GS-20030333 is tentative with likely_high_pressure under baseline assumptions (z_seed=30, epsilon=0.1, no merger): prob_required_fedd_seed1e2_gt_1=0.91; prob_required_mseed_fedd0p3_gt_1e6=0.48; measurement tier=low.",86.00599879887471,74.67999599624905,0.9086,0.9813,0.483,4,GS-20030333,0.6506319125565291,0.5506463823874046,JADES,broad-line-agn,juodzbalis25_jades_blagn,"Table 2 (BH/Lbol/lambda_Edd), Table 5 (Mstar)",7.42,0.65,0.48,single-epoch-virial-halpha,,,,,0.08,,,not_available,True,False,False,True,1,1.1332146730828314,0.7150542771113069,0.5059740791255446,super_eddington,eddington_like,eddington_like,5.985143887894973,966370.9983157188,heavy_seed_scale,2.6371462929832443,433.656932010178,intermediate_seed_scale,1.0704906136871029,1.19593873247856,5.685143887894974,6.285143887894973,True,False,robust_high,single_source_measurement;tentative;missing_mstar;missing_lensing;agn_contam_mstar,tentative source-paper classification,confirm broad-line/BH interpretation and refine virial mass,"GS-20030333 is high growth pressure but measurement-sensitive (tentative source-paper classification): light-seed required lifetime-average f_Edd=1.133, gentle-growth required log M_seed=5.985.",35,95.73399979981245,high growth pressure; low measurement confidence; not_available MBH/Mstar tension.,Tentative sample; BEAGLE Mstar unavailable in Table 5.,0.65,0.48,asymmetric,1.0321718032260996,1.1315092916779825,1.267595976801808,0.9086,0.6140114072545754,0.7133488957064582,0.8494355808302834,0.018,0.018,0.40493120926881304,0.5042686977206959,0.6403553828445211,0.0,0.0,5.501870623233093,5.976987298120916,6.627870004541024,0.9813,0.483,2.153873028321364,2.6289897032091862,3.279872409629295,0.0,0.0,0.0,0.0,0.969447743830371,1.068785232282254,1.2048719174060791,0.7549,0.7549,0.5512873478588466,0.6506248363107296,0.7867115214345547,0.0055,0.0055,0.34220714987308437,0.44154463832496726,0.5776313234487924,0.0,0.0,5.201870623233093,5.676987298120915,6.327870004541024,0.923,0.3135,0.923,0.3135,1.853873028321364,2.3289897032091864,2.9798724096292952,0.0,0.0,0.0,0.0,1.0948958626218284,1.1942333510737113,1.3303200361975367,0.9762,0.9762,0.6767354666503038,0.776072955102187,0.9121596402260123,0.0496,0.0496,0.4676552686645416,0.5669927571164246,0.7030794422402499,0.0007,0.0007,5.801870623233093,6.276987298120915,6.927870004541025,0.9968,0.7207,0.9968,0.7207,2.4538730283213637,2.928989703209186,3.5798724096292958,0.0007,0.0,0.0007,0.0
4,3,GS164055_juodzbalis25,GS-164055,7.397,tentative,low,high,likely_high_pressure,B_tentative_high_pressure,B_likely_tentative_high_pressure,"GS-164055 is tentative with likely_high_pressure under baseline assumptions (z_seed=30, epsilon=0.1, no merger): prob_required_fedd_seed1e2_gt_1=0.70; prob_required_mseed_fedd0p3_gt_1e6=0.52; measurement tier=low.",72.05517308766905,75.7772436255635,0.7046,0.9435,0.5239,3,GS-164055,0.7088155769811714,0.6088300468120469,JADES,broad-line-agn,juodzbalis25_jades_blagn,"Table 2 (BH/Lbol/lambda_Edd), Table 5 (Mstar)",7.63,0.59,0.66,single-epoch-virial-halpha,,,,,0.03,,,not_available,True,False,False,True,1,1.064628309775132,0.6864299759296144,0.4973308090068556,super_eddington,eddington_like,eddington_like,6.043530821515778,1105428.9179639083,above_heavy_seed_scale,2.341769405052591,219.66931970009583,intermediate_seed_scale,1.0078985596983043,1.1213580598519597,5.743530821515778,6.3435308215157775,True,False,robust_high,single_source_measurement;tentative;missing_mstar;missing_lensing;agn_contam_mstar,tentative source-paper classification,confirm broad-line/BH interpretation and refine virial mass,"GS-164055 is high growth pressure but measurement-sensitive (tentative source-paper classification): light-seed required lifetime-average f_Edd=1.065, gentle-growth required log M_seed=6.044.",35,95.78886218127818,high growth pressure; low measurement confidence; not_available MBH/Mstar tension.,Tentative sample; BEAGLE Mstar unavailable in Table 5.,0.59,0.66,asymmetric,0.9431704756955391,1.0641242021360655,1.1745661395080678,0.7046,0.5649721418500216,0.685925868290548,0.79636780566255,0.002,0.002,0.37587297492726285,0.4968267013677892,0.6072686387397913,0.0,0.0,5.401233787340029,6.04086498407572,6.624907416251608,0.9435,0.5239,1.6994723708768422,2.339103567612533,2.9231459997884204,0.0,0.0,0.0,0.0,0.8864407256187116,1.007394452059238,1.1178363894312402,0.5227,0.5227,0.508242391773194,0.6291961182137205,0.7396380555857225,0.0005,0.0005,0.3191432248504352,0.4400969512909616,0.5505388886629637,0.0,0.0,5.101233787340029,5.740864984075721,6.324907416251608,0.8754,0.3342,0.8754,0.3342,1.3994723708768424,2.0391035676125333,2.6231459997884206,0.0,0.0,0.0,0.0,0.9999002257723668,1.1208539522128933,1.2312958895848956,0.8395,0.8395,0.6217018919268493,0.7426556183673756,0.853097555739378,0.0095,0.0095,0.43260272500409047,0.5535564514446168,0.6639983888166191,0.0,0.0,5.701233787340029,6.34086498407572,6.924907416251608,0.9801,0.7057,0.9801,0.7057,1.999472370876842,2.639103567612533,3.223145999788421,0.0,0.0,0.0,0.0
5,6,GN4685_juodzbalis25,GN-4685,7.415,tentative,medium,high,likely_high_pressure,B_tentative_high_pressure,B_likely_tentative_high_pressure,"GN-4685 is tentative with likely_high_pressure under baseline assumptions (z_seed=30, epsilon=0.1, no merger): prob_required_fedd_seed1e2_gt_1=0.58; prob_required_mseed_fedd0p3_gt_1e6=0.31; measurement tier=medium.",60.542500177673304,66.38166725891102,0.5804,0.965,0.3133,5,GN-4685,0.7065452811411209,0.6065597509719964,JADES,broad-line-agn,juodzbalis25_jades_blagn,"Table 2 (BH/Lbol/lambda_Edd), Table 5 (Mstar)",7.36,0.45,0.42,single-epoch-virial-halpha,9.91,0.22,0.21,beagle-spectral-decomposition,0.045,-2.55,0.002818382931264455,low_or_typical,False,False,False,True,1,1.0173652371980322,0.6377513427211544,0.4479443954827156,super_eddington,eddington_like,eddington_like,5.779446683249509,601792.3785076987,heavy_seed_scale,2.091488944165028,123.44938882587766,intermediate_seed_scale,0.9604231530265004,1.0743073213695635,5.479446683249509,6.079446683249508,False,False,baseline_high_only,single_source_measurement;tentative;missing_lensing;agn_contam_mstar,tentative source-paper classification,confirm broad-line/BH interpretation and refine virial mass,"GN-4685 is high growth pressure but measurement-sensitive (tentative source-paper classification): light-seed required lifetime-average f_Edd=1.017, gentle-growth required log M_seed=5.779.",60,95.31908336294555,high growth pressure; medium measurement confidence; low_or_typical MBH/Mstar tension.,Tentative sample; Mstar uses BEAGLE value.,0.45,0.42,asymmetric,0.936585478886869,1.0170873207706024,1.1039946533646952,0.5804,0.5569715844099913,0.6374734262937245,0.7243807588878176,0.0,0.0,0.36716463717155245,0.4476664790552858,0.5345738116493788,0.0,0.0,5.3538576334994685,5.7779824774789965,6.235854720084102,0.965,0.3133,1.6658998944149879,2.090024738394516,2.5478969809996213,0.0,0.0,0.0,0.0,0.8796433947153373,0.9601452365990706,1.0470525691931636,0.3225,0.3225,0.5000295002384597,0.580531342122193,0.667438674716286,0.0,0.0,0.3102225530000209,0.3907243948837542,0.47763172747784716,0.0,0.0,5.053857633499469,5.477982477478997,5.9358547200841025,0.8704,0.1286,0.8704,0.1286,1.365899894414988,1.790024738394516,2.2478969809996214,0.0,0.0,0.0,0.0,0.9935275630584005,1.074029404942134,1.160936737536227,0.8199,0.8199,0.613913668581523,0.6944155104652562,0.7813228430593493,0.0001,0.0001,0.42410672134308414,0.5046085632268174,0.5915158958209104,0.0,0.0,5.653857633499468,6.077982477478996,6.535854720084102,0.9943,0.5704,0.9943,0.5704,1.9658998944149877,2.3900247383945157,2.847896980999621,0.0,0.0,0.0,0.0
6,5,GN954_juodzbalis25,GN-954,6.759,robust,high,medium,possible_high_pressure,D_systematics_leverage,C_uncertain_high_pressure,"GN-954 is robust with possible_high_pressure under baseline assumptions (z_seed=30, epsilon=0.1, no merger): prob_required_fedd_seed1e2_gt_1=0.13; prob_required_mseed_fedd0p3_gt_1e6=0.36; measurement tier=high.",55.526167976547654,68.7122265884922,0.1271,0.9975,0.3561,7,GN-954,0.7978843566184635,0.697898826449339,JADES,broad-line-agn,juodzbalis25_jades_blagn,"Table 2 (BH/Lbol/lambda_Edd), Table 5 (Mstar)",7.7,0.31,0.32,single-epoch-virial-halpha,10.93,0.11,0.11,beagle-spectral-decomposition,0.23,-3.2299999999999995,0.0005888436553555896,low_or_typical,False,False,False,True,1,0.9403035606779888,0.6103724867558875,0.4454069497948368,eddington_like,eddington_like,eddington_like,5.881438344477782,761094.0810264318,heavy_seed_scale,1.6381278149259382,43.46381214109415,light_seed_scale,0.8908138995896736,0.989793221766304,5.581438344477782,6.181438344477781,False,False,systematics_sensitive,single_source_measurement;missing_lensing;agn_contam_mstar,single-source v1 measurement,use as robust comparison anchor in expanded atlas,GN-954 changes ranking tier under +/-0.3 dex BH-mass systematics.,90,73.4356113294246,medium growth pressure; high measurement confidence; low_or_typical MBH/Mstar tension.,Robust sample; Mstar uses BEAGLE value.,0.31,0.32,asymmetric,0.8874127124311156,0.940131127787232,0.9925160179133501,0.1271,0.5574816385090144,0.6102000538651307,0.6625849439912487,0.0,0.0,0.39251610154796374,0.4452345169040801,0.4976194070301981,0.0,0.0,5.560820782645089,5.880393078333512,6.197943586707187,0.9975,0.3561,1.3175102530932452,1.637082548781668,1.9546330571553436,0.0,0.0,0.0,0.0,0.8379230513428005,0.8906414666989169,0.9430263568250348,0.0167,0.0167,0.5079919774206992,0.5607103927768156,0.6130952829029336,0.0,0.0,0.3430264404596486,0.3957448558157649,0.4481297459418829,0.0,0.0,5.260820782645089,5.580393078333511,5.897943586707187,0.9665,0.091,0.9665,0.091,1.0175102530932454,1.3370825487816682,1.6546330571553438,0.0,0.0,0.0,0.0,0.9369023735194308,0.9896207888755473,1.0420056790016654,0.423,0.423,0.6069712995973296,0.6596897149534459,0.7120746050795641,0.0,0.0,0.4420057626362789,0.4947241779923952,0.5471090681185133,0.0,0.0,5.860820782645089,6.180393078333511,6.497943586707188,1.0,0.7139,1.0,0.7139,1.617510253093245,1.9370825487816679,2.254633057155344,0.0,0.0,0.0,0.0
7,7,GS210600_juodzbalis25,GS-210600,6.306,robust,high,medium,possible_high_pressure,C_host_ratio_tension,C_uncertain_high_pressure,"GS-210600 is robust with possible_high_pressure under baseline assumptions (z_seed=30, epsilon=0.1, no merger): prob_required_fedd_seed1e2_gt_1=0.00; prob_required_mseed_fedd0p3_gt_1e6=0.03; measurement tier=high.",45.86835832684777,50.44952775615923,0.0001,0.8781,0.0343,6,GS-210600,0.8730973651000309,0.7731118349309064,JADES,broad-line-agn,juodzbalis25_jades_blagn,"Table 2 (BH/Lbol/lambda_Edd), Table 5 (Mstar)",7.41,0.33,0.34,single-epoch-virial-halpha,8.4,0.61,0.61,beagle-spectral-decomposition,0.057,-0.9900000000000002,0.10232929922807536,extreme,False,False,False,True,1,0.8056392872456208,0.5078059093359644,0.3588892203811361,eddington_like,eddington_like,eddington_like,5.395450777172458,248571.1818308616,heavy_seed_scale,0.6948359239081938,4.952630454912391,below_light_seed_scale,0.7609642805591724,0.8503142939320691,5.095450777172459,5.695450777172459,False,False,low,single_source_measurement;missing_lensing;agn_contam_mstar,single-source v1 measurement,improved AGN-host decomposition and independent host mass,GS-210600 has extreme M_BH/Mstar tension (log ratio=-0.99) and merits host-mass follow-up.,90,80.52247638780796,medium growth pressure; high measurement confidence; extreme MBH/Mstar tension.,Robust sample; Mstar uses BEAGLE value.,0.33,0.34,asymmetric,0.7552733950821765,0.8056880025682861,0.8552613767583985,0.0001,0.4574400171725201,0.5078546246586296,0.5574279988487422,0.0,0.0,0.3085233282176918,0.3589379357038014,0.4085113098939139,0.0,0.0,5.057235547456184,5.395777908557176,5.728671250049276,0.8781,0.0343,0.3566206941919191,0.6951630552929111,1.028056396785011,0.0,0.0,0.0,0.0,0.710598388395728,0.7610129958818376,0.81058637007195,0.0,0.0,0.41276501048607167,0.46317961797218116,0.5127529921622936,0.0,0.0,0.2638483215312434,0.3142629290173529,0.3638363032074654,0.0,0.0,4.757235547456184,5.095777908557176,5.428671250049276,0.6112,0.0039,0.6112,0.0039,0.05662069419191927,0.3951630552929113,0.7280563967850112,0.0,0.0,0.0,0.0,0.7999484017686249,0.8503630092547345,0.8999363834448472,0.0016,0.0016,0.5021150238589684,0.552529631345078,0.6021030055351906,0.0,0.0,0.35319833490414027,0.40361294239024986,0.4531863165803624,0.0,0.0,5.357235547456184,5.695777908557176,6.028671250049276,0.9787,0.1835,0.9787,0.1835,0.6566206941919189,0.9951630552929109,1.3280563967850116,0.0,0.0,0.0,0.0
8,8,GS10013704_juodzbalis25,GS-10013704,5.919,robust,high,medium,possible_high_pressure,E_comparison_anchor,C_uncertain_high_pressure,"GS-10013704 is robust with possible_high_pressure under baseline assumptions (z_seed=30, epsilon=0.1, no merger): prob_required_fedd_seed1e2_gt_1=0.00; prob_required_mseed_fedd0p3_gt_1e6=0.01; measurement tier=high.",40.31456326829904,44.011877560996815,0.0,0.7746,0.0074,8,GS-10013704,0.947209215281436,0.8472236851123114,JADES,broad-line-agn,juodzbalis25_jades_blagn,"Table 2 (BH/Lbol/lambda_Edd), Table 5 (Mstar)",7.44,0.31,0.31,single-epoch-virial-halpha,8.9,0.9,0.9,beagle-spectral-decomposition,0.055,-1.46,0.034673685045253165,elevated,False,False,False,True,1,0.7392417802995619,0.4674617140129583,0.3315716808696565,eddington_like,eddington_like,eddington_like,5.232332571707911,170738.93640196577,heavy_seed_scale,0.0811085723597004,1.2053372335182566,below_light_seed_scale,0.6984747703565715,0.7800087902425527,4.932332571707911,5.532332571707911,False,False,low,single_source_measurement;missing_lensing;agn_contam_mstar,single-source v1 measurement,use as robust comparison anchor in expanded atlas,GS-10013704 is a robust medium-pressure comparison anchor for the high-leverage cases.,90,60.200593878049844,medium growth pressure; high measurement confidence; elevated MBH/Mstar tension.,Robust sample; Mstar uses BEAGLE value.,0.31,0.31,symmetric_reported,0.6980416154219302,0.739381804486617,0.7804389071562341,0.0,0.42626154913532643,0.4676017382000134,0.5086588408696305,0.0,0.0,0.2903715159920246,0.33171170505671155,0.3727688077263287,0.0,0.0,4.9291450315725385,5.233362994497692,5.535497755376886,0.7746,0.0074,-0.22207896777567193,0.08213899514948153,0.3842737560286752,0.0,0.0,0.0,0.0,0.6572746054789396,0.6986147945436264,0.7396718972132437,0.0,0.0,0.3854945391923359,0.4268347282570228,0.46789183092664,0.0,0.0,0.24960450604903406,0.29094469511372095,0.33200179778333816,0.0,0.0,4.629145031572539,4.933362994497692,5.235497755376886,0.4114,0.0001,0.4114,0.0001,-0.5220789677756718,-0.2178610048505183,0.0842737560286754,0.0,0.0,0.0,0.0,0.7388086253649206,0.7801488144296076,0.8212059170992247,0.0,0.0,0.467028559078317,0.5083687481430038,0.5494258508126211,0.0,0.0,0.33113852593501514,0.372478714999702,0.4135358176693192,0.0,0.0,5.229145031572538,5.533362994497692,5.835497755376886,0.9583,0.0647,0.9583,0.0647,0.0779210322243279,0.38213899514948135,0.684273756028675,0.0,0.0,0.0,0.0
9,9,GS204851_juodzbalis25,GS-204851,5.48,robust,high,medium,possible_high_pressure,E_comparison_anchor,C_uncertain_high_pressure,"GS-204851 is robust with possible_high_pressure under baseline assumptions (z_seed=30, epsilon=0.1, no merger): prob_required_fedd_seed1e2_gt_1=0.00; prob_required_mseed_fedd0p3_gt_1e6=0.01; measurement tier=high.",39.50952097645241,43.498403254841364,0.0,0.756,0.0073,9,GS-204851,1.044830104321813,0.9448445741526882,JADES,broad-line-agn,juodzbalis25_jades_blagn,"Table 2 (BH/Lbol/lambda_Edd), Table 5 (Mstar)",7.68,0.32,0.31,single-epoch-virial-halpha,10.74,0.09,0.09,beagle-spectral-decomposition,0.16,-3.0600000000000005,0.0008709635899560796,low_or_typical,False,False,False,True,1,0.6921076590789973,0.4484077791216038,0.3265578391429071,eddington_like,eddington_like,eddington_like,5.217955291135558,165179.1744181242,heavy_seed_scale,-0.5268156962148058,0.2972927400579016,below_light_seed_scale,0.6555526770853881,0.7286626410726061,4.917955291135558,5.517955291135558,False,False,low,single_source_measurement;missing_lensing;agn_contam_mstar,single-source v1 measurement,use as robust comparison anchor in expanded atlas,GS-204851 is a robust medium-pressure comparison anchor for the high-leverage cases.,90,60.17492016274207,medium growth pressure; high measurement confidence; low_or_typical MBH/Mstar tension.,Robust sample; Mstar uses BEAGLE value.,0.32,0.31,asymmetric,0.6538613287000886,0.6919394791256304,0.7314306271162573,0.0,0.4101614487426952,0.448239599168237,0.487730747158864,0.0,0.0,0.2883115087639985,0.3263896591895403,0.3658808071801673,0.0,0.0,4.904074706659314,5.216575069254478,5.540671642445497,0.756,0.0073,-0.8406962806910503,-0.5281959180958853,-0.20409934490486634,0.0,0.0,0.0,0.0,0.6173063467064797,0.6553844971320213,0.6948756451226484,0.0,0.0,0.3736064667490862,0.411684617174628,0.4511757651652549,0.0,0.0,0.25175652677038957,0.28983467719593126,0.32932582518655823,0.0,0.0,4.604074706659314,4.916575069254479,5.2406716424454975,0.3984,0.0005,0.3984,0.0005,-1.1406962806910501,-0.8281959180958851,-0.5040993449048662,0.0,0.0,0.0,0.0,0.6904163106936975,0.7284944611192394,0.7679856091098664,0.0,0.0,0.4467164307363042,0.4847945811618459,0.524285729152473,0.0,0.0,0.3248664907576075,0.3629446411831493,0.4024357891737763,0.0,0.0,5.204074706659314,5.516575069254479,5.840671642445498,0.9476,0.067,0.9476,0.067,-0.5406962806910505,-0.22819591809588546,0.09590065509513436,0.0,0.0,0.0,0.0
10,10,GS30148179_juodzbalis25,GS-30148179,5.922,robust,high,low,lower_pressure,F_context,F_context,"GS-30148179 is robust with lower_pressure under baseline assumptions (z_seed=30, epsilon=0.1, no merger): prob_required_fedd_seed1e2_gt_1=0.00; prob_required_mseed_fedd0p3_gt_1e6=0.00; measurement tier=high.",24.176046828140827,33.02182276046942,0.0,0.4077,0.0012,10,GS-30148179,0.9465948399109976,0.846609309741873,JADES,broad-line-agn,juodzbalis25_jades_blagn,"Table 2 (BH/Lbol/lambda_Edd), Table 5 (Mstar)",7.12,0.34,0.35,single-epoch-virial-halpha,8.95,0.58,0.58,beagle-spectral-decomposition,0.11,-1.8299999999999992,0.014791083881682102,elevated,False,False,False,True,1,0.696261873125633,0.4242845789359326,0.2882959318410824,eddington_like,eddington_like,sub_eddington,4.913933490707102,82022.59226012402,heavy_seed_scale,-0.2335550309763263,0.5840431962429417,below_light_seed_scale,0.655465278997178,0.7370584672540882,4.613933490707103,5.213933490707102,False,False,low,single_source_measurement;missing_lensing;agn_contam_mstar,single-source v1 measurement,use as robust comparison anchor in expanded atlas,GS-30148179 is retained for atlas completeness; v1 growth-pressure tier is low.,90,31.65109113802347,low growth pressure; high measurement confidence; elevated MBH/Mstar tension.,Robust sample; Mstar uses BEAGLE value.,0.34,0.35,asymmetric,0.6480129565939551,0.6968104273578484,0.743051891281338,0.0,0.37603566240425457,0.42483313316814797,0.4710745970916377,0.0,0.0,0.2400470153094044,0.2888444860732977,0.33508594999678737,0.0,0.0,4.559132427806424,4.917967314441173,5.25800646411546,0.4077,0.0012,-0.5883560938770046,-0.22952120724225633,0.11051794243203139,0.0,0.0,0.0,0.0,0.6072163624655,0.6560138332293933,0.702255297152883,0.0,0.0,0.3352390682757996,0.3840365390396929,0.4302780029631826,0.0,0.0,0.19925042118094935,0.24804789194484272,0.2942893558683324,0.0,0.0,4.259132427806424,4.617967314441172,4.95800646411546,0.1305,0.0,0.1305,0.0,-0.8883560938770044,-0.5295212072422562,-0.18948205756796843,0.0,0.0,0.0,0.0,0.68880955072241,0.7376070214863034,0.783848485409793,0.0,0.0,0.4168322565327096,0.465629727296603,0.5118711912200926,0.0,0.0,0.2808436094378594,0.32964108020175276,0.37588254412524247,0.0,0.0,4.859132427806424,5.217967314441172,5.55800646411546,0.7313,0.0124,0.7313,0.0124,-0.2883560938770047,0.07047879275774349,0.4105179424320312,0.0,0.0,0.0,0.0
11,11,GN61888_juodzbalis25,GN-61888,5.874,robust,high,low,lower_pressure,F_context,F_context,"GN-61888 is robust with lower_pressure under baseline assumptions (z_seed=30, epsilon=0.1, no merger): prob_required_fedd_seed1e2_gt_1=0.00; prob_required_mseed_fedd0p3_gt_1e6=0.00; measurement tier=high.",19.239816847145008,31.45438949048337,0.0,0.2801,0.0003,11,GN-61888,0.9565050566273134,0.856519526458189,JADES,broad-line-agn,juodzbalis25_jades_blagn,"Table 2 (BH/Lbol/lambda_Edd), Table 5 (Mstar)",7.04,0.33,0.32,single-epoch-virial-halpha,8.53,1.73,1.73,beagle-spectral-decomposition,0.18,-1.489999999999999,0.032359365692962896,elevated,False,False,False,True,1,0.6774526738858004,0.4086222477406415,0.274207034668062,eddington_like,eddington_like,sub_eddington,4.808109776100934,64285.01892618817,heavy_seed_scale,-0.3996340796635547,0.3984427421609641,below_light_seed_scale,0.6371281099640266,0.7177772378075741,4.508109776100934,5.1081097761009335,False,False,low,single_source_measurement;missing_lensing;agn_contam_mstar,single-source v1 measurement,use as robust comparison anchor in expanded atlas,GN-61888 is retained for atlas completeness; v1 growth-pressure tier is low.,90,31.57271947452417,low growth pressure; high measurement confidence; elevated MBH/Mstar tension.,Robust sample; Mstar uses BEAGLE value.,0.33,0.32,asymmetric,0.634297735177663,0.6779680927454166,0.7223793573517456,0.0,0.3654673090325041,0.40913766660025774,0.45354893120658696,0.0,0.0,0.23105209595992468,0.2747224535276783,0.3191337181340075,0.0,0.0,4.487052823382083,4.811944303814236,5.142347861500438,0.2801,0.0003,-0.7206910323824054,-0.3957995519502524,-0.06539599426405,0.0,0.0,0.0,0.0,0.5939731712558892,0.6376435288236427,0.682054793429972,0.0,0.0,0.3251427451107303,0.3688131026784839,0.4132243672848131,0.0,0.0,0.19072753203815088,0.2343978896059045,0.2788091542122337,0.0,0.0,4.187052823382083,4.511944303814236,4.842347861500438,0.0719,0.0,0.0719,0.0,-1.0206910323824052,-0.6957995519502522,-0.36539599426404984,0.0,0.0,0.0,0.0,0.6746222990994367,0.7182926566671903,0.7627039212735195,0.0,0.0,0.4057918729542779,0.4494622305220315,0.49387349512836065,0.0,0.0,0.27137665988169846,0.31504701744945207,0.3594582820557813,0.0,0.0,4.787052823382083,5.111944303814235,5.442347861500438,0.6349,0.0032,0.6349,0.0032,-0.42069103238240557,-0.09579955195025258,0.23460400573594983,0.0,0.0,0.0,0.0
12,12,GN1093_juodzbalis25,GN-1093,5.594,robust,high,low,lower_pressure,F_context,F_context,"GN-1093 is robust with lower_pressure under baseline assumptions (z_seed=30, epsilon=0.1, no merger): prob_required_fedd_seed1e2_gt_1=0.00; prob_required_mseed_fedd0p3_gt_1e6=0.00; measurement tier=high.",16.638719569904627,28.72239856634876,0.0,0.2292,0.0003,12,GN-1093,1.017921041692968,0.9179355115238436,JADES,broad-line-agn,juodzbalis25_jades_blagn,"Table 2 (BH/Lbol/lambda_Edd), Table 5 (Mstar)",7.14,0.34,0.33,single-epoch-virial-halpha,8.43,0.63,0.63,beagle-spectral-decomposition,0.12,-1.29,0.05128613839913648,elevated,False,False,False,True,1,0.6446687827961851,0.3938248984396928,0.2684029562614466,eddington_like,eddington_like,sub_eddington,4.748074035612936,55985.30333539681,heavy_seed_scale,-0.8330865479568805,0.1468633573254262,below_light_seed_scale,0.6070422001427113,0.682295365449659,4.448074035612937,5.048074035612936,False,False,low,single_source_measurement;missing_lensing;agn_contam_mstar,single-source v1 measurement,use as robust comparison anchor in expanded atlas,GN-1093 is retained for atlas completeness; v1 growth-pressure tier is low.,90,31.43611992831744,low growth pressure; high measurement confidence; elevated MBH/Mstar tension.,Robust sample; Mstar uses BEAGLE value.,0.34,0.33,asymmetric,0.6038887535818096,0.6446527917576802,0.6871459839518806,0.0,0.35304486922531725,0.393808907401188,0.4363020995953884,0.0,0.0,0.22762292704707113,0.2683869652229418,0.31088015741714226,0.0,0.0,4.42293133325851,4.747946537678945,5.086748436742271,0.2292,0.0003,-1.158229250311307,-0.8332140458908714,-0.49441214682754553,0.0,0.0,0.0,0.0,0.5662621709283358,0.6070262091042065,0.6495194012984068,0.0,0.0,0.31541828657184345,0.3561823247477141,0.39867551694191466,0.0,0.0,0.1899963443935973,0.23076038256946801,0.27325357476366846,0.0,0.0,4.122931333258509,4.447946537678946,4.786748436742272,0.0521,0.0,0.0521,0.0,-1.4582292503113068,-1.1332140458908713,-0.7944121468275454,0.0,0.0,0.0,0.0,0.6415153362352835,0.6822793744111542,0.7247725666053546,0.0,0.0,0.39067145187879104,0.4314354900546618,0.47392868224886225,0.0,0.0,0.2652495097005449,0.30601354787641566,0.3485067400706161,0.0,0.0,4.722931333258509,5.047946537678945,5.3867484367422716,0.556,0.0026,0.556,0.0026,-0.8582292503113071,-0.5332140458908716,-0.19441214682754573,0.0,0.0,0.0,0.0
13,13,GS159717_juodzbalis25,GS-159717,5.077,robust,high,low,lower_pressure,F_context,F_context,"GS-159717 is robust with lower_pressure under baseline assumptions (z_seed=30, epsilon=0.1, no merger): prob_required_fedd_seed1e2_gt_1=0.00; prob_required_mseed_fedd0p3_gt_1e6=0.00; measurement tier=high.",13.2288397731845,25.126132577281673,0.0,0.1626,0.0,13,GS-159717,1.1501440446728537,1.050158514503729,JADES,broad-line-agn,juodzbalis25_jades_blagn,"Table 2 (BH/Lbol/lambda_Edd), Table 5 (Mstar)",7.44,0.3,0.3,single-epoch-virial-halpha,,,,,0.38,,,not_available,True,False,False,True,1,0.5963891513943026,0.3771284339699267,0.2674980752577387,eddington_like,eddington_like,sub_eddington,4.703531712163887,50527.95390827624,heavy_seed_scale,-1.681560959453711,0.020818001742258,below_light_seed_scale,0.5635000437806463,0.6292782590079592,4.403531712163888,5.003531712163888,False,False,low,single_source_measurement;missing_mstar;missing_lensing;agn_contam_mstar,host stellar mass unavailable,deeper host SED decomposition for stellar mass,GS-159717 is retained for atlas completeness; v1 growth-pressure tier is low.,90,31.256306628864085,low growth pressure; high measurement confidence; not_available MBH/Mstar tension.,Robust sample; BEAGLE Mstar unavailable in Table 5.,0.3,0.3,symmetric_reported,0.5640978323523105,0.5960591727979896,0.6292667237980066,0.0,0.3448371149279346,0.37679845537361356,0.41000600637363066,0.0,0.0,0.2352067562157466,0.2671680966614256,0.3003756476614427,0.0,0.0,4.408984477061187,4.700521792282302,5.003426493043126,0.1626,0.0,-1.9761081945564112,-1.6845708793352965,-1.3816661785744728,0.0,0.0,0.0,0.0,0.5312087247386541,0.5631700651843332,0.5963776161843501,0.0,0.0,0.31194800731427824,0.3439093477599572,0.3771168987599743,0.0,0.0,0.2023176486020902,0.23427898904776923,0.2674865400477863,0.0,0.0,4.108984477061188,4.400521792282302,4.703426493043127,0.0235,0.0,0.0235,0.0,-2.276108194556411,-1.9845708793352963,-1.6816661785744726,0.0,0.0,0.0,0.0,0.596986939965967,0.628948280411646,0.662155831411663,0.0,0.0,0.377726222541591,0.40968756298727,0.4428951139872871,0.0,0.0,0.2680958638294029,0.300057204275082,0.3332647552750991,0.0,0.0,4.708984477061188,5.000521792282302,5.303426493043126,0.5005,0.0004,0.5005,0.0004,-1.6761081945564114,-1.3845708793352967,-1.081666178574473,0.0,0.0,0.0,0.0
14,14,GS38562_juodzbalis25,GS-38562,4.822,robust,high,low,lower_pressure,F_context,F_context,"GS-38562 is robust with lower_pressure under baseline assumptions (z_seed=30, epsilon=0.1, no merger): prob_required_fedd_seed1e2_gt_1=0.00; prob_required_mseed_fedd0p3_gt_1e6=0.00; measurement tier=high.",9.303996512407243,21.93665504135748,0.0,0.0778,0.0,14,GS-38562,1.226259143973555,1.1262736138044307,JADES,broad-line-agn,juodzbalis25_jades_blagn,"Table 2 (BH/Lbol/lambda_Edd), Table 5 (Mstar)",7.51,0.3,0.31,single-epoch-virial-halpha,9.76,0.09,0.09,beagle-spectral-decomposition,0.12,-2.25,0.005623413251903491,low_or_typical,False,False,False,True,1,0.5632398604962897,0.3587970799168741,0.2565756896271664,eddington_like,eddington_like,sub_eddington,4.57519350646901,37600.49016358978,heavy_seed_scale,-2.2726883117699668,0.005337178012877,below_light_seed_scale,0.5325734434093774,0.5939062775832019,4.2751935064690105,4.87519350646901,False,False,low,single_source_measurement;missing_lensing;agn_contam_mstar,single-source v1 measurement,use as robust comparison anchor in expanded atlas,GS-38562 is retained for atlas completeness; v1 growth-pressure tier is low.,90,31.096832752067876,low growth pressure; high measurement confidence; low_or_typical MBH/Mstar tension.,Robust sample; Mstar uses BEAGLE value.,0.3,0.31,asymmetric,0.5318698903869266,0.5633399931470149,0.5933864898018731,0.0,0.32742710980751116,0.3588972125675993,0.38894370922245763,0.0,0.0,0.22520571951780338,0.2566758222778916,0.28672231893274996,0.0,0.0,4.268310866539571,4.576173072980886,4.870108584616004,0.0778,0.0,-2.5795709516994063,-2.271708745258091,-1.9777732336229732,0.0,0.0,0.0,0.0,0.5012034733000142,0.5326735760601025,0.5627200727149608,0.0,0.0,0.2967606927205988,0.3282307954806871,0.35827729213554543,0.0,0.0,0.19453930243089104,0.22600940519097928,0.25605590184583765,0.0,0.0,3.968310866539571,4.276173072980886,4.570108584616004,0.0081,0.0,0.0081,0.0,-2.879570951699406,-2.571708745258091,-2.277773233622973,0.0,0.0,0.0,0.0,0.5625363074738389,0.5940064102339272,0.6240529068887856,0.0,0.0,0.35809352689442336,0.38956362965451163,0.4196101263093701,0.0,0.0,0.25587213660471564,0.2873422393648039,0.31738873601966233,0.0,0.0,4.568310866539571,4.876173072980886,5.170108584616004,0.3354,0.0,0.3354,0.0,-2.2795709516994065,-1.9717087452580913,-1.6777732336229725,0.0,0.0,0.0,0.0
15,16,GS172975_juodzbalis25,GS-172975,4.741,robust,high,low,lower_pressure,F_context,F_context,"GS-172975 is robust with lower_pressure under baseline assumptions (z_seed=30, epsilon=0.1, no merger): prob_required_fedd_seed1e2_gt_1=0.00; prob_required_mseed_fedd0p3_gt_1e6=0.00; measurement tier=high.",5.95394637985611,18.714821266187034,0.0,0.0097,0.0,16,GS-172975,1.2522045591007307,1.1522190289316063,JADES,broad-line-agn,juodzbalis25_jades_blagn,"Table 2 (BH/Lbol/lambda_Edd), Table 5 (Mstar)",7.25,0.32,0.32,single-epoch-virial-halpha,8.98,0.14,0.14,beagle-spectral-decomposition,0.05,-1.7300000000000004,0.018620871366628655,elevated,False,False,False,True,1,0.5245778551942444,0.3247386722631037,0.2248190807975333,eddington_like,eddington_like,sub_eddington,4.247585802746482,17684.215669562174,heavy_seed_scale,-2.7580473241783974,0.001745631924628,below_light_seed_scale,0.4946019777545733,0.5545537326339155,3.9475858027464814,4.547585802746481,False,False,low,single_source_measurement;missing_lensing;agn_contam_mstar,single-source v1 measurement,use as robust comparison anchor in expanded atlas,GS-172975 is retained for atlas completeness; v1 growth-pressure tier is low.,90,30.93574106330935,low growth pressure; high measurement confidence; elevated MBH/Mstar tension.,Robust sample; Mstar uses BEAGLE value.,0.32,0.32,symmetric_reported,0.49184254259258237,0.5248122859227212,0.5569668420461621,0.0,0.2920033596614417,0.32497310299158055,0.35712765911502137,0.0,0.0,0.19208376819587125,0.2250535115260102,0.2572080676494509,0.0,0.0,3.919969245057274,4.249931996571319,4.571736315942665,0.0097,0.0,-3.0856638818676045,-2.7557011303535597,-2.433896810982214,0.0,0.0,0.0,0.0,0.4618666651529113,0.4948364084830502,0.526990964606491,0.0,0.0,0.2620274822217706,0.29499722555190944,0.32715178167535025,0.0,0.0,0.16210789075620016,0.19507763408633907,0.2272321902097799,0.0,0.0,3.6199692450572742,3.949931996571319,4.271736315942665,0.0006,0.0,0.0006,0.0,-3.3856638818676044,-3.0557011303535595,-2.733896810982214,0.0,0.0,0.0,0.0,0.5218184200322535,0.5547881633623923,0.5869427194858332,0.0,0.0,0.32197923710111276,0.35494898043125167,0.3871035365546925,0.0,0.0,0.22205964563554234,0.2550293889656812,0.287183945089122,0.0,0.0,4.219969245057273,4.549931996571319,4.871736315942664,0.0838,0.0,0.0838,0.0,-2.7856638818676047,-2.45570113035356,-2.1338968109822143,0.0,0.0,0.0,0.0
16,15,GN77652_juodzbalis25,GN-77652,5.229,robust,high,low,lower_pressure,F_context,F_context,"GN-77652 is robust with lower_pressure under baseline assumptions (z_seed=30, epsilon=0.1, no merger): prob_required_fedd_seed1e2_gt_1=0.00; prob_required_mseed_fedd0p3_gt_1e6=0.00; measurement tier=high.",5.763076706996563,18.95358902332188,0.0,0.0022,0.0,15,GN-77652,1.108430210684669,1.0084446805155447,JADES,broad-line-agn,juodzbalis25_jades_blagn,"Table 2 (BH/Lbol/lambda_Edd), Table 5 (Mstar)",6.62,0.34,0.32,single-epoch-virial-halpha,8.36,1.64,1.64,beagle-spectral-decomposition,0.24,-1.739999999999999,0.01819700858609987,elevated,False,False,False,True,1,0.5274430682798625,0.2991127356911774,0.1849475693968349,eddington_like,sub_eddington,sub_eddington,3.992228239684468,9822.64027705436,intermediate_seed_scale,-2.139239201051775,0.0072570614234776,below_light_seed_scale,0.4931935183915599,0.5616926181681653,3.692228239684468,4.292228239684468,False,False,low,single_source_measurement;missing_lensing;agn_contam_mstar,single-source v1 measurement,use as robust comparison anchor in expanded atlas,GN-77652 is retained for atlas completeness; v1 growth-pressure tier is low.,90,30.947679451166096,low growth pressure; high measurement confidence; elevated MBH/Mstar tension.,Robust sample; Mstar uses BEAGLE value.,0.34,0.32,asymmetric,0.4911784734551741,0.5267764280764042,0.5664056086855749,0.0,0.26284814086648906,0.29844609548771917,0.33807527609688975,0.0,0.0,0.14868297457214652,0.18428092919337657,0.2239101098025473,0.0,0.0,3.674577979085798,3.9863889786813385,4.333510450978748,0.0022,0.0,-2.4568894616504453,-2.145078462054905,-1.797956989757496,0.0,0.0,0.0,0.0,0.4569289235668714,0.4925268781881015,0.5321560587972721,0.0,0.0,0.22859859097818633,0.2641965455994164,0.30382572620858705,0.0,0.0,0.11443342468384375,0.15003137930507382,0.18966055991424455,0.0,0.0,3.374577979085798,3.6863889786813386,4.033510450978747,0.0001,0.0,0.0001,0.0,-2.756889461650445,-2.4450784620549046,-2.097956989757496,0.0,0.0,0.0,0.0,0.5254280233434768,0.5610259779647069,0.6006551585738776,0.0,0.0,0.29709769075479175,0.3326956453760219,0.3723248259851925,0.0,0.0,0.18293252446044922,0.21853047908167927,0.25815965969085,0.0,0.0,3.974577979085798,4.286388978681338,4.633510450978747,0.0186,0.0,0.0186,0.0,-2.1568894616504455,-1.845078462054905,-1.4979569897574962,0.0,0.0,0.0,0.0
17,17,GS8083_juodzbalis25,GS-8083,4.753,robust,high,low,lower_pressure,F_context,F_context,"GS-8083 is robust with lower_pressure under baseline assumptions (z_seed=30, epsilon=0.1, no merger): prob_required_fedd_seed1e2_gt_1=0.00; prob_required_mseed_fedd0p3_gt_1e6=0.00; measurement tier=high.",5.321527209925744,17.61009069975248,0.0,0.0011,0.0,17,GS-8083,1.2483035089057364,1.148317978736612,JADES,broad-line-agn,juodzbalis25_jades_blagn,"Table 2 (BH/Lbol/lambda_Edd), Table 5 (Mstar)",7.1,0.31,0.31,single-epoch-virial-halpha,8.27,0.14,0.13,beagle-spectral-decomposition,0.07,-1.17,0.06760829753919818,elevated,False,False,False,True,1,0.5113210883970297,0.3108030145158416,0.2105439775752475,eddington_like,eddington_like,sub_eddington,4.107751030186362,12815.956663152616,heavy_seed_scale,-2.8741632327121245,0.0013360932418828,below_light_seed_scale,0.4812433773148516,0.541398799479208,3.807751030186363,4.407751030186363,False,False,low,single_source_measurement;missing_lensing;agn_contam_mstar,single-source v1 measurement,use as robust comparison anchor in expanded atlas,GS-8083 is retained for atlas completeness; v1 growth-pressure tier is low.,90,30.880504534987622,low growth pressure; high measurement confidence; elevated MBH/Mstar tension.,Robust sample; Mstar uses BEAGLE value.,0.31,0.31,symmetric_reported,0.4809916616633328,0.5116243888336636,0.5423380224793902,0.0,0.2804735877821446,0.31110631495247537,0.34181994859820214,0.0,0.0,0.1802145508415505,0.2108472780118813,0.24156091165760804,0.0,0.0,3.8052403771898855,4.1107761982499005,4.417118993702098,0.0011,0.0,-3.1766738857086017,-2.8711380646485862,-2.564795269196389,0.0,0.0,0.0,0.0,0.4509139505811545,0.4815466777514853,0.5122603113972121,0.0,0.0,0.2503958766999664,0.2810286038702972,0.3117422375160239,0.0,0.0,0.15013683975937228,0.18076956692970314,0.2114832005754298,0.0,0.0,3.5052403771898857,3.810776198249901,4.117118993702099,0.0,0.0,0.0,0.0,-3.4766738857086015,-3.171138064648586,-2.8647952691963887,0.0,0.0,0.0,0.0,0.5110693727455109,0.5417020999158417,0.5724157335615684,0.0,0.0,0.3105512988643228,0.3411840260346536,0.37189765968038035,0.0,0.0,0.2102922619237287,0.24092498909405952,0.27163862273978623,0.0,0.0,4.105240377189885,4.410776198249901,4.7171189937020985,0.024,0.0,0.024,0.0,-2.876673885708602,-2.5711380646485864,-2.264795269196389,0.0,0.0,0.0,0.0
18,18,GN20621_juodzbalis25,GN-20621,4.682,robust,high,low,lower_pressure,F_context,F_context,"GN-20621 is robust with lower_pressure under baseline assumptions (z_seed=30, epsilon=0.1, no merger): prob_required_fedd_seed1e2_gt_1=0.00; prob_required_mseed_fedd0p3_gt_1e6=0.00; measurement tier=high.",4.9716398232055266,16.350466077351758,0.0,0.0019,0.0,18,GN-20621,1.2716827949057186,1.1716972647365942,JADES,broad-line-agn,juodzbalis25_jades_blagn,"Table 2 (BH/Lbol/lambda_Edd), Table 5 (Mstar)",7.05,0.35,0.34,single-epoch-virial-halpha,8.41,1.58,1.58,beagle-spectral-decomposition,0.11,-1.3600000000000003,0.04365158322401656,elevated,False,False,False,True,1,0.4962055929282211,0.2996885264219949,0.2014299931688818,eddington_like,sub_eddington,sub_eddington,3.996830060782581,9927.275186197792,intermediate_seed_scale,-3.1272331307247283,0.000746048169758,below_light_seed_scale,0.4667280329522872,0.5256831529041549,3.6968300607825815,4.296830060782581,False,False,low,single_source_measurement;missing_lensing;agn_contam_mstar,single-source v1 measurement,use as robust comparison anchor in expanded atlas,GN-20621 is retained for atlas completeness; v1 growth-pressure tier is low.,90,30.81752330386759,low growth pressure; high measurement confidence; elevated MBH/Mstar tension.,Robust sample; Mstar uses BEAGLE value.,0.35,0.34,asymmetric,0.4624492671303303,0.49550895150127466,0.5289122290436583,0.0,0.2659322006241041,0.2989918849950485,0.33239516253743207,0.0,0.0,0.167673667370991,0.20073335174193535,0.234136629284319,0.0,0.0,3.653284063500749,3.9897401785720263,4.329693121451165,0.0019,0.0,-3.4707791280065607,-3.1343230129352833,-2.7943700700561434,0.0,0.0,0.0,0.0,0.4329717071543963,0.46603139152534073,0.4994346690677243,0.0,0.0,0.23645464064817018,0.26951432501911454,0.30291760256149813,0.0,0.0,0.13819610739505708,0.17125579176600142,0.20465906930838504,0.0,0.0,3.353284063500749,3.6897401785720265,4.029693121451166,0.0001,0.0,0.0001,0.0,-3.7707791280065606,-3.434323012935283,-3.094370070056143,0.0,0.0,0.0,0.0,0.49192682710626423,0.5249865114772085,0.5583897890195922,0.0,0.0,0.295409760600038,0.3284694449709824,0.361872722513366,0.0,0.0,0.19715122734692492,0.23021091171786928,0.2636141892602529,0.0,0.0,3.9532840635007487,4.289740178572026,4.629693121451166,0.0186,0.0,0.0186,0.0,-3.170779128006561,-2.8343230129352834,-2.4943700700561435,0.0,0.0,0.0,0.0
19,20,GN73488_juodzbalis25,GN-73488,4.133,robust,high,low,lower_pressure,F_context,F_context,"GN-73488 is robust with lower_pressure under baseline assumptions (z_seed=30, epsilon=0.1, no merger): prob_required_fedd_seed1e2_gt_1=0.00; prob_required_mseed_fedd0p3_gt_1e6=0.00; measurement tier=high.",4.904077595990273,15.53025865330091,0.0,0.007,0.0,20,GN-73488,1.4800317329113224,1.380046202742198,JADES,broad-line-agn,juodzbalis25_jades_blagn,"Table 2 (BH/Lbol/lambda_Edd), Table 5 (Mstar)",7.83,0.3,0.3,single-epoch-virial-halpha,9.71,0.33,0.33,beagle-spectral-decomposition,0.2,-1.8800000000000008,0.013182567385564047,elevated,False,False,False,True,1,0.4863631038396109,0.3195146977196758,0.2360904946597082,eddington_like,eddington_like,sub_eddington,4.233921296265163,17136.46728800081,heavy_seed_scale,-4.156929012449458,6.967403904175834e-05,below_light_seed_scale,0.4613358429216207,0.5113903647576012,3.9339212962651633,4.533921296265164,False,False,low,single_source_measurement;missing_lensing;agn_contam_mstar,single-source v1 measurement,use as robust comparison anchor in expanded atlas,GN-73488 is retained for atlas completeness; v1 growth-pressure tier is low.,90,30.776512932665046,low growth pressure; high measurement confidence; elevated MBH/Mstar tension.,Robust sample; Mstar uses BEAGLE value.,0.3,0.3,symmetric_reported,0.4619304764052757,0.4865003995987468,0.5118456127226936,0.0,0.2950820702853406,0.31965199347881157,0.3449972066027585,0.0,0.0,0.21165786722537303,0.23622779041884404,0.2615730035427909,0.0,0.0,3.941049125622162,4.235567050783635,4.5393783213057874,0.007,0.0,-4.449801183092459,-4.1552832579309875,-3.851471987408834,0.0,0.0,0.0,0.0,0.4369032154872855,0.46147313868075657,0.48681835180470334,0.0,0.0,0.2700548093673504,0.29462473256082133,0.31996994568476816,0.0,0.0,0.1866306063073828,0.21120052950085375,0.23654574262480063,0.0,0.0,3.641049125622162,3.9355670507836344,4.239378321305788,0.0002,0.0,0.0002,0.0,-4.749801183092459,-4.4552832579309865,-4.151471987408834,0.0,0.0,0.0,0.0,0.48695773732326597,0.511527660516737,0.5368728736406839,0.0,0.0,0.32010933120333085,0.3446792543968019,0.3700244675207488,0.0,0.0,0.23668512814336326,0.26125505133683435,0.28660026446078124,0.0,0.0,4.241049125622162,4.5355670507836345,4.839378321305788,0.0607,0.0,0.0607,0.0,-4.1498011830924595,-3.855283257930987,-3.551471987408833,0.0,0.0,0.0,0.0
20,19,GN53757_juodzbalis25,GN-53757,4.447,robust,high,low,lower_pressure,F_context,F_context,"GN-53757 is robust with lower_pressure under baseline assumptions (z_seed=30, epsilon=0.1, no merger): prob_required_fedd_seed1e2_gt_1=0.00; prob_required_mseed_fedd0p3_gt_1e6=0.00; measurement tier=high.",4.774092210216853,15.761974034056179,0.0,0.0013,0.0,19,GN-53757,1.354502233183852,1.2545167030147275,JADES,broad-line-agn,juodzbalis25_jades_blagn,"Table 2 (BH/Lbol/lambda_Edd), Table 5 (Mstar)",7.33,0.31,0.31,single-epoch-virial-halpha,10.38,0.19,0.19,beagle-spectral-decomposition,0.07,-3.0500000000000007,0.0008912509381337441,low_or_typical,False,False,False,True,1,0.4891436884086741,0.3056000905067327,0.2138282915557619,eddington_like,eddington_like,sub_eddington,4.06102191055146,11508.584493349204,heavy_seed_scale,-3.5665936314951363,0.0002712728739745,below_light_seed_scale,0.461612148723383,0.5166752280939654,3.76102191055146,4.361021910551459,False,False,low,single_source_measurement;missing_lensing;agn_contam_mstar,single-source v1 measurement,use as robust comparison anchor in expanded atlas,GN-53757 is retained for atlas completeness; v1 growth-pressure tier is low.,90,30.788098701702808,low growth pressure; high measurement confidence; low_or_typical MBH/Mstar tension.,Robust sample; Mstar uses BEAGLE value.,0.31,0.31,symmetric_reported,0.46145855176917394,0.48978755436297094,0.5184005586560526,0.0,0.2779149538672324,0.3062439564610294,0.33485696075411103,0.0,0.0,0.18614315491626168,0.21447215751005866,0.24308516180314027,0.0,0.0,3.7593482269584086,4.068037856208586,4.379822136566522,0.0013,0.0,-3.8682673150881874,-3.55957768583801,-3.2477934054800737,0.0,0.0,0.0,0.0,0.43392701208388273,0.4622560146776798,0.49086901897076135,0.0,0.0,0.2503834141819412,0.2787124167757382,0.3073254210688198,0.0,0.0,0.15861161523097045,0.18694061782476745,0.21555362211784906,0.0,0.0,3.459348226958409,3.7680378562085863,4.079822136566523,0.0,0.0,0.0,0.0,-4.168267315088187,-3.8595776858380098,-3.5477934054800735,0.0,0.0,0.0,0.0,0.4889900914544652,0.5173190940482622,0.5459320983413438,0.0,0.0,0.3054464935525237,0.33377549614632057,0.36238850043940224,0.0,0.0,0.2136746946015529,0.24200369719534987,0.2706167014884315,0.0,0.0,4.0593482269584085,4.368037856208586,4.679822136566522,0.0204,0.0,0.0204,0.0,-3.5682673150881876,-3.25957768583801,-2.947793405480074,0.0,0.0,0.0,0.0
21,21,GN62309_juodzbalis25,GN-62309,5.172,robust,high,low,lower_pressure,F_context,F_context,"GN-62309 is robust with lower_pressure under baseline assumptions (z_seed=30, epsilon=0.1, no merger): prob_required_fedd_seed1e2_gt_1=0.00; prob_required_mseed_fedd0p3_gt_1e6=0.00; measurement tier=high.",4.5607097147474445,15.202365715824817,0.0,0.0,0.0,21,GN-62309,1.1237737526882612,1.0237882225191368,JADES,broad-line-agn,juodzbalis25_jades_blagn,"Table 2 (BH/Lbol/lambda_Edd), Table 5 (Mstar)",6.29,0.36,0.33,single-epoch-virial-halpha,7.78,0.34,0.34,beagle-spectral-decomposition,0.15,-1.4900000000000002,0.03235936569296281,elevated,False,False,False,True,1,0.4824283885898978,0.2575200489209477,0.1450658790864727,eddington_like,sub_eddington,sub_eddington,3.622246545934403,4190.313787866627,intermediate_seed_scale,-2.602511513551991,0.0024974021798141,below_light_seed_scale,0.4486921376395553,0.5161646395402402,3.3222465459344037,3.922246545934403,False,False,low,single_source_measurement;missing_lensing;agn_contam_mstar,single-source v1 measurement,use as robust comparison anchor in expanded atlas,GN-62309 is retained for atlas completeness; v1 growth-pressure tier is low.,90,30.76011828579124,low growth pressure; high measurement confidence; elevated MBH/Mstar tension.,Robust sample; Mstar uses BEAGLE value.,0.36,0.33,asymmetric,0.4465637339517132,0.48335697035234426,0.5224473815695037,0.0,0.22165539428276326,0.25844863068339424,0.2975390419005536,0.0,0.0,0.10920122444828824,0.14599446084891926,0.18508487206607863,0.0,0.0,3.303319691634781,3.630503969948233,3.9781159017663046,0.0,0.0,-2.921438367851613,-2.594254089538161,-2.2466421577200895,0.0,0.0,0.0,0.0,0.4128274830013708,0.44962071940200177,0.4887111306191611,0.0,0.0,0.18791914333242074,0.22471237973305178,0.26380279095021114,0.0,0.0,0.07546497349794573,0.11225820989857675,0.15134862111573613,0.0,0.0,3.0033196916347813,3.330503969948233,3.6781159017663048,0.0,0.0,0.0,0.0,-3.2214383678516127,-2.894254089538161,-2.5466421577200893,0.0,0.0,0.0,0.0,0.48029998490205567,0.5170932213026869,0.5561836325198461,0.0,0.0,0.25539164523310565,0.29218488163373674,0.33127529285089613,0.0,0.0,0.1429374753986307,0.17973071179926173,0.21882112301642112,0.0,0.0,3.603319691634781,3.9305039699482327,4.278115901766304,0.0015,0.0,0.0015,0.0,-2.621438367851613,-2.2942540895381613,-1.9466421577200899,0.0,0.0,0.0,0.0
22,22,GS200679_juodzbalis25,GS-200679,4.547,tentative,low,low,lower_pressure,F_context,F_context,"GS-200679 is tentative with lower_pressure under baseline assumptions (z_seed=30, epsilon=0.1, no merger): prob_required_fedd_seed1e2_gt_1=0.00; prob_required_mseed_fedd0p3_gt_1e6=0.00; measurement tier=low.",2.4135994935789977,7.99866497859666,0.0,0.0004,0.0,22,GS-200679,1.318195361019195,1.2182098308500706,JADES,broad-line-agn,juodzbalis25_jades_blagn,"Table 2 (BH/Lbol/lambda_Edd), Table 5 (Mstar)",6.19,0.6,0.3,single-epoch-virial-halpha,,,,,0.23,,,not_available,True,False,False,True,1,0.3959839797431599,0.2069701469301958,0.1124632305237137,eddington_like,sub_eddington,sub_eddington,3.015629155969124,1036.6428485155177,intermediate_seed_scale,-4.391236146769587,4.062223864791187e-05,below_light_seed_scale,0.3676319048212153,0.4243360546651045,2.715629155969124,3.315629155969124,False,False,low,single_source_measurement;tentative;missing_mstar;missing_lensing;agn_contam_mstar,tentative source-paper classification,confirm broad-line/BH interpretation and refine virial mass,GS-200679 is retained for atlas completeness; v1 growth-pressure tier is low.,35,30.399933248929834,low growth pressure; low measurement confidence; not_available MBH/Mstar tension.,Tentative sample; BEAGLE Mstar unavailable in Table 5.,0.6,0.3,asymmetric,0.3675309338893079,0.39655233182046207,0.45258433364239287,0.0,0.17851710107634372,0.20753849900749793,0.2635705008294287,0.0,0.0,0.08401018466986164,0.11303158260101584,0.1690635844229466,0.0,0.0,2.7145607586946516,3.021643023513565,3.614530866567638,0.0004,0.0,-4.692304544044059,-4.385222279225146,-3.792334436171073,0.0,0.0,0.0,0.0,0.3391788589673633,0.36820025689851754,0.4242322587204482,0.0,0.0,0.1501650261543991,0.1791864240855533,0.23521842590748407,0.0,0.0,0.05565810974791704,0.08467950767907126,0.140711509501002,0.0,0.0,2.414560758694652,2.721643023513565,3.314530866567638,0.0001,0.0,0.0001,0.0,-4.9923045440440585,-4.685222279225146,-4.092334436171073,0.0,0.0,0.0,0.0,0.3958830088112525,0.4249044067424067,0.4809364085643374,0.0,0.0,0.2068691759982883,0.23589057392944254,0.29192257575137326,0.0,0.0,0.11236225959180625,0.14138365752296045,0.1974156593448912,0.0,0.0,3.0145607586946515,3.3216430235135648,3.9145308665676377,0.0023,0.0,0.0023,0.0,-4.392304544044059,-4.085222279225146,-3.492334436171073,0.0,0.0,0.0,0.0
23,23,GN11836_juodzbalis25,GN-11836,4.409,robust,high,low,lower_pressure,F_context,F_context,"GN-11836 is robust with lower_pressure under baseline assumptions (z_seed=30, epsilon=0.1, no merger): prob_required_fedd_seed1e2_gt_1=0.00; prob_required_mseed_fedd0p3_gt_1e6=0.00; measurement tier=high.",1.7103333412290131,5.701111137430044,0.0,0.0,0.0,23,GN-11836,1.3687364986748385,1.268750968505714,JADES,broad-line-agn,juodzbalis25_jades_blagn,"Table 2 (BH/Lbol/lambda_Edd), Table 5 (Mstar)",6.06,0.32,0.32,single-epoch-virial-halpha,8.17,0.15,0.15,beagle-spectral-decomposition,0.11,-2.1100000000000003,0.007762471166286911,low_or_typical,False,False,False,True,1,0.3684133336491605,0.1869289328367662,0.096186732430569,eddington_like,sub_eddington,sub_eddington,2.753930732811372,567.4540928968323,intermediate_seed_scale,-4.96023089062876,1.0958954135723784e-05,below_light_seed_scale,0.3411906735273014,0.3956359937710197,2.453930732811372,3.0539307328113714,False,False,low,single_source_measurement;missing_lensing;agn_contam_mstar,single-source v1 measurement,use as robust comparison anchor in expanded atlas,GN-11836 is retained for atlas completeness; v1 growth-pressure tier is low.,90,30.2850555568715,low growth pressure; high measurement confidence; low_or_typical MBH/Mstar tension.,Robust sample; Mstar uses BEAGLE value.,0.32,0.32,symmetric_reported,0.33923319432246046,0.36820868437139287,0.3969517670274299,0.0,0.15774879351006602,0.1867242835589985,0.2154673662150355,0.0,0.0,0.0670065931038688,0.09598208315280127,0.12472516580883829,0.0,0.0,2.432358860010419,2.751675450518771,3.068430857896726,0.0,0.0,-5.281802763429713,-4.962486172921361,-4.645730765543406,0.0,0.0,0.0,0.0,0.31201053420060126,0.3409860242495337,0.3697291069055707,0.0,0.0,0.13052613338820684,0.15950162343713933,0.18824470609317637,0.0,0.0,0.03978393298200966,0.06875942303094212,0.09750250568697916,0.0,0.0,2.1323588600104193,2.451675450518771,2.768430857896726,0.0,0.0,0.0,0.0,-5.581802763429713,-5.262486172921361,-4.945730765543406,0.0,0.0,0.0,0.0,0.36645585444431955,0.395431344493252,0.42417442714928905,0.0,0.0,0.18497145363192516,0.21394694368085762,0.24269002633689465,0.0,0.0,0.09422925322572795,0.12320474327466041,0.15194782593069747,0.0,0.0,2.732358860010419,3.0516754505187706,3.3684308578967257,0.0,0.0,0.0,0.0,-4.981802763429713,-4.662486172921361,-4.345730765543406,0.0,0.0,0.0,0.0
