measurement_id,object_id,redshift,quality_flag,detection_evidence,mbh_method,scenario,scenario_label,mbh_delta_dex,n_samples,random_seed,z_seed,epsilon,merger_boost,growth_history,f_edd_avg,log_mbh_err_plus_reported,log_mbh_err_minus_reported,log_mbh_sigma_plus_used,log_mbh_sigma_minus_used,mbh_uncertainty_mode,log_mbh_sample_p5,log_mbh_sample_p16,log_mbh_sample_p50,log_mbh_sample_p84,log_mbh_sample_p95,required_log_mseed_p5,required_log_mseed_p16,required_log_mseed_p50,required_log_mseed_p84,required_log_mseed_p95,required_mseed_msun_p5,required_mseed_msun_p16,required_mseed_msun_p50,required_mseed_msun_p84,required_mseed_msun_p95,p_required_mseed_gt1e5,p_required_mseed_gt1e6,prob_required_mseed_gt_1e5,prob_required_mseed_gt_1e6
GS30148179_juodzbalis25,GS-30148179,5.922,robust,individual_robust,single-epoch-virial-halpha,baseline,reported MBH,0.0,10000,20260808,30.0,0.1,1.0,fedd0p3,0.3,0.34,0.35,0.34,0.35,asymmetric,6.525151881636549,6.7651989370993215,7.12403382373407,7.464072973408358,7.691732214842706,4.319085372343651,4.559132427806424,4.917967314441173,5.25800646411546,5.485665705549808,20849.006913342604,36235.34849388715,82787.98541582644,181136.70593537326,305960.7430880643,0.4077,0.0012,0.4077,0.0012
GS30148179_juodzbalis25,GS-30148179,5.922,robust,individual_robust,single-epoch-virial-halpha,baseline,reported MBH,0.0,10000,20260808,30.0,0.1,1.0,fedd1,1.0,0.34,0.35,0.34,0.35,asymmetric,6.525151881636549,6.7651989370993215,7.12403382373407,7.464072973408358,7.691732214842706,-0.8284031493397779,-0.5883560938770046,-0.22952120724225633,0.11051794243203139,0.3381771838663795,0.14845569129957373,0.2580143856491506,0.5894931906008514,1.2897868474567182,2.1785984250694344,0.0,0.0,0.0,0.0
GS30148179_juodzbalis25,GS-30148179,5.922,robust,individual_robust,single-epoch-virial-halpha,mbh_minus_0p3dex,MBH -0.3 dex,-0.3,10000,20260808,30.0,0.1,1.0,fedd0p3,0.3,0.34,0.35,0.34,0.35,asymmetric,6.225151881636549,6.465198937099322,6.82403382373407,7.164072973408358,7.3917322148427065,4.019085372343651,4.259132427806424,4.617967314441172,4.95800646411546,5.185665705549809,10449.256098774038,18160.69407117143,41492.28138813295,90783.4045561066,153343.61842685187,0.1305,0.0,0.1305,0.0
GS30148179_juodzbalis25,GS-30148179,5.922,robust,individual_robust,single-epoch-virial-halpha,mbh_minus_0p3dex,MBH -0.3 dex,-0.3,10000,20260808,30.0,0.1,1.0,fedd1,1.0,0.34,0.35,0.34,0.35,asymmetric,6.225151881636549,6.465198937099322,6.82403382373407,7.164072973408358,7.3917322148427065,-1.1284031493397777,-0.8883560938770044,-0.5295212072422562,-0.18948205756796843,0.03817718386637969,0.07440409723865771,0.129313516179538,0.2954464614393552,0.6464247020456735,1.0918857178452825,0.0,0.0,0.0,0.0
GS30148179_juodzbalis25,GS-30148179,5.922,robust,individual_robust,single-epoch-virial-halpha,mbh_plus_0p3dex,MBH +0.3 dex,0.3,10000,20260808,30.0,0.1,1.0,fedd0p3,0.3,0.34,0.35,0.34,0.35,asymmetric,6.825151881636549,7.065198937099321,7.42403382373407,7.764072973408358,7.991732214842706,4.61908537234365,4.859132427806424,5.217967314441172,5.55800646411546,5.785665705549809,41599.237798718044,72299.02531961724,165183.7474323913,361415.2432104504,610471.9405434907,0.7313,0.0124,0.7313,0.0124
GS30148179_juodzbalis25,GS-30148179,5.922,robust,individual_robust,single-epoch-virial-halpha,mbh_plus_0p3dex,MBH +0.3 dex,0.3,10000,20260808,30.0,0.1,1.0,fedd1,1.0,0.34,0.35,0.34,0.35,asymmetric,6.825151881636549,7.065198937099321,7.42403382373407,7.764072973408358,7.991732214842706,-0.528403149339778,-0.2883560938770047,0.07047879275774349,0.4105179424320312,0.6381771838663793,0.2962080462926927,0.5148063804055972,1.1761935481366455,2.5734630910729037,4.346875336991593,0.0,0.0,0.0,0.0
GS10013704_juodzbalis25,GS-10013704,5.919,robust,individual_robust,single-epoch-virial-halpha,baseline,reported MBH,0.0,10000,20260808,30.0,0.1,1.0,fedd0p3,0.3,0.31,0.31,0.31,0.31,symmetric_reported,6.934033716485371,7.136812459864628,7.441030422789781,7.743165183668975,7.94499014736705,4.72636628819328,4.9291450315725385,5.233362994497692,5.535497755376886,5.73732271907496,53255.72697718795,84946.41311238531,171144.51874850466,343160.8689605314,546163.5593608391,0.7746,0.0074,0.7746,0.0074
GS10013704_juodzbalis25,GS-10013704,5.919,robust,individual_robust,single-epoch-virial-halpha,baseline,reported MBH,0.0,10000,20260808,30.0,0.1,1.0,fedd1,1.0,0.31,0.31,0.31,0.31,symmetric_reported,6.934033716485371,7.136812459864628,7.441030422789781,7.743165183668975,7.94499014736705,-0.4248577111549294,-0.22207896777567193,0.08213899514948153,0.3842737560286752,0.58609871972675,0.3759605862400604,0.5996820452080702,1.2082004556622095,2.422555634707853,3.855659918945698,0.0,0.0,0.0,0.0
GS10013704_juodzbalis25,GS-10013704,5.919,robust,individual_robust,single-epoch-virial-halpha,mbh_minus_0p3dex,MBH -0.3 dex,-0.3,10000,20260808,30.0,0.1,1.0,fedd0p3,0.3,0.31,0.31,0.31,0.31,symmetric_reported,6.634033716485371,6.836812459864628,7.141030422789782,7.443165183668976,7.64499014736705,4.4263662881932815,4.629145031572538,4.933362994497691,5.235497755376885,5.43732271907496,26691.090478506187,42574.05779435577,85775.44790203375,171987.84660345936,273730.20342408307,0.4114,0.0001,0.4114,0.0001
GS10013704_juodzbalis25,GS-10013704,5.919,robust,individual_robust,single-epoch-virial-halpha,mbh_minus_0p3dex,MBH -0.3 dex,-0.3,10000,20260808,30.0,0.1,1.0,fedd1,1.0,0.31,0.31,0.31,0.31,symmetric_reported,6.634033716485371,6.836812459864628,7.141030422789782,7.443165183668976,7.64499014736705,-0.7248577111549293,-0.5220789677756718,-0.2178610048505183,0.0842737560286754,0.28609871972675016,0.1884266461705435,0.3005529852937777,0.6055346440405529,1.2141539568673902,1.9324075285839482,0.0,0.0,0.0,0.0
GS10013704_juodzbalis25,GS-10013704,5.919,robust,individual_robust,single-epoch-virial-halpha,mbh_plus_0p3dex,MBH +0.3 dex,0.3,10000,20260808,30.0,0.1,1.0,fedd0p3,0.3,0.31,0.31,0.31,0.31,symmetric_reported,7.234033716485371,7.436812459864628,7.741030422789781,8.043165183668975,8.24499014736705,5.026366288193281,5.229145031572537,5.533362994497691,5.835497755376885,6.037322719074959,106259.14509385481,169490.37687492027,341478.2086723754,684695.9498089205,1089739.5678019482,0.9583,0.0647,0.9583,0.0647
GS10013704_juodzbalis25,GS-10013704,5.919,robust,individual_robust,single-epoch-virial-halpha,mbh_plus_0p3dex,MBH +0.3 dex,0.3,10000,20260808,30.0,0.1,1.0,fedd1,1.0,0.31,0.31,0.31,0.31,symmetric_reported,7.234033716485371,7.436812459864628,7.741030422789781,8.043165183668975,8.24499014736705,-0.12485771115492958,0.0779210322243279,0.38213899514948135,0.684273756028675,0.8860987197267498,0.7501399896383998,1.196522985767126,2.4106768381110344,4.833633963848092,7.693052935608313,0.0,0.0,0.0,0.0
GS210600_juodzbalis25,GS-210600,6.306,robust,individual_robust,single-epoch-virial-halpha,baseline,reported MBH,0.0,10000,20260808,30.0,0.1,1.0,fedd0p3,0.3,0.33,0.34,0.33,0.34,asymmetric,6.84319137201632,7.071784770283726,7.410327131384717,7.743220472876818,7.955319097983196,4.828642149188778,5.057235547456184,5.395777908557175,5.728671250049276,5.940769875155654,67397.25011003978,114086.83914662847,248758.49324455013,535391.3020584028,872508.9432179887,0.8781,0.0343,0.8781,0.0343
GS210600_juodzbalis25,GS-210600,6.306,robust,individual_robust,single-epoch-virial-halpha,baseline,reported MBH,0.0,10000,20260808,30.0,0.1,1.0,fedd1,1.0,0.33,0.34,0.33,0.34,asymmetric,6.84319137201632,7.071784770283726,7.410327131384717,7.743220472876818,7.955319097983196,0.12802729592451237,0.3566206941919182,0.6951630552929102,1.02805639678501,1.2401550218913886,1.342849444628932,2.273111266963974,4.956362521538743,10.66734787331018,17.38421297487802,0.0,0.0,0.0,0.0
GS210600_juodzbalis25,GS-210600,6.306,robust,individual_robust,single-epoch-virial-halpha,mbh_minus_0p3dex,MBH -0.3 dex,-0.3,10000,20260808,30.0,0.1,1.0,fedd0p3,0.3,0.33,0.34,0.33,0.34,asymmetric,6.54319137201632,6.771784770283726,7.110327131384718,7.443220472876818,7.655319097983196,4.528642149188778,4.757235547456184,5.095777908557176,5.428671250049276,5.640769875155654,33778.64133673622,57178.86730517833,124674.58107052463,268331.2855867544,437290.34356647875,0.6112,0.0039,0.6112,0.0039
GS210600_juodzbalis25,GS-210600,6.306,robust,individual_robust,single-epoch-virial-halpha,mbh_minus_0p3dex,MBH -0.3 dex,-0.3,10000,20260808,30.0,0.1,1.0,fedd1,1.0,0.33,0.34,0.33,0.34,asymmetric,6.54319137201632,6.771784770283726,7.110327131384718,7.443220472876818,7.655319097983196,-0.17197270407548745,0.05662069419191838,0.3951630552929104,0.7280563967850103,0.9401550218913889,0.6730189983314937,1.1392543476166586,2.4840656210238956,5.346338570764098,8.712745609666452,0.0,0.0,0.0,0.0
GS210600_juodzbalis25,GS-210600,6.306,robust,individual_robust,single-epoch-virial-halpha,mbh_plus_0p3dex,MBH +0.3 dex,0.3,10000,20260808,30.0,0.1,1.0,fedd0p3,0.3,0.33,0.34,0.33,0.34,asymmetric,7.14319137201632,7.371784770283726,7.710327131384718,8.043220472876818,8.255319097983197,5.128642149188778,5.357235547456184,5.695777908557176,6.028671250049276,6.240769875155655,134475.19327709448,227633.17078318403,496338.44709929125,1068246.0887592528,1740884.2138761778,0.9787,0.1835,0.9787,0.1835
GS210600_juodzbalis25,GS-210600,6.306,robust,individual_robust,single-epoch-virial-halpha,mbh_plus_0p3dex,MBH +0.3 dex,0.3,10000,20260808,30.0,0.1,1.0,fedd1,1.0,0.33,0.34,0.33,0.34,asymmetric,7.14319137201632,7.371784770283726,7.710327131384718,8.043220472876818,8.255319097983197,0.4280272959245122,0.656620694191918,0.99516305529291,1.3280563967850108,1.5401550218913893,2.6793368915449967,4.53545324870438,9.889243358550384,21.28415721227925,34.68606502416721,0.0,0.0,0.0,0.0
GS204851_juodzbalis25,GS-204851,5.48,robust,individual_robust,single-epoch-virial-halpha,baseline,reported MBH,0.0,10000,20260808,30.0,0.1,1.0,fedd0p3,0.3,0.32,0.31,0.32,0.31,asymmetric,7.156196680256945,7.366119415523755,7.67861977811892,8.002716351309939,8.213329356064044,4.694151971392504,4.904074706659314,5.216575069254478,5.540671642445497,5.751284647199602,49448.36983483454,80181.59791644136,164655.05790962506,347273.49879096635,564007.2047463644,0.756,0.0073,0.756,0.0073
GS204851_juodzbalis25,GS-204851,5.48,robust,individual_robust,single-epoch-virial-halpha,baseline,reported MBH,0.0,10000,20260808,30.0,0.1,1.0,fedd1,1.0,0.32,0.31,0.32,0.31,asymmetric,7.156196680256945,7.366119415523755,7.67861977811892,8.002716351309939,8.213329356064044,-1.0506190159578597,-0.8406962806910503,-0.5281959180958853,-0.20409934490486634,0.006513659849238496,0.08899815252970189,0.14431242334738442,0.29634942481570975,0.6250297010428247,1.0151113050547282,0.0,0.0,0.0,0.0
GS204851_juodzbalis25,GS-204851,5.48,robust,individual_robust,single-epoch-virial-halpha,mbh_minus_0p3dex,MBH -0.3 dex,-0.3,10000,20260808,30.0,0.1,1.0,fedd0p3,0.3,0.32,0.31,0.32,0.31,asymmetric,6.856196680256946,7.066119415523755,7.378619778118921,7.702716351309939,7.913329356064044,4.394151971392504,4.604074706659314,4.916575069254479,5.2406716424454975,5.451284647199603,24782.891684898994,40185.99324755552,82523.01297646333,174049.04417110837,282673.210692681,0.3984,0.0005,0.3984,0.0005
GS204851_juodzbalis25,GS-204851,5.48,robust,individual_robust,single-epoch-virial-halpha,mbh_minus_0p3dex,MBH -0.3 dex,-0.3,10000,20260808,30.0,0.1,1.0,fedd1,1.0,0.32,0.31,0.32,0.31,asymmetric,6.856196680256946,7.066119415523755,7.378619778118921,7.702716351309939,7.913329356064044,-1.3506190159578595,-1.1406962806910501,-0.8281959180958851,-0.5040993449048662,-0.2934863401507613,0.04460473786429933,0.0723275442355234,0.14852654841041896,0.31325690680053453,0.5087608268041496,0.0,0.0,0.0,0.0
GS204851_juodzbalis25,GS-204851,5.48,robust,individual_robust,single-epoch-virial-halpha,mbh_plus_0p3dex,MBH +0.3 dex,0.3,10000,20260808,30.0,0.1,1.0,fedd0p3,0.3,0.32,0.31,0.32,0.31,asymmetric,7.456196680256945,7.666119415523755,7.9786197781189205,8.30271635130994,8.513329356064045,4.994151971392504,5.204074706659314,5.516575069254479,5.840671642445498,6.051284647199603,98662.46886808924,159983.3206766626,328530.0320160933,692901.7251250071,1125342.3210013597,0.9476,0.067,0.9476,0.067
GS204851_juodzbalis25,GS-204851,5.48,robust,individual_robust,single-epoch-virial-halpha,mbh_plus_0p3dex,MBH +0.3 dex,0.3,10000,20260808,30.0,0.1,1.0,fedd1,1.0,0.32,0.31,0.32,0.31,asymmetric,7.456196680256945,7.666119415523755,7.9786197781189205,8.30271635130994,8.513329356064045,-0.75061901595786,-0.5406962806910505,-0.22819591809588546,0.09590065509513436,0.30651365984923923,0.17757465984436638,0.2879411398868711,0.5912948393974888,1.2470982082270154,2.0254133324745807,0.0,0.0,0.0,0.0
GS172975_juodzbalis25,GS-172975,4.741,robust,individual_robust,single-epoch-virial-halpha,baseline,reported MBH,0.0,10000,20260808,30.0,0.1,1.0,fedd0p3,0.3,0.32,0.32,0.32,0.32,symmetric_reported,6.712401111738263,6.922383442310792,7.252346193824838,7.574150513196184,7.7813973669373935,3.7099869144847437,3.919969245057274,4.249931996571319,4.571736315942665,4.778983169683874,5128.459317882847,8317.048711188168,17780.00985532013,37302.36070033765,60115.044171238595,0.0097,0.0,0.0097,0.0
GS172975_juodzbalis25,GS-172975,4.741,robust,individual_robust,single-epoch-virial-halpha,baseline,reported MBH,0.0,10000,20260808,30.0,0.1,1.0,fedd1,1.0,0.32,0.32,0.32,0.32,symmetric_reported,6.712401111738263,6.922383442310792,7.252346193824838,7.574150513196184,7.7813973669373935,-3.295646212440135,-3.0856638818676045,-2.7557011303535597,-2.433896810982214,-2.2266499572410035,0.0005062368881228371,0.0008209866934571113,0.0017550878932713122,0.0036821645313100055,0.005934034181473825,0.0,0.0,0.0,0.0
GS172975_juodzbalis25,GS-172975,4.741,robust,individual_robust,single-epoch-virial-halpha,mbh_minus_0p3dex,MBH -0.3 dex,-0.3,10000,20260808,30.0,0.1,1.0,fedd0p3,0.3,0.32,0.32,0.32,0.32,symmetric_reported,6.412401111738263,6.622383442310793,6.952346193824837,7.274150513196184,7.481397366937394,3.409986914484744,3.6199692450572742,3.949931996571319,4.271736315942665,4.478983169683875,2570.318338299713,4168.39863550367,8911.113953253538,18695.466967168875,30128.892687564425,0.0006,0.0,0.0006,0.0
GS172975_juodzbalis25,GS-172975,4.741,robust,individual_robust,single-epoch-virial-halpha,mbh_minus_0p3dex,MBH -0.3 dex,-0.3,10000,20260808,30.0,0.1,1.0,fedd1,1.0,0.32,0.32,0.32,0.32,symmetric_reported,6.412401111738263,6.622383442310793,6.952346193824837,7.274150513196184,7.481397366937394,-3.5956462124401347,-3.3856638818676044,-3.0557011303535595,-2.733896810982214,-2.5266499572410033,0.0002537194655183637,0.0004114680497385712,0.0008796276460013666,0.001845453855207724,0.0029740621756625426,0.0,0.0,0.0,0.0
GS172975_juodzbalis25,GS-172975,4.741,robust,individual_robust,single-epoch-virial-halpha,mbh_plus_0p3dex,MBH +0.3 dex,0.3,10000,20260808,30.0,0.1,1.0,fedd0p3,0.3,0.32,0.32,0.32,0.32,symmetric_reported,7.012401111738263,7.222383442310792,7.552346193824837,7.8741505131961835,8.081397366937393,4.009986914484744,4.219969245057273,4.549931996571319,4.871736315942664,5.078983169683875,10232.621610822656,16594.693865194226,35475.78362409552,74427.99456475968,119945.28219756216,0.0838,0.0,0.0838,0.0
GS172975_juodzbalis25,GS-172975,4.741,robust,individual_robust,single-epoch-virial-halpha,mbh_plus_0p3dex,MBH +0.3 dex,0.3,10000,20260808,30.0,0.1,1.0,fedd1,1.0,0.32,0.32,0.32,0.32,symmetric_reported,7.012401111738263,7.222383442310792,7.552346193824837,7.8741505131961835,8.081397366937393,-2.995646212440135,-2.7856638818676047,-2.45570113035356,-2.1338968109822143,-1.9266499572410039,0.001010075385318613,0.001638083810545881,0.0035018607329023706,0.007346884126837898,0.011839954778031918,0.0,0.0,0.0,0.0
GS159717_juodzbalis25,GS-159717,5.077,robust,individual_robust,single-epoch-virial-halpha,baseline,reported MBH,0.0,10000,20260808,30.0,0.1,1.0,fedd0p3,0.3,0.3,0.3,0.3,0.3,symmetric_reported,6.946796388135258,7.145452764897301,7.436990080118415,7.739894780879239,7.9369721393014165,4.210328100299145,4.408984477061187,4.700521792282302,5.003426493043126,5.200503851465303,16230.358837813617,25643.92379060718,50178.975972458284,100792.0998296354,158673.3273494565,0.1626,0.0,0.1626,0.0
GS159717_juodzbalis25,GS-159717,5.077,robust,individual_robust,single-epoch-virial-halpha,baseline,reported MBH,0.0,10000,20260808,30.0,0.1,1.0,fedd1,1.0,0.3,0.3,0.3,0.3,symmetric_reported,6.946796388135258,7.145452764897301,7.436990080118415,7.739894780879239,7.9369721393014165,-2.174764571318455,-1.976108194556413,-1.6845708793352983,-1.3816661785744746,-1.1845888201522972,0.006687063544596302,0.010565542612714989,0.020674219484835575,0.04152731206310535,0.0653749330758038,0.0,0.0,0.0,0.0
GS159717_juodzbalis25,GS-159717,5.077,robust,individual_robust,single-epoch-virial-halpha,mbh_minus_0p3dex,MBH -0.3 dex,-0.3,10000,20260808,30.0,0.1,1.0,fedd0p3,0.3,0.3,0.3,0.3,0.3,symmetric_reported,6.646796388135258,6.845452764897301,7.136990080118416,7.439894780879239,7.636972139301417,3.9103281002991452,4.108984477061187,4.4005217922823014,4.703426493043126,4.900503851465303,8134.44864670176,12852.407223963013,25149.062153885745,50515.713685098846,79525.04598470873,0.0235,0.0,0.0235,0.0
GS159717_juodzbalis25,GS-159717,5.077,robust,individual_robust,single-epoch-virial-halpha,mbh_minus_0p3dex,MBH -0.3 dex,-0.3,10000,20260808,30.0,0.1,1.0,fedd1,1.0,0.3,0.3,0.3,0.3,symmetric_reported,6.646796388135258,6.845452764897301,7.136990080118416,7.439894780879239,7.636972139301417,-2.4747645713184547,-2.2761081945564126,-1.984570879335298,-1.6816661785744744,-1.484588820152297,0.0033514708790060035,0.0052953150738376895,0.010361654871007799,0.020812958652884232,0.032765081856830185,0.0,0.0,0.0,0.0
GS159717_juodzbalis25,GS-159717,5.077,robust,individual_robust,single-epoch-virial-halpha,mbh_plus_0p3dex,MBH +0.3 dex,0.3,10000,20260808,30.0,0.1,1.0,fedd0p3,0.3,0.3,0.3,0.3,0.3,symmetric_reported,7.246796388135258,7.445452764897301,7.7369900801184155,8.039894780879239,8.236972139301416,4.510328100299144,4.708984477061187,5.000521792282301,5.303426493043125,5.500503851465304,32383.823347511596,51166.35474733239,100120.21976157487,201106.67843665267,316594.9104510919,0.5005,0.0004,0.5005,0.0004
GS159717_juodzbalis25,GS-159717,5.077,robust,individual_robust,single-epoch-virial-halpha,mbh_plus_0p3dex,MBH +0.3 dex,0.3,10000,20260808,30.0,0.1,1.0,fedd1,1.0,0.3,0.3,0.3,0.3,symmetric_reported,7.246796388135258,7.445452764897301,7.7369900801184155,8.039894780879239,8.236972139301416,-1.874764571318455,-1.6761081945564131,-1.3845708793352984,-1.0816661785744748,-0.8845888201522963,0.013342445888335214,0.021081029012348044,0.04125049102948773,0.08285788080146664,0.13044014030976409,0.0,0.0,0.0,0.0
GN77652_juodzbalis25,GN-77652,5.229,robust,individual_robust,single-epoch-virial-halpha,baseline,reported MBH,0.0,10000,20260808,30.0,0.1,1.0,fedd0p3,0.3,0.34,0.32,0.34,0.32,asymmetric,6.09101319744108,6.30234973940133,6.614160738996871,6.96128221129428,7.182677670162591,3.463241437125548,3.674577979085798,3.9863889786813385,4.333510450978748,4.554905909847059,2905.637538184927,4726.91714901471,9691.454964595807,21553.13509847295,35884.418275222655,0.0022,0.0,0.0022,0.0
GN77652_juodzbalis25,GN-77652,5.229,robust,individual_robust,single-epoch-virial-halpha,baseline,reported MBH,0.0,10000,20260808,30.0,0.1,1.0,fedd1,1.0,0.34,0.32,0.34,0.32,asymmetric,6.09101319744108,6.30234973940133,6.614160738996871,6.96128221129428,7.182677670162591,-2.668226003610695,-2.4568894616504453,-2.145078462054905,-1.797956989757496,-1.5765615308891836,0.002146713052113712,0.0034922920036298748,0.007160140448717575,0.01592366419479995,0.026511754500201407,0.0,0.0,0.0,0.0
GN77652_juodzbalis25,GN-77652,5.229,robust,individual_robust,single-epoch-virial-halpha,mbh_minus_0p3dex,MBH -0.3 dex,-0.3,10000,20260808,30.0,0.1,1.0,fedd0p3,0.3,0.34,0.32,0.34,0.32,asymmetric,5.79101319744108,6.00234973940133,6.31416073899687,6.66128221129428,6.882677670162591,3.1632414371255484,3.374577979085798,3.6863889786813386,4.033510450978747,4.25490590984706,1456.2684396864618,2369.0705294999966,4857.233503529069,10802.156155998506,17984.81232568282,0.0001,0.0,0.0001,0.0
GN77652_juodzbalis25,GN-77652,5.229,robust,individual_robust,single-epoch-virial-halpha,mbh_minus_0p3dex,MBH -0.3 dex,-0.3,10000,20260808,30.0,0.1,1.0,fedd1,1.0,0.34,0.32,0.34,0.32,asymmetric,5.79101319744108,6.00234973940133,6.31416073899687,6.66128221129428,6.882677670162591,-2.968226003610695,-2.756889461650445,-2.4450784620549046,-2.097956989757496,-1.8765615308891834,0.0010759051759804301,0.0017502921683179018,0.003588570983875499,0.007980737207001437,0.013287352896561334,0.0,0.0,0.0,0.0
GN77652_juodzbalis25,GN-77652,5.229,robust,individual_robust,single-epoch-virial-halpha,mbh_plus_0p3dex,MBH +0.3 dex,0.3,10000,20260808,30.0,0.1,1.0,fedd0p3,0.3,0.34,0.32,0.34,0.32,asymmetric,6.3910131974410795,6.60234973940133,6.91416073899687,7.261282211294279,7.482677670162591,3.763241437125548,3.974577979085798,4.286388978681338,4.633510450978747,4.8549059098470595,5797.509080899331,9431.439653409185,19336.994868076064,43004.15823141604,71598.82747913244,0.0186,0.0,0.0186,0.0
GN77652_juodzbalis25,GN-77652,5.229,robust,individual_robust,single-epoch-virial-halpha,mbh_plus_0p3dex,MBH +0.3 dex,0.3,10000,20260808,30.0,0.1,1.0,fedd1,1.0,0.34,0.32,0.34,0.32,asymmetric,6.3910131974410795,6.60234973940133,6.91416073899687,7.261282211294279,7.482677670162591,-2.3682260036106952,-2.1568894616504455,-1.845078462054905,-1.4979569897574962,-1.2765615308891838,0.004283255653934313,0.006968038627709848,0.014286358407210535,0.03177188708410359,0.05289790465795845,0.0,0.0,0.0,0.0
GN73488_juodzbalis25,GN-73488,4.133,robust,individual_robust,single-epoch-virial-halpha,baseline,reported MBH,0.0,10000,20260808,30.0,0.1,1.0,fedd0p3,0.3,0.3,0.3,0.3,0.3,symmetric_reported,7.328019498787276,7.537127829356999,7.831645754518471,8.135457025040624,8.323793312427203,3.7319407950524393,3.941049125622162,4.235567050783635,4.5393783213057874,4.727714608692365,5394.37106938734,8730.70139155669,17201.528994033215,34624.08631061582,53421.31995873301,0.007,0.0,0.007,0.0
GN73488_juodzbalis25,GN-73488,4.133,robust,individual_robust,single-epoch-virial-halpha,baseline,reported MBH,0.0,10000,20260808,30.0,0.1,1.0,fedd1,1.0,0.3,0.3,0.3,0.3,symmetric_reported,7.328019498787276,7.537127829356999,7.831645754518471,8.135457025040624,8.323793312427203,-4.6589095136621825,-4.449801183092459,-4.1552832579309875,-3.851471987408834,-3.6631357000222566,2.1932619727135877e-05,3.54975864858212e-05,6.993856916748614e-05,0.00014077580290310204,0.00021720224302434132,0.0,0.0,0.0,0.0
GN73488_juodzbalis25,GN-73488,4.133,robust,individual_robust,single-epoch-virial-halpha,mbh_minus_0p3dex,MBH -0.3 dex,-0.3,10000,20260808,30.0,0.1,1.0,fedd0p3,0.3,0.3,0.3,0.3,0.3,symmetric_reported,7.028019498787276,7.237127829356999,7.531645754518472,7.835457025040625,8.023793312427202,3.4319407950524394,3.641049125622162,3.9355670507836344,4.239378321305788,4.427714608692364,2703.5899134252327,4375.716078060076,8621.186730678826,17353.150034889462,26774.08356683474,0.0002,0.0,0.0002,0.0
GN73488_juodzbalis25,GN-73488,4.133,robust,individual_robust,single-epoch-virial-halpha,mbh_minus_0p3dex,MBH -0.3 dex,-0.3,10000,20260808,30.0,0.1,1.0,fedd1,1.0,0.3,0.3,0.3,0.3,symmetric_reported,7.028019498787276,7.237127829356999,7.531645754518472,7.835457025040625,8.023793312427202,-4.958909513662182,-4.749801183092459,-4.4552832579309865,-4.151471987408834,-3.9631357000222573,1.0992349007242175e-05,1.779093717127358e-05,3.505231800490202e-05,7.055503521866386e-05,0.00010885899131900795,0.0,0.0,0.0,0.0
GN73488_juodzbalis25,GN-73488,4.133,robust,individual_robust,single-epoch-virial-halpha,mbh_plus_0p3dex,MBH +0.3 dex,0.3,10000,20260808,30.0,0.1,1.0,fedd0p3,0.3,0.3,0.3,0.3,0.3,symmetric_reported,7.628019498787276,7.837127829356999,8.131645754518471,8.435457025040625,8.623793312427203,4.031940795052439,4.241049125622162,4.5355670507836345,4.839378321305788,5.027714608692365,10763.185307706932,17420.039469819414,34321.56256163903,69084.13460580174,106589.546529555,0.0607,0.0,0.0607,0.0
GN73488_juodzbalis25,GN-73488,4.133,robust,individual_robust,single-epoch-virial-halpha,mbh_plus_0p3dex,MBH +0.3 dex,0.3,10000,20260808,30.0,0.1,1.0,fedd1,1.0,0.3,0.3,0.3,0.3,symmetric_reported,7.628019498787276,7.837127829356999,8.131645754518471,8.435457025040625,8.623793312427203,-4.358909513662183,-4.1498011830924595,-3.855283257930987,-3.551471987408833,-3.363135700022256,4.376132961009723e-05,7.082699658750759e-05,0.00013954579142272958,0.00028088465439204654,0.00043337545023318114,0.0,0.0,0.0,0.0
GN62309_juodzbalis25,GN-62309,5.172,robust,individual_robust,single-epoch-virial-halpha,baseline,reported MBH,0.0,10000,20260808,30.0,0.1,1.0,fedd0p3,0.3,0.36,0.33,0.36,0.33,asymmetric,5.74895785024013,5.9710731457003785,6.29825742401383,6.645869355831901,6.879951752480068,3.0812043961745337,3.3033196916347816,3.6305039699482333,3.978115901766305,4.212198298414471,1205.603213515004,2010.572286168013,4270.748241634956,9508.585236465384,16300.40145996547,0.0,0.0,0.0,0.0
GN62309_juodzbalis25,GN-62309,5.172,robust,individual_robust,single-epoch-virial-halpha,baseline,reported MBH,0.0,10000,20260808,30.0,0.1,1.0,fedd1,1.0,0.36,0.33,0.36,0.33,asymmetric,5.74895785024013,5.9710731457003785,6.29825742401383,6.645869355831901,6.879951752480068,-3.143553663311859,-2.921438367851611,-2.5942540895381594,-2.2466421577200877,-2.0125597610719215,0.0007185323691370321,0.0011982891650475697,0.0025453406374912487,0.005667060439544729,0.00971494265079609,0.0,0.0,0.0,0.0
GN62309_juodzbalis25,GN-62309,5.172,robust,individual_robust,single-epoch-virial-halpha,mbh_minus_0p3dex,MBH -0.3 dex,-0.3,10000,20260808,30.0,0.1,1.0,fedd0p3,0.3,0.36,0.33,0.36,0.33,asymmetric,5.44895785024013,5.671073145700379,5.99825742401383,6.345869355831901,6.579951752480068,2.781204396174534,3.0033196916347817,3.3305039699482335,3.678115901766305,3.9121982984144714,604.2329394337348,1007.6731621122074,2140.444496743562,4765.58153037321,8169.553114734055,0.0,0.0,0.0,0.0
GN62309_juodzbalis25,GN-62309,5.172,robust,individual_robust,single-epoch-virial-halpha,mbh_minus_0p3dex,MBH -0.3 dex,-0.3,10000,20260808,30.0,0.1,1.0,fedd1,1.0,0.36,0.33,0.36,0.33,asymmetric,5.44895785024013,5.671073145700379,5.99825742401383,6.345869355831901,6.579951752480068,-3.443553663311859,-3.221438367851611,-2.894254089538159,-2.5466421577200875,-2.3125597610719213,0.00036011925035943923,0.0006005672317157257,0.0012756922327433172,0.002840258344493978,0.004869005232000093,0.0,0.0,0.0,0.0
GN62309_juodzbalis25,GN-62309,5.172,robust,individual_robust,single-epoch-virial-halpha,mbh_plus_0p3dex,MBH +0.3 dex,0.3,10000,20260808,30.0,0.1,1.0,fedd0p3,0.3,0.36,0.33,0.36,0.33,asymmetric,6.0489578502401296,6.271073145700378,6.59825742401383,6.945869355831901,7.179951752480068,3.3812043961745335,3.6033196916347814,3.930503969948233,4.278115901766305,4.5121982984144715,2405.4946587318664,4011.619114111861,8521.26302325383,18972.121790988844,32523.576751932862,0.0015,0.0,0.0015,0.0
GN62309_juodzbalis25,GN-62309,5.172,robust,individual_robust,single-epoch-virial-halpha,mbh_plus_0p3dex,MBH +0.3 dex,0.3,10000,20260808,30.0,0.1,1.0,fedd1,1.0,0.36,0.33,0.36,0.33,asymmetric,6.0489578502401296,6.271073145700378,6.59825742401383,6.945869355831901,7.179951752480068,-2.843553663311859,-2.6214383678516113,-2.2942540895381596,-1.946642157720088,-1.7125597610719214,0.0014336605582244276,0.0023909012134549386,0.005078622252745151,0.011307272131674569,0.0193838589632173,0.0,0.0,0.0,0.0
GN61888_juodzbalis25,GN-61888,5.874,robust,individual_robust,single-epoch-virial-halpha,baseline,reported MBH,0.0,10000,20260808,30.0,0.1,1.0,fedd0p3,0.3,0.33,0.32,0.33,0.32,asymmetric,6.51332702954704,6.718943047281149,7.043834527713303,7.374238085399504,7.594791502692245,4.2814368056479735,4.487052823382083,4.811944303814236,5.142347861500438,5.362901278793179,19117.751215952667,30693.95297292014,64855.12548781566,138786.70493458014,230622.2894866607,0.2801,0.0003,0.2801,0.0003
GN61888_juodzbalis25,GN-61888,5.874,robust,individual_robust,single-epoch-virial-halpha,baseline,reported MBH,0.0,10000,20260808,30.0,0.1,1.0,fedd1,1.0,0.33,0.32,0.33,0.32,asymmetric,6.51332702954704,6.718943047281149,7.043834527713303,7.374238085399504,7.594791502692245,-0.9263070501165152,-0.7206910323824054,-0.3957995519502524,-0.06539599426405,0.15515742302869034,0.11849306954675519,0.19024312343023764,0.40197629983168115,0.8602090535761114,1.4294119992717478,0.0,0.0,0.0,0.0
GN61888_juodzbalis25,GN-61888,5.874,robust,individual_robust,single-epoch-virial-halpha,mbh_minus_0p3dex,MBH -0.3 dex,-0.3,10000,20260808,30.0,0.1,1.0,fedd0p3,0.3,0.33,0.32,0.33,0.32,asymmetric,6.21332702954704,6.418943047281149,6.743834527713302,7.074238085399505,7.294791502692245,3.9814368056479736,4.187052823382083,4.511944303814236,4.842347861500438,5.062901278793179,9581.57284509774,15383.417379583441,32504.560929787942,69558.12471040676,115584.94728060749,0.0719,0.0,0.0719,0.0
GN61888_juodzbalis25,GN-61888,5.874,robust,individual_robust,single-epoch-virial-halpha,mbh_minus_0p3dex,MBH -0.3 dex,-0.3,10000,20260808,30.0,0.1,1.0,fedd1,1.0,0.33,0.32,0.33,0.32,asymmetric,6.21332702954704,6.418943047281149,6.743834527713302,7.074238085399505,7.294791502692245,-1.226307050116515,-1.0206910323824052,-0.6957995519502522,-0.36539599426404984,-0.14484257697130948,0.05938721373014223,0.09534742474861256,0.20146538969636732,0.43112579590294553,0.7164030456286362,0.0,0.0,0.0,0.0
GN61888_juodzbalis25,GN-61888,5.874,robust,individual_robust,single-epoch-virial-halpha,mbh_plus_0p3dex,MBH +0.3 dex,0.3,10000,20260808,30.0,0.1,1.0,fedd0p3,0.3,0.33,0.32,0.33,0.32,asymmetric,6.81332702954704,7.018943047281149,7.343834527713302,7.674238085399504,7.894791502692245,4.581436805647973,4.787052823382083,5.111944303814235,5.442347861500438,5.6629012787931785,38144.92854814081,61242.48766429454,129402.98781841621,276915.88217467314,460151.9632045775,0.6349,0.0032,0.6349,0.0032
GN61888_juodzbalis25,GN-61888,5.874,robust,individual_robust,single-epoch-virial-halpha,mbh_plus_0p3dex,MBH +0.3 dex,0.3,10000,20260808,30.0,0.1,1.0,fedd1,1.0,0.33,0.32,0.33,0.32,asymmetric,6.81332702954704,7.018943047281149,7.343834527713302,7.674238085399504,7.894791502692245,-0.6263070501165153,-0.42069103238240557,-0.09579955195025258,0.23460400573594983,0.45515742302869017,0.23642475625162707,0.3795849348623261,0.8020481625647842,1.7163427075954603,2.8520518947112414,0.0,0.0,0.0,0.0
GN53757_juodzbalis25,GN-53757,4.447,robust,individual_robust,single-epoch-virial-halpha,baseline,reported MBH,0.0,10000,20260808,30.0,0.1,1.0,fedd0p3,0.3,0.31,0.31,0.31,0.31,symmetric_reported,6.819602646346178,7.028326316406949,7.337015945657127,7.648800226015062,7.847714881414997,3.5506245568976382,3.7593482269584086,4.068037856208586,4.379822136566522,4.578736791966456,3553.240141702544,5745.77023757544,11696.013444750282,23978.506893766877,37908.51675866628,0.0013,0.0,0.0013,0.0
GN53757_juodzbalis25,GN-53757,4.447,robust,individual_robust,single-epoch-virial-halpha,baseline,reported MBH,0.0,10000,20260808,30.0,0.1,1.0,fedd1,1.0,0.31,0.31,0.31,0.31,symmetric_reported,6.819602646346178,7.028326316406949,7.337015945657127,7.648800226015062,7.847714881414997,-4.076990985148958,-3.8682673150881874,-3.55957768583801,-3.2477934054800737,-3.0488787500801395,8.375466728496971e-05,0.0001354355617274512,0.00027569082740245545,0.0005652057802981783,0.0008935549193890058,0.0,0.0,0.0,0.0
GN53757_juodzbalis25,GN-53757,4.447,robust,individual_robust,single-epoch-virial-halpha,mbh_minus_0p3dex,MBH -0.3 dex,-0.3,10000,20260808,30.0,0.1,1.0,fedd0p3,0.3,0.31,0.31,0.31,0.31,symmetric_reported,6.519602646346178,6.72832631640695,7.037015945657126,7.348800226015062,7.547714881414997,3.2506245568976384,3.459348226958409,3.7680378562085863,4.079822136566523,4.278736791966457,1780.8385970332758,2879.706690428351,5861.89262284178,12017.721536599485,18999.264645189087,0.0,0.0,0.0,0.0
GN53757_juodzbalis25,GN-53757,4.447,robust,individual_robust,single-epoch-virial-halpha,mbh_minus_0p3dex,MBH -0.3 dex,-0.3,10000,20260808,30.0,0.1,1.0,fedd1,1.0,0.31,0.31,0.31,0.31,symmetric_reported,6.519602646346178,6.72832631640695,7.037015945657126,7.348800226015062,7.547714881414997,-4.376990985148958,-4.168267315088187,-3.8595776858380098,-3.5477934054800735,-3.3488787500801394,4.197676999992659e-05,6.787857451693697e-05,0.0001381727231222505,0.0002832739214577879,0.0004478383181426162,0.0,0.0,0.0,0.0
GN53757_juodzbalis25,GN-53757,4.447,robust,individual_robust,single-epoch-virial-halpha,mbh_plus_0p3dex,MBH +0.3 dex,0.3,10000,20260808,30.0,0.1,1.0,fedd0p3,0.3,0.31,0.31,0.31,0.31,symmetric_reported,7.119602646346178,7.328326316406949,7.637015945657126,7.948800226015062,8.147714881414997,3.850624556897638,4.0593482269584085,4.368037856208586,4.679822136566522,4.878736791966457,7089.646150773765,11464.31882550405,23336.61486167958,47843.41117435445,75637.43490493318,0.0204,0.0,0.0204,0.0
GN53757_juodzbalis25,GN-53757,4.447,robust,individual_robust,single-epoch-virial-halpha,mbh_plus_0p3dex,MBH +0.3 dex,0.3,10000,20260808,30.0,0.1,1.0,fedd1,1.0,0.31,0.31,0.31,0.31,symmetric_reported,7.119602646346178,7.328326316406949,7.637015945657126,7.948800226015062,8.147714881414997,-3.776990985148958,-3.5682673150881876,-3.25957768583801,-2.947793405480074,-2.7488787500801397,0.00016711253133645687,0.00027022947242142476,0.0005500755184987089,0.0011277337936315347,0.0017828764570119375,0.0,0.0,0.0,0.0
GS38562_juodzbalis25,GS-38562,4.822,robust,individual_robust,single-epoch-virial-halpha,baseline,reported MBH,0.0,10000,20260808,30.0,0.1,1.0,fedd0p3,0.3,0.3,0.31,0.3,0.31,asymmetric,6.994489723106773,7.203117360070561,7.5109795665118755,7.804915078146993,8.000587674930086,4.059683229575784,4.268310866539571,4.576173072980886,4.870108584616004,5.065781181399097,11473.165536996654,18548.588677103005,37685.395111795384,74149.5612586047,116353.96343805955,0.0778,0.0,0.0778,0.0
GS38562_juodzbalis25,GS-38562,4.822,robust,individual_robust,single-epoch-virial-halpha,baseline,reported MBH,0.0,10000,20260808,30.0,0.1,1.0,fedd1,1.0,0.3,0.31,0.3,0.31,asymmetric,6.994489723106773,7.203117360070561,7.5109795665118755,7.804915078146993,8.000587674930086,-2.7881985886631933,-2.5795709516994063,-2.271708745258091,-1.9777732336229732,-1.78210063683988,0.0016285512921704853,0.002632867795782048,0.005349229792542091,0.010525113004966355,0.016515790423765817,0.0,0.0,0.0,0.0
GS38562_juodzbalis25,GS-38562,4.822,robust,individual_robust,single-epoch-virial-halpha,mbh_minus_0p3dex,MBH -0.3 dex,-0.3,10000,20260808,30.0,0.1,1.0,fedd0p3,0.3,0.3,0.31,0.3,0.31,asymmetric,6.6944897231067735,6.903117360070561,7.210979566511876,7.504915078146993,7.700587674930087,3.759683229575784,3.968310866539571,4.276173072980886,4.570108584616004,4.765781181399097,5750.204096435113,9296.315846767406,18887.43892423147,37162.81348187607,58315.12105708988,0.0081,0.0,0.0081,0.0
GS38562_juodzbalis25,GS-38562,4.822,robust,individual_robust,single-epoch-virial-halpha,mbh_minus_0p3dex,MBH -0.3 dex,-0.3,10000,20260808,30.0,0.1,1.0,fedd1,1.0,0.3,0.31,0.3,0.31,asymmetric,6.6944897231067735,6.903117360070561,7.210979566511876,7.504915078146993,7.700587674930087,-3.088198588663193,-2.879570951699406,-2.571708745258091,-2.277773233622973,-2.08210063683988,0.0008162091169430456,0.0013195597270743392,0.0026809656817607594,0.005275052270573516,0.008277503313654988,0.0,0.0,0.0,0.0
GS38562_juodzbalis25,GS-38562,4.822,robust,individual_robust,single-epoch-virial-halpha,mbh_plus_0p3dex,MBH +0.3 dex,0.3,10000,20260808,30.0,0.1,1.0,fedd0p3,0.3,0.3,0.31,0.3,0.31,asymmetric,7.294489723106773,7.5031173600705605,7.810979566511875,8.104915078146995,8.300587674930087,4.359683229575784,4.568310866539571,4.876173072980886,5.170108584616004,5.365781181399098,22891.9748293691,37009.29998328208,75192.24869127772,147947.82525077063,232156.67844522747,0.3354,0.0,0.3354,0.0
GS38562_juodzbalis25,GS-38562,4.822,robust,individual_robust,single-epoch-virial-halpha,mbh_plus_0p3dex,MBH +0.3 dex,0.3,10000,20260808,30.0,0.1,1.0,fedd1,1.0,0.3,0.31,0.3,0.31,asymmetric,7.294489723106773,7.5031173600705605,7.810979566511875,8.104915078146995,8.300587674930087,-2.4881985886631934,-2.2795709516994065,-1.9717087452580913,-1.6777732336229725,-1.4821006368398792,0.0032493870212616416,0.005253261893219098,0.010673116619168027,0.021000361339598265,0.03295333423446389,0.0,0.0,0.0,0.0
GN38509_juodzbalis25,GN-38509,6.678,robust,individual_robust,single-epoch-virial-halpha,baseline,reported MBH,0.0,10000,20260808,30.0,0.1,1.0,fedd0p3,0.3,0.37,0.38,0.37,0.38,asymmetric,7.9424457265899875,8.195703434223589,8.571167354559117,8.932848190110644,9.175562588227919,6.090949094351157,6.344206801984759,6.719670722320287,7.081351557871814,7.324065955989088,1232960.3133743058,2209056.3902355847,5244097.113386106,12060118.103682034,21089484.111642893,1.0,0.9701,1.0,0.9701
GN38509_juodzbalis25,GN-38509,6.678,robust,individual_robust,single-epoch-virial-halpha,baseline,reported MBH,0.0,10000,20260808,30.0,0.1,1.0,fedd1,1.0,0.37,0.38,0.37,0.38,asymmetric,7.9424457265899875,8.195703434223589,8.571167354559117,8.932848190110644,9.175562588227919,1.770790285793886,2.0240479934274878,2.399511913763016,2.7611927493145427,3.0039071474318173,58.9916154407487,105.69343039360623,250.906502740691,577.0225056112079,1009.0371304434103,0.0,0.0,0.0,0.0
GN38509_juodzbalis25,GN-38509,6.678,robust,individual_robust,single-epoch-virial-halpha,mbh_minus_0p3dex,MBH -0.3 dex,-0.3,10000,20260808,30.0,0.1,1.0,fedd0p3,0.3,0.37,0.38,0.37,0.38,asymmetric,7.642445726589988,7.89570343422359,8.271167354559116,8.632848190110643,8.875562588227918,5.7909490943511575,6.0442068019847595,6.419670722320286,6.7813515578718135,7.024065955989087,617943.9686322833,1107150.8611488214,2628274.525130742,6044377.229602573,10569780.200540597,0.9999,0.8671,0.9999,0.8671
GN38509_juodzbalis25,GN-38509,6.678,robust,individual_robust,single-epoch-virial-halpha,mbh_minus_0p3dex,MBH -0.3 dex,-0.3,10000,20260808,30.0,0.1,1.0,fedd1,1.0,0.37,0.38,0.37,0.38,asymmetric,7.642445726589988,7.89570343422359,8.271167354559116,8.632848190110643,8.875562588227918,1.4707902857938862,1.7240479934274882,2.099511913763015,2.461192749314542,2.7039071474318166,29.565844549952736,52.97219799154819,125.75113600770032,289.196313327958,505.71652803413303,0.0,0.0,0.0,0.0
GN38509_juodzbalis25,GN-38509,6.678,robust,individual_robust,single-epoch-virial-halpha,mbh_plus_0p3dex,MBH +0.3 dex,0.3,10000,20260808,30.0,0.1,1.0,fedd0p3,0.3,0.37,0.38,0.37,0.38,asymmetric,8.242445726589988,8.49570343422359,8.871167354559118,9.232848190110644,9.47556258822792,6.390949094351158,6.64420680198476,7.019670722320288,7.381351557871815,7.624065955989089,2460079.249127976,4407646.967078256,10463349.346376397,24063099.16635075,42079052.890096076,1.0,0.9963,1.0,0.9963
GN38509_juodzbalis25,GN-38509,6.678,robust,individual_robust,single-epoch-virial-halpha,mbh_plus_0p3dex,MBH +0.3 dex,0.3,10000,20260808,30.0,0.1,1.0,fedd1,1.0,0.37,0.38,0.37,0.38,asymmetric,8.242445726589988,8.49570343422359,8.871167354559118,9.232848190110644,9.47556258822792,2.0707902857938865,2.3240479934274885,2.6995119137630166,3.0611927493145434,3.303907147431818,117.70374718806234,210.88611860414926,500.6242894991375,1151.311260334964,2013.2937607780775,0.0,0.0,0.0,0.0
GN20621_juodzbalis25,GN-20621,4.682,robust,individual_robust,single-epoch-virial-halpha,baseline,reported MBH,0.0,10000,20260808,30.0,0.1,1.0,fedd0p3,0.3,0.35,0.34,0.35,0.34,asymmetric,6.496459143469673,6.706454002718168,7.042910117789445,7.382863060668584,7.604485749046101,3.443289204252255,3.653284063500749,3.9897401785720263,4.329693121451165,4.551315809828682,2775.1675229988987,4500.741469076139,9766.527531501059,21364.519104696727,35589.00223526475,0.0019,0.0,0.0019,0.0
GN20621_juodzbalis25,GN-20621,4.682,robust,individual_robust,single-epoch-virial-halpha,baseline,reported MBH,0.0,10000,20260808,30.0,0.1,1.0,fedd1,1.0,0.35,0.34,0.35,0.34,asymmetric,6.496459143469673,6.706454002718168,7.042910117789445,7.382863060668584,7.604485749046101,-3.6807739872550544,-3.4707791280065607,-3.1343230129352833,-2.7943700700561434,-2.572747381678627,0.00020855759636681363,0.00033823681449133685,0.0007339677658879041,0.0016055725339396713,0.0026745616982643415,0.0,0.0,0.0,0.0
GN20621_juodzbalis25,GN-20621,4.682,robust,individual_robust,single-epoch-virial-halpha,mbh_minus_0p3dex,MBH -0.3 dex,-0.3,10000,20260808,30.0,0.1,1.0,fedd0p3,0.3,0.35,0.34,0.35,0.34,asymmetric,6.196459143469673,6.406454002718168,6.742910117789445,7.0828630606685845,7.304485749046101,3.1432892042522553,3.353284063500749,3.6897401785720265,4.029693121451166,4.251315809828683,1390.878533704068,2255.7141661578166,4894.85891565761,10707.624227859986,17836.75357784719,0.0001,0.0,0.0001,0.0
GN20621_juodzbalis25,GN-20621,4.682,robust,individual_robust,single-epoch-virial-halpha,mbh_minus_0p3dex,MBH -0.3 dex,-0.3,10000,20260808,30.0,0.1,1.0,fedd1,1.0,0.35,0.34,0.35,0.34,asymmetric,6.196459143469673,6.406454002718168,6.742910117789445,7.0828630606685845,7.304485749046101,-3.9807739872550543,-3.7707791280065606,-3.434323012935283,-3.094370070056143,-2.872747381678627,0.00010452640477503662,0.00016951997336581403,0.0003678552741569482,0.0008046924566731538,0.001340456178718565,0.0,0.0,0.0,0.0
GN20621_juodzbalis25,GN-20621,4.682,robust,individual_robust,single-epoch-virial-halpha,mbh_plus_0p3dex,MBH +0.3 dex,0.3,10000,20260808,30.0,0.1,1.0,fedd0p3,0.3,0.35,0.34,0.35,0.34,asymmetric,6.796459143469673,7.006454002718168,7.342910117789445,7.682863060668584,7.904485749046101,3.743289204252255,3.9532840635007487,4.289740178572026,4.629693121451166,4.851315809828683,5537.187176365232,8980.159842665289,19486.78433171007,42627.81984703411,71009.39498736706,0.0186,0.0,0.0186,0.0
GN20621_juodzbalis25,GN-20621,4.682,robust,individual_robust,single-epoch-virial-halpha,mbh_plus_0p3dex,MBH +0.3 dex,0.3,10000,20260808,30.0,0.1,1.0,fedd1,1.0,0.35,0.34,0.35,0.34,asymmetric,6.796459143469673,7.006454002718168,7.342910117789445,7.682863060668584,7.904485749046101,-3.3807739872550546,-3.170779128006561,-2.8343230129352834,-2.4943700700561435,-2.272747381678627,0.00041612711253119353,0.0006748711694896839,0.0014644582236780356,0.0032035383709189172,0.005336452165606005,0.0,0.0,0.0,0.0
GN11836_juodzbalis25,GN-11836,4.409,robust,individual_robust,single-epoch-virial-halpha,baseline,reported MBH,0.0,10000,20260808,30.0,0.1,1.0,fedd0p3,0.3,0.32,0.32,0.32,0.32,symmetric_reported,5.520160323889288,5.738428127199047,6.057744717707399,6.374500125085354,6.577852171086051,2.21409105670066,2.432358860010419,2.751675450518771,3.068430857896726,3.271782903897423,163.71597817153224,270.6193583737685,564.5149541935818,1170.660218790653,1869.747273913986,0.0,0.0,0.0,0.0
GN11836_juodzbalis25,GN-11836,4.409,robust,individual_robust,single-epoch-virial-halpha,baseline,reported MBH,0.0,10000,20260808,30.0,0.1,1.0,fedd1,1.0,0.32,0.32,0.32,0.32,symmetric_reported,5.520160323889288,5.738428127199047,6.057744717707399,6.374500125085354,6.577852171086051,-5.500070566739472,-5.281802763429713,-4.962486172921361,-4.645730765543406,-4.442378719542709,3.161763953288059e-06,5.226334911987877e-06,1.090219203522853e-05,2.2608369217588124e-05,3.6109484232662454e-05,0.0,0.0,0.0,0.0
GN11836_juodzbalis25,GN-11836,4.409,robust,individual_robust,single-epoch-virial-halpha,mbh_minus_0p3dex,MBH -0.3 dex,-0.3,10000,20260808,30.0,0.1,1.0,fedd0p3,0.3,0.32,0.32,0.32,0.32,symmetric_reported,5.220160323889288,5.438428127199047,5.757744717707399,6.074500125085354,6.277852171086051,1.9140910567006602,2.1323588600104193,2.451675450518771,2.768430857896726,2.9717829038974233,82.05235820037318,135.6309675893365,282.92768823350775,586.719956573185,937.0934637950847,0.0,0.0,0.0,0.0
GN11836_juodzbalis25,GN-11836,4.409,robust,individual_robust,single-epoch-virial-halpha,mbh_minus_0p3dex,MBH -0.3 dex,-0.3,10000,20260808,30.0,0.1,1.0,fedd1,1.0,0.32,0.32,0.32,0.32,symmetric_reported,5.220160323889288,5.438428127199047,5.757744717707399,6.074500125085354,6.277852171086051,-5.800070566739472,-5.581802763429713,-5.262486172921361,-4.945730765543406,-4.7423787195427085,1.5846357291308708e-06,2.6193723365488387e-06,5.46403946660947e-06,1.1331026024986975e-05,1.809761251027571e-05,0.0,0.0,0.0,0.0
GN11836_juodzbalis25,GN-11836,4.409,robust,individual_robust,single-epoch-virial-halpha,mbh_plus_0p3dex,MBH +0.3 dex,0.3,10000,20260808,30.0,0.1,1.0,fedd0p3,0.3,0.32,0.32,0.32,0.32,symmetric_reported,5.820160323889287,6.0384281271990465,6.357744717707399,6.674500125085354,6.877852171086051,2.51409105670066,2.732358860010419,3.0516754505187706,3.3684308578967257,3.571782903897423,326.65632160392585,539.956607464238,1126.355414338837,2335.7742181862127,3730.63627415637,0.0,0.0,0.0,0.0
GN11836_juodzbalis25,GN-11836,4.409,robust,individual_robust,single-epoch-virial-halpha,mbh_plus_0p3dex,MBH +0.3 dex,0.3,10000,20260808,30.0,0.1,1.0,fedd1,1.0,0.32,0.32,0.32,0.32,symmetric_reported,5.820160323889287,6.0384281271990465,6.357744717707399,6.674500125085354,6.877852171086051,-5.200070566739472,-4.981802763429713,-4.662486172921361,-4.345730765543406,-4.142378719542709,6.308548464822686e-06,1.0427909095295603e-05,2.175273291844535e-05,4.510962710275602e-05,7.204789310239431e-05,0.0,0.0,0.0,0.0
GS8083_juodzbalis25,GS-8083,4.753,robust,individual_robust,single-epoch-virial-halpha,baseline,reported MBH,0.0,10000,20260808,30.0,0.1,1.0,fedd0p3,0.3,0.31,0.31,0.31,0.31,symmetric_reported,6.593942199966867,6.7974893470035225,7.103025168063538,7.409367963515735,7.6059058421886,3.601693230153231,3.805240377189886,4.110776198249901,4.417118993702099,4.613656872374963,3996.623431193107,6386.1685582821865,12905.540575103634,26128.772594014856,41082.5008045177,0.0011,0.0,0.0011,0.0
GS8083_juodzbalis25,GS-8083,4.753,robust,individual_robust,single-epoch-virial-halpha,baseline,reported MBH,0.0,10000,20260808,30.0,0.1,1.0,fedd1,1.0,0.31,0.31,0.31,0.31,symmetric_reported,6.593942199966867,6.7974893470035225,7.103025168063538,7.409367963515735,7.6059058421886,-3.3802210327452547,-3.1766738857086,-2.8711380646485845,-2.564795269196387,-2.3682573905235227,0.00041665727320385154,0.0006657729014313689,0.001345432572725297,0.002723985216174282,0.0042829461059570905,0.0,0.0,0.0,0.0
GS8083_juodzbalis25,GS-8083,4.753,robust,individual_robust,single-epoch-virial-halpha,mbh_minus_0p3dex,MBH -0.3 dex,-0.3,10000,20260808,30.0,0.1,1.0,fedd0p3,0.3,0.31,0.31,0.31,0.31,symmetric_reported,6.293942199966867,6.497489347003523,6.803025168063538,7.109367963515735,7.3059058421886,3.3016932301532314,3.505240377189886,3.8107761982499015,4.117118993702099,4.313656872374963,2003.0566413296112,3200.666153202916,6468.092179300709,13095.407254470398,20590.02492870642,0.0,0.0,0.0,0.0
GS8083_juodzbalis25,GS-8083,4.753,robust,individual_robust,single-epoch-virial-halpha,mbh_minus_0p3dex,MBH -0.3 dex,-0.3,10000,20260808,30.0,0.1,1.0,fedd1,1.0,0.31,0.31,0.31,0.31,symmetric_reported,6.293942199966867,6.497489347003523,6.803025168063538,7.109367963515735,7.3059058421886,-3.6802210327452545,-3.4766738857085997,-3.1711380646485843,-2.864795269196387,-2.6682573905235225,0.00020882330612772106,0.0003336768786923906,0.0006743136291562158,0.0013652266149359763,0.002146557910619333,0.0,0.0,0.0,0.0
GS8083_juodzbalis25,GS-8083,4.753,robust,individual_robust,single-epoch-virial-halpha,mbh_plus_0p3dex,MBH +0.3 dex,0.3,10000,20260808,30.0,0.1,1.0,fedd0p3,0.3,0.31,0.31,0.31,0.31,symmetric_reported,6.893942199966867,7.097489347003522,7.403025168063538,7.709367963515735,7.9059058421885995,3.901693230153231,4.105240377189886,4.410776198249901,4.7171189937020985,4.913656872374963,7974.312119381222,12742.081461379583,25749.938763806073,52133.75529322948,81970.36565993281,0.024,0.0,0.024,0.0
GS8083_juodzbalis25,GS-8083,4.753,robust,individual_robust,single-epoch-virial-halpha,mbh_plus_0p3dex,MBH +0.3 dex,0.3,10000,20260808,30.0,0.1,1.0,fedd1,1.0,0.31,0.31,0.31,0.31,symmetric_reported,6.893942199966867,7.097489347003522,7.403025168063538,7.709367963515735,7.9059058421885995,-3.080221032745255,-2.8766738857086,-2.5711380646485846,-2.2647952691963873,-2.068257390523523,0.0008313405554813374,0.0013283915805535004,0.0026844909096904106,0.0054350650483649,0.00854560096225889,0.0,0.0,0.0,0.0
GN1093_juodzbalis25,GN-1093,5.594,robust,individual_robust,single-epoch-virial-halpha,baseline,reported MBH,0.0,10000,20260808,30.0,0.1,1.0,fedd0p3,0.3,0.34,0.33,0.34,0.33,asymmetric,6.598290194890724,6.814857297645573,7.139872502066009,7.478674401129335,7.699500338657439,4.206364230503661,4.42293133325851,4.747946537678945,5.086748436742271,5.307574374270375,16082.895280689609,26480.814290579234,55968.87416117563,122109.21696596345,203036.6196635867,0.2292,0.0003,0.2292,0.0003
GN1093_juodzbalis25,GN-1093,5.594,robust,individual_robust,single-epoch-virial-halpha,baseline,reported MBH,0.0,10000,20260808,30.0,0.1,1.0,fedd1,1.0,0.34,0.33,0.34,0.33,asymmetric,6.598290194890724,6.814857297645573,7.139872502066009,7.478674401129335,7.699500338657439,-1.3747963530661556,-1.158229250311307,-0.8332140458908714,-0.49441214682754553,-0.2735862092994404,0.04218942929156112,0.06946575368408726,0.14682025952045852,0.32032280787272044,0.5326154874103738,0.0,0.0,0.0,0.0
GN1093_juodzbalis25,GN-1093,5.594,robust,individual_robust,single-epoch-virial-halpha,mbh_minus_0p3dex,MBH -0.3 dex,-0.3,10000,20260808,30.0,0.1,1.0,fedd0p3,0.3,0.34,0.33,0.34,0.33,asymmetric,6.298290194890725,6.514857297645573,6.839872502066009,7.178674401129335,7.39950033865744,3.906364230503661,4.122931333258509,4.447946537678946,4.786748436742272,5.007574374270376,8060.541794445934,13271.84605849293,28050.8852100726,61199.580651563716,101759.36173422588,0.0521,0.0,0.0521,0.0
GN1093_juodzbalis25,GN-1093,5.594,robust,individual_robust,single-epoch-virial-halpha,mbh_minus_0p3dex,MBH -0.3 dex,-0.3,10000,20260808,30.0,0.1,1.0,fedd1,1.0,0.34,0.33,0.34,0.33,asymmetric,6.298290194890725,6.514857297645573,6.839872502066009,7.178674401129335,7.39950033865744,-1.6747963530661554,-1.4582292503113068,-1.1332140458908713,-0.7944121468275454,-0.5735862092994403,0.021144803354950937,0.03481534892076121,0.07358443970949682,0.16054170194544903,0.26694008272224656,0.0,0.0,0.0,0.0
GN1093_juodzbalis25,GN-1093,5.594,robust,individual_robust,single-epoch-virial-halpha,mbh_plus_0p3dex,MBH +0.3 dex,0.3,10000,20260808,30.0,0.1,1.0,fedd0p3,0.3,0.34,0.33,0.34,0.33,asymmetric,6.898290194890724,7.114857297645573,7.439872502066009,7.778674401129335,7.999500338657439,4.50636423050366,4.722931333258509,5.047946537678945,5.3867484367422716,5.607574374270376,32089.594869150744,52836.17082368201,111672.58542502936,243639.91892254568,405111.3157734245,0.556,0.0026,0.556,0.0026
GN1093_juodzbalis25,GN-1093,5.594,robust,individual_robust,single-epoch-virial-halpha,mbh_plus_0p3dex,MBH +0.3 dex,0.3,10000,20260808,30.0,0.1,1.0,fedd1,1.0,0.34,0.33,0.34,0.33,asymmetric,6.898290194890724,7.114857297645573,7.439872502066009,7.778674401129335,7.999500338657439,-1.0747963530661557,-0.8582292503113071,-0.5332140458908716,-0.19441214682754573,0.026413790700559436,0.08417897835549606,0.1386024005067699,0.29294493089512164,0.6391280271734555,1.0627076103987,0.0,0.0,0.0,0.0
GN954_juodzbalis25,GN-954,6.759,robust,individual_robust,single-epoch-virial-halpha,baseline,reported MBH,0.0,10000,20260808,30.0,0.1,1.0,fedd0p3,0.3,0.31,0.32,0.31,0.32,asymmetric,7.177612516758182,7.379382438167307,7.6989547338557305,8.016505242229405,8.211544428664416,5.359050861235963,5.560820782645089,5.880393078333512,6.197943586707187,6.392982773142196,228586.65296215494,363764.8949197171,759264.4720986532,1577406.393725771,2471626.1492541963,0.9975,0.3561,0.9975,0.3561
GN954_juodzbalis25,GN-954,6.759,robust,individual_robust,single-epoch-virial-halpha,baseline,reported MBH,0.0,10000,20260808,30.0,0.1,1.0,fedd1,1.0,0.31,0.32,0.31,0.32,asymmetric,7.177612516758182,7.379382438167307,7.6989547338557305,8.016505242229405,8.211544428664416,1.1157403316841201,1.3175102530932452,1.637082548781668,1.9546330571553436,2.149672243590353,13.053901731714488,20.773527807485806,43.35932863411247,90.08097274202387,141.14719495561226,0.0,0.0,0.0,0.0
GN954_juodzbalis25,GN-954,6.759,robust,individual_robust,single-epoch-virial-halpha,mbh_minus_0p3dex,MBH -0.3 dex,-0.3,10000,20260808,30.0,0.1,1.0,fedd0p3,0.3,0.31,0.32,0.31,0.32,asymmetric,6.877612516758182,7.079382438167308,7.39895473385573,7.716505242229406,7.911544428664415,5.0590508612359635,5.260820782645089,5.580393078333511,5.897943586707187,6.092982773142197,114564.71224221982,182314.32137552847,380533.66036259546,790575.9467773914,1238747.4723055388,0.9665,0.091,0.9665,0.091
GN954_juodzbalis25,GN-954,6.759,robust,individual_robust,single-epoch-virial-halpha,mbh_minus_0p3dex,MBH -0.3 dex,-0.3,10000,20260808,30.0,0.1,1.0,fedd1,1.0,0.31,0.32,0.31,0.32,asymmetric,6.877612516758182,7.079382438167308,7.39895473385573,7.716505242229406,7.911544428664415,0.8157403316841204,1.0175102530932454,1.3370825487816682,1.6546330571553438,1.8496722435903532,6.542448896960246,10.411426934513031,21.731141970066616,45.14743353102868,70.74117217405262,0.0,0.0,0.0,0.0
GN954_juodzbalis25,GN-954,6.759,robust,individual_robust,single-epoch-virial-halpha,mbh_plus_0p3dex,MBH +0.3 dex,0.3,10000,20260808,30.0,0.1,1.0,fedd0p3,0.3,0.31,0.32,0.31,0.32,asymmetric,7.477612516758182,7.679382438167307,7.998954733855729,8.316505242229406,8.511544428664417,5.659050861235963,5.860820782645089,6.180393078333511,6.497943586707188,6.692982773142197,456090.33436025697,725806.3863419256,1514931.7882731827,3147339.532791999,4931542.512298553,1.0,0.7139,1.0,0.7139
GN954_juodzbalis25,GN-954,6.759,robust,individual_robust,single-epoch-virial-halpha,mbh_plus_0p3dex,MBH +0.3 dex,0.3,10000,20260808,30.0,0.1,1.0,fedd1,1.0,0.31,0.32,0.31,0.32,asymmetric,7.477612516758182,7.679382438167307,7.998954733855729,8.316505242229406,8.511544428664417,1.41574033168412,1.617510253093245,1.9370825487816679,2.254633057155344,2.4496722435903537,26.045958188596906,41.44863718323451,86.51323442599565,179.7351702078994,281.6256789584991,0.0,0.0,0.0,0.0
GS200679_juodzbalis25,GS-200679,4.547,tentative,individual_tentative,single-epoch-virial-halpha,baseline,reported MBH,0.0,10000,20260808,30.0,0.1,1.0,fedd0p3,0.3,0.6,0.3,0.6,0.3,asymmetric,5.69346392490452,5.8889316027255285,6.196013867544441,6.788901710598514,7.184957403594804,2.5190930808736436,2.7145607586946516,3.021643023513565,3.614530866567638,4.010586559563928,330.4403556338611,518.2755955880137,1051.0975494498903,4116.526611395093,10246.761665884309,0.0004,0.0,0.0004,0.0
GS200679_juodzbalis25,GS-200679,4.547,tentative,individual_tentative,single-epoch-virial-halpha,baseline,reported MBH,0.0,10000,20260808,30.0,0.1,1.0,fedd1,1.0,0.6,0.3,0.6,0.3,asymmetric,5.69346392490452,5.8889316027255285,6.196013867544441,6.788901710598514,7.184957403594804,-4.887772221865068,-4.692304544044059,-4.385222279225146,-3.792334436171073,-3.396278743174784,1.294874797494794e-05,2.0309323466142446e-05,4.1188665466734885e-05,0.00016131160953653,0.0004015330818670053,0.0,0.0,0.0,0.0
GS200679_juodzbalis25,GS-200679,4.547,tentative,individual_tentative,single-epoch-virial-halpha,mbh_minus_0p3dex,MBH -0.3 dex,-0.3,10000,20260808,30.0,0.1,1.0,fedd0p3,0.3,0.6,0.3,0.6,0.3,asymmetric,5.39346392490452,5.588931602725529,5.896013867544442,6.4889017105985145,6.884957403594804,2.2190930808736438,2.414560758694652,2.721643023513565,3.314530866567638,3.710586559563927,165.61248771894697,259.75311200928365,526.7966730811956,2063.150584518157,5135.546132962534,0.0001,0.0,0.0001,0.0
GS200679_juodzbalis25,GS-200679,4.547,tentative,individual_tentative,single-epoch-virial-halpha,mbh_minus_0p3dex,MBH -0.3 dex,-0.3,10000,20260808,30.0,0.1,1.0,fedd1,1.0,0.6,0.3,0.6,0.3,asymmetric,5.39346392490452,5.588931602725529,5.896013867544442,6.4889017105985145,6.884957403594804,-5.1877722218650675,-4.9923045440440585,-4.685222279225146,-4.092334436171073,-3.696278743174784,6.489747176500905e-06,1.0178773644837381e-05,2.0643233302072023e-05,8.084731933557622e-05,0.00020124325451075753,0.0,0.0,0.0,0.0
GS200679_juodzbalis25,GS-200679,4.547,tentative,individual_tentative,single-epoch-virial-halpha,mbh_plus_0p3dex,MBH +0.3 dex,0.3,10000,20260808,30.0,0.1,1.0,fedd0p3,0.3,0.6,0.3,0.6,0.3,asymmetric,5.993463924904519,6.188931602725528,6.496013867544441,7.088901710598514,7.484957403594803,2.8190930808736434,3.0145607586946515,3.3216430235135648,3.9145308665676377,4.310586559563927,659.3151889411573,1034.0957646448146,2097.215329773503,8213.550416283168,20444.977402406654,0.0023,0.0,0.0023,0.0
GS200679_juodzbalis25,GS-200679,4.547,tentative,individual_tentative,single-epoch-virial-halpha,mbh_plus_0p3dex,MBH +0.3 dex,0.3,10000,20260808,30.0,0.1,1.0,fedd1,1.0,0.6,0.3,0.6,0.3,asymmetric,5.993463924904519,6.188931602725528,6.496013867544441,7.088901710598514,7.484957403594803,-4.587772221865068,-4.392304544044059,-4.085222279225146,-3.492334436171073,-3.0962787431747842,2.583614886044321e-05,4.0522427754507145e-05,8.218219200963614e-05,0.00032185897547521277,0.0008011638264625494,0.0,0.0,0.0,0.0
GS20057765_juodzbalis25,GS-20057765,8.913,tentative,stack_supported_tentative_hbeta,single-epoch-virial-hbeta,baseline,reported MBH,0.0,10000,20260808,30.0,0.1,1.0,fedd0p3,0.3,0.62,0.7,0.62,0.7,asymmetric,6.187374713876177,6.640600710763422,7.336445170701266,7.944373472294325,8.345261410615608,5.007618778712556,5.460844775599801,6.156689235537645,6.764617537130704,7.165505475451987,101769.77565027411,288964.6896084798,1434462.6205169323,5815908.123208801,14638800.009257227,0.9513,0.5851,0.9513,0.5851
GS20057765_juodzbalis25,GS-20057765,8.913,tentative,stack_supported_tentative_hbeta,single-epoch-virial-hbeta,baseline,reported MBH,0.0,10000,20260808,30.0,0.1,1.0,fedd1,1.0,0.62,0.7,0.62,0.7,asymmetric,6.187374713876177,6.640600710763422,7.336445170701266,7.944373472294325,8.345261410615608,2.25485492999744,2.7080809268846857,3.403925386822529,4.011853688415588,4.412741626736871,179.82702868340544,510.60013834839856,2534.693126291436,10276.700230590544,25866.735898107927,0.0045,0.0,0.0045,0.0
GS20057765_juodzbalis25,GS-20057765,8.913,tentative,stack_supported_tentative_hbeta,single-epoch-virial-hbeta,mbh_minus_0p3dex,MBH -0.3 dex,-0.3,10000,20260808,30.0,0.1,1.0,fedd0p3,0.3,0.62,0.7,0.62,0.7,asymmetric,5.887374713876177,6.340600710763423,7.036445170701267,7.644373472294325,8.045261410615607,4.707618778712556,5.160844775599801,5.856689235537646,6.464617537130704,6.865505475451986,51005.71232502904,144825.41340083742,718934.3525186093,2914858.9033014015,7336779.680262506,0.8913,0.4041,0.8913,0.4041
GS20057765_juodzbalis25,GS-20057765,8.913,tentative,stack_supported_tentative_hbeta,single-epoch-virial-hbeta,mbh_minus_0p3dex,MBH -0.3 dex,-0.3,10000,20260808,30.0,0.1,1.0,fedd1,1.0,0.62,0.7,0.62,0.7,asymmetric,5.887374713876177,6.340600710763423,7.036445170701267,7.644373472294325,8.045261410615607,1.9548549299974398,2.408080926884686,3.1039253868225294,3.711853688415588,4.11274162673687,90.12701103724815,255.9062708285365,1270.3558360600678,5150.550959386428,12964.077807739948,0.0009,0.0,0.0009,0.0
GS20057765_juodzbalis25,GS-20057765,8.913,tentative,stack_supported_tentative_hbeta,single-epoch-virial-hbeta,mbh_plus_0p3dex,MBH +0.3 dex,0.3,10000,20260808,30.0,0.1,1.0,fedd0p3,0.3,0.62,0.7,0.62,0.7,asymmetric,6.487374713876177,6.940600710763422,7.636445170701267,8.244373472294326,8.645261410615609,5.3076187787125555,5.760844775599801,6.456689235537645,7.0646175371307045,7.465505475451987,203057.39815782933,576560.3555324789,2862129.2089489386,11604262.305559924,29208245.99483708,0.9813,0.7408,0.9813,0.7408
GS20057765_juodzbalis25,GS-20057765,8.913,tentative,stack_supported_tentative_hbeta,single-epoch-virial-hbeta,mbh_plus_0p3dex,MBH +0.3 dex,0.3,10000,20260808,30.0,0.1,1.0,fedd1,1.0,0.62,0.7,0.62,0.7,asymmetric,6.487374713876177,6.940600710763422,7.636445170701267,8.244373472294326,8.645261410615609,2.5548549299974397,3.0080809268846855,3.703925386822529,4.311853688415589,4.712741626736872,358.8020935448265,1018.7812140644555,5057.377674899955,20504.712692329344,51610.92334874753,0.0175,0.0,0.0175,0.0
GS20030333_juodzbalis25,GS-20030333,7.891,tentative,stack_supported_tentative_hbeta,single-epoch-virial-hbeta,baseline,reported MBH,0.0,10000,20260808,30.0,0.1,1.0,fedd0p3,0.3,0.65,0.48,0.65,0.48,asymmetric,6.6303284946874985,6.9367267353381195,7.411843410225941,8.06272611664605,8.479702243075696,5.195472382582472,5.501870623233093,5.976987298120916,6.627870004541024,7.04484613097067,156845.6249873833,317592.78224116017,948390.7647760012,4244924.898626818,11087820.4145354,0.9813,0.483,0.9813,0.483
GS20030333_juodzbalis25,GS-20030333,7.891,tentative,stack_supported_tentative_hbeta,single-epoch-virial-hbeta,baseline,reported MBH,0.0,10000,20260808,30.0,0.1,1.0,fedd1,1.0,0.65,0.48,0.65,0.48,asymmetric,6.6303284946874985,6.9367267353381195,7.411843410225941,8.06272611664605,8.479702243075696,1.847474787670743,2.153873028321364,2.6289897032091862,3.279872409629295,3.696848536058941,70.3841409249597,142.51908616392697,425.58834041621435,1904.9010280322057,4975.6358500282095,0.0,0.0,0.0,0.0
GS20030333_juodzbalis25,GS-20030333,7.891,tentative,stack_supported_tentative_hbeta,single-epoch-virial-hbeta,mbh_minus_0p3dex,MBH -0.3 dex,-0.3,10000,20260808,30.0,0.1,1.0,fedd0p3,0.3,0.65,0.48,0.65,0.48,asymmetric,6.330328494687499,6.63672673533812,7.1118434102259425,7.762726116646051,8.179702243075695,4.895472382582472,5.201870623233093,5.676987298120915,6.327870004541024,6.744846130970669,78609.02489396723,159173.4479514358,475321.34379573737,2127502.166898305,5557074.040516983,0.923,0.3135,0.923,0.3135
GS20030333_juodzbalis25,GS-20030333,7.891,tentative,stack_supported_tentative_hbeta,single-epoch-virial-hbeta,mbh_minus_0p3dex,MBH -0.3 dex,-0.3,10000,20260808,30.0,0.1,1.0,fedd1,1.0,0.65,0.48,0.65,0.48,asymmetric,6.330328494687499,6.63672673533812,7.1118434102259425,7.762726116646051,8.179702243075695,1.547474787670743,1.853873028321364,2.3289897032091864,2.9798724096292952,3.39684853605894,35.27563288141265,71.42874653358544,213.2994429972244,954.7120765732086,2493.7251672123157,0.0,0.0,0.0,0.0
GS20030333_juodzbalis25,GS-20030333,7.891,tentative,stack_supported_tentative_hbeta,single-epoch-virial-hbeta,mbh_plus_0p3dex,MBH +0.3 dex,0.3,10000,20260808,30.0,0.1,1.0,fedd0p3,0.3,0.65,0.48,0.65,0.48,asymmetric,6.930328494687498,7.236726735338119,7.711843410225942,8.362726116646051,8.779702243075697,5.495472382582472,5.801870623233093,6.276987298120915,6.927870004541025,7.34484613097067,312948.164805067,633680.9099119041,1892288.3528220695,8469738.680103196,22123110.22826514,0.9968,0.7207,0.9968,0.7207
GS20030333_juodzbalis25,GS-20030333,7.891,tentative,stack_supported_tentative_hbeta,single-epoch-virial-hbeta,mbh_plus_0p3dex,MBH +0.3 dex,0.3,10000,20260808,30.0,0.1,1.0,fedd1,1.0,0.65,0.48,0.65,0.48,asymmetric,6.930328494687498,7.236726735338119,7.711843410225942,8.362726116646051,8.779702243075697,2.1474747876707427,2.4538730283213637,2.928989703209186,3.5798724096292958,3.9968485360589416,140.4348239590309,284.362961786686,849.1603773226191,3800.7772349781435,9927.69870456945,0.0007,0.0,0.0007,0.0
GS164055_juodzbalis25,GS-164055,7.397,tentative,stack_supported_tentative_hbeta,single-epoch-virial-hbeta,baseline,reported MBH,0.0,10000,20260808,30.0,0.1,1.0,fedd0p3,0.3,0.59,0.66,0.59,0.66,asymmetric,6.550658633195793,6.987702965824251,7.627334162559942,8.21137659473583,8.60721986698662,4.964189454711571,5.401233787340029,6.04086498407572,6.624907416251608,7.020750688502399,92085.11925538362,251903.25990655995,1098664.2275344245,4216066.149368566,10489401.794111334,0.9435,0.5239,0.9435,0.5239
GS164055_juodzbalis25,GS-164055,7.397,tentative,stack_supported_tentative_hbeta,single-epoch-virial-hbeta,baseline,reported MBH,0.0,10000,20260808,30.0,0.1,1.0,fedd1,1.0,0.59,0.66,0.59,0.66,asymmetric,6.550658633195793,6.987702965824251,7.627334162559942,8.21137659473583,8.60721986698662,1.2624280382483837,1.6994723708768422,2.339103567612533,2.9231459997884204,3.318989272039212,18.299028705157102,50.05787060088211,218.3250496882677,837.8108875134689,2084.4395498694853,0.0,0.0,0.0,0.0
GS164055_juodzbalis25,GS-164055,7.397,tentative,stack_supported_tentative_hbeta,single-epoch-virial-hbeta,mbh_minus_0p3dex,MBH -0.3 dex,-0.3,10000,20260808,30.0,0.1,1.0,fedd0p3,0.3,0.59,0.66,0.59,0.66,asymmetric,6.250658633195793,6.6877029658242515,7.327334162559943,7.91137659473583,8.30721986698662,4.664189454711571,5.101233787340029,5.740864984075721,6.324907416251608,6.720750688502398,46151.8861778432,126250.69797426059,550636.4848832225,2113038.530191619,5257154.267595598,0.8754,0.3342,0.8754,0.3342
GS164055_juodzbalis25,GS-164055,7.397,tentative,stack_supported_tentative_hbeta,single-epoch-virial-hbeta,mbh_minus_0p3dex,MBH -0.3 dex,-0.3,10000,20260808,30.0,0.1,1.0,fedd1,1.0,0.59,0.66,0.59,0.66,asymmetric,6.250658633195793,6.6877029658242515,7.327334162559943,7.91137659473583,8.30721986698662,0.9624280382483839,1.3994723708768424,2.0391035676125333,2.6231459997884206,3.018989272039211,9.171239574803739,25.08836568772808,109.42172768479972,419.90012101568544,1044.6944916623622,0.0,0.0,0.0,0.0
GS164055_juodzbalis25,GS-164055,7.397,tentative,stack_supported_tentative_hbeta,single-epoch-virial-hbeta,mbh_plus_0p3dex,MBH +0.3 dex,0.3,10000,20260808,30.0,0.1,1.0,fedd0p3,0.3,0.59,0.66,0.59,0.66,asymmetric,6.850658633195793,7.287702965824251,7.9273341625599425,8.51137659473583,8.90721986698662,5.264189454711571,5.701233787340029,6.34086498407572,6.924907416251608,7.320750688502399,183733.968219682,502613.08150936995,2192123.3300038306,8412157.90525107,20929108.10635733,0.9801,0.7057,0.9801,0.7057
GS164055_juodzbalis25,GS-164055,7.397,tentative,stack_supported_tentative_hbeta,single-epoch-virial-hbeta,mbh_plus_0p3dex,MBH +0.3 dex,0.3,10000,20260808,30.0,0.1,1.0,fedd1,1.0,0.59,0.66,0.59,0.66,asymmetric,6.850658633195793,7.287702965824251,7.9273341625599425,8.51137659473583,8.90721986698662,1.5624280382483835,1.999472370876842,2.639103567612533,3.223145999788421,3.6189892720392125,36.51136237593373,99.8785827775286,435.61574405670854,1671.6524909262582,4159.003681685285,0.0,0.0,0.0,0.0
GN4685_juodzbalis25,GN-4685,7.415,tentative,stack_supported_tentative_hbeta,single-epoch-virial-hbeta,baseline,reported MBH,0.0,10000,20260808,30.0,0.1,1.0,fedd0p3,0.3,0.45,0.42,0.45,0.42,asymmetric,6.65281492598327,6.93441095024996,7.358535794229488,7.816408036834594,8.110372291417864,5.072261609232778,5.3538576334994685,5.7779824774789965,6.235854720084102,6.529818974667373,118103.18519765788,225869.52238200462,599766.8773128327,1721292.6729355732,3387029.4889664478,0.965,0.3133,0.965,0.3133
GN4685_juodzbalis25,GN-4685,7.415,tentative,stack_supported_tentative_hbeta,single-epoch-virial-hbeta,baseline,reported MBH,0.0,10000,20260808,30.0,0.1,1.0,fedd1,1.0,0.45,0.42,0.45,0.42,asymmetric,6.65281492598327,6.93441095024996,7.358535794229488,7.816408036834594,8.110372291417864,1.384303870148297,1.6658998944149879,2.090024738394516,2.5478969809996213,2.8418612355828925,24.227236089620547,46.33401067922407,123.03388525105285,353.0994011444421,694.802286105695,0.0,0.0,0.0,0.0
GN4685_juodzbalis25,GN-4685,7.415,tentative,stack_supported_tentative_hbeta,single-epoch-virial-hbeta,mbh_minus_0p3dex,MBH -0.3 dex,-0.3,10000,20260808,30.0,0.1,1.0,fedd0p3,0.3,0.45,0.42,0.45,0.42,asymmetric,6.35281492598327,6.63441095024996,7.058535794229488,7.516408036834594,7.810372291417865,4.772261609232778,5.053857633499469,5.477982477478997,5.9358547200841025,6.229818974667373,59191.80867178358,113202.9210833502,300595.50206168636,862689.9130114735,1697535.9397890884,0.8704,0.1286,0.8704,0.1286
GN4685_juodzbalis25,GN-4685,7.415,tentative,stack_supported_tentative_hbeta,single-epoch-virial-hbeta,mbh_minus_0p3dex,MBH -0.3 dex,-0.3,10000,20260808,30.0,0.1,1.0,fedd1,1.0,0.45,0.42,0.45,0.42,asymmetric,6.35281492598327,6.63441095024996,7.058535794229488,7.516408036834594,7.810372291417865,1.0843038701482972,1.365899894414988,1.790024738394516,2.2478969809996214,2.5418612355828927,12.14238143419174,23.222014635176812,61.663012591390455,176.96891205502953,348.22603569121793,0.0,0.0,0.0,0.0
GN4685_juodzbalis25,GN-4685,7.415,tentative,stack_supported_tentative_hbeta,single-epoch-virial-hbeta,mbh_plus_0p3dex,MBH +0.3 dex,0.3,10000,20260808,30.0,0.1,1.0,fedd0p3,0.3,0.45,0.42,0.45,0.42,asymmetric,6.95281492598327,7.23441095024996,7.658535794229488,8.116408036834594,8.410372291417865,5.372261609232778,5.653857633499468,6.077982477478996,6.535854720084102,6.829818974667374,235646.83470267706,450668.94610883354,1196692.2480688584,3434430.4033404007,6758012.299023068,0.9943,0.5704,0.9943,0.5704
GN4685_juodzbalis25,GN-4685,7.415,tentative,stack_supported_tentative_hbeta,single-epoch-virial-hbeta,mbh_plus_0p3dex,MBH +0.3 dex,0.3,10000,20260808,30.0,0.1,1.0,fedd1,1.0,0.45,0.42,0.45,0.42,asymmetric,6.95281492598327,7.23441095024996,7.658535794229488,8.116408036834594,8.410372291417865,1.6843038701482969,1.9658998944149877,2.3900247383945157,2.847896980999621,3.141861235582893,48.33969116547386,92.44850540962136,245.4848747056311,704.5259285415843,1386.312817820921,0.0,0.0,0.0,0.0
