catalogue_release,catalogue_view,ranking_id,physical_object_id,object_id,measurement_id,source_key,survey,field,redshift,evidence_status,primary_growth_ranking_flag,ranking_population,evidence_status_basis,spectroscopic_type,selection_channels,phenotype_tags,quality_flag,detection_evidence,mbh_method,source_caveat_tags,detection_confidence_tier,detection_confidence_score_0_100,mass_measurement_reliability_tier,mass_measurement_reliability_score_0_100,source_virial_sensitivity_note,full_ranking_role,primary_ranking_role,rank_growth_pressure,rank_primary_growth_pressure,rank_uncertainty_pressure,rank_primary_uncertainty_pressure,physical_pressure_score_0_100,req_fedd_seed1e2_z30_eps0p1_b1,physical_growth_pressure_tier,measurement_confidence_tier,lrd_status,preferred_measurement_reason
v5-blagn,physical_object,HZA-GN-38509,HZA-GN-38509,GN-38509,GN38509_juodzbalis25,juodzbalis25_jades_blagn,JADES,,6.678,secure_accreting_mbh,True,primary_evidence_supported,published_blagn_with_robust_detection_and_no_recorded_alternative_interpretation,type1_broad_line,broad_balmer_line,,robust,individual_robust,single-epoch-virial-halpha,,high,90,high,90,not_applicable_or_recorded_in_source_specific_columns,exploratory_diagnostic,included_evidence_supported,1,1,1,1,98.44540599147037,1.064544199368414,high,high,not_reported_by_source,only catalogue measurement in this release
v5-blagn,physical_object,HZA-GS-20057765,HZA-GS-20057765,GS-20057765,GS20057765_juodzbalis25,juodzbalis25_jades_blagn,JADES,,8.913,probable_accreting_mbh,True,primary_evidence_supported,published_blagn_with_tentative_broad_line_detection,type1_broad_line,broad_balmer_line,,tentative,stack_supported_tentative_hbeta,single-epoch-virial-hbeta,,low_tentative_stack_supported,35,medium_tentative,60,not_applicable_or_recorded_in_source_specific_columns,exploratory_diagnostic,included_evidence_supported,2,2,2,2,93.77309018057997,1.3553650821669596,high,medium_tentative,not_reported_by_source,only catalogue measurement in this release
v5-blagn,physical_object,HZA-RUBIES-EGS-49140,HZA-RUBIES-EGS-49140,RUBIES-EGS-49140,RUBIESEGS49140_taylor24,taylor24_ceers_rubies_blagn,RUBIES,EGS,6.685,candidate_accreting_mbh,False,exploratory_candidate_or_disputed,robust_broad_line_with_recorded_alternative_non_agn_interpretation,type1_broad_line,broad_halpha,lrd,robust,individual_robust,single-epoch-virial-halpha-reines2013,formal_mbh_errors_exclude_virial_systematic;nominal_mass_uncorrected_for_dust;halpha_absorption_component_fit;alternative_non_agn_compact_galaxy_broadening,high,90,robust_with_interpretive_caveat,70,not_applicable_or_recorded_in_source_specific_columns,exploratory_diagnostic,excluded_candidate_or_disputed,3,,3,,87.49084949824412,1.0158950168929186,high,robust_with_interpretive_caveat,lrd,only catalogue measurement in this release
v5-blagn,physical_object,HZA-CEERS-00717,HZA-CEERS-00717,CEERS-00717,CEERS00717_harikane23,harikane23_nirspec_blagn,CEERS,EGS,6.936,secure_accreting_mbh,True,primary_evidence_supported,published_blagn_with_robust_detection_and_no_recorded_alternative_interpretation,type1_broad_line,broad_halpha,,robust,individual_robust,single-epoch-virial-halpha-greeneho2005,virial_calibration_at_z0;source_does_not_state_numeric_virial_systematic,high,90,high,90,"Harikane statistical errors are propagated; no numeric virial-calibration systematic is published, so no source-specific scenario is inferred",exploratory_diagnostic,included_evidence_supported,4,3,5,4,81.93378689127388,1.0273631809780568,high,high,not_reported_by_source,only catalogue measurement in this release
v5-blagn,physical_object,HZA-GOODS-N-9771,HZA-GOODS-N-9771,GOODS-N-9771,GOODSN9771_matthee23,matthee23_eiger_fresco_blagn,FRESCO,GOODS-N,5.538,secure_accreting_mbh,True,primary_evidence_supported,published_blagn_with_robust_detection_and_no_recorded_alternative_interpretation,type1_broad_line,broad_halpha,lrd,robust,individual_robust,single-epoch-virial-halpha-reines2013,halpha_absorption_fit;blueshifted_absorption_340_km_s;formal_mbh_errors_exclude_virial_systematic;nominal_mass_uncorrected_for_dust,high,90,robust_with_measurement_caveat,75,Matthee statistical errors and +/-0.5 dex calibration scenarios are separate,exploratory_diagnostic,included_evidence_supported,5,4,4,3,75.85749677304578,0.8099785765046903,high,robust_with_measurement_caveat,lrd,only catalogue measurement in this release
v5-blagn,physical_object,HZA-GS-164055,HZA-GS-164055,GS-164055,GS164055_juodzbalis25,juodzbalis25_jades_blagn,JADES,,7.397,probable_accreting_mbh,True,primary_evidence_supported,published_blagn_with_tentative_broad_line_detection,type1_broad_line,broad_balmer_line,,tentative,stack_supported_tentative_hbeta,single-epoch-virial-hbeta,,low_tentative_stack_supported,35,medium_tentative,60,not_applicable_or_recorded_in_source_specific_columns,exploratory_diagnostic,included_evidence_supported,6,5,7,6,75.7772436255635,1.064628309775132,high,medium_tentative,not_reported_by_source,only catalogue measurement in this release
v5-blagn,physical_object,HZA-GS-20030333,HZA-GS-20030333,GS-20030333,GS20030333_juodzbalis25,juodzbalis25_jades_blagn,JADES,,7.891,probable_accreting_mbh,True,primary_evidence_supported,published_blagn_with_tentative_broad_line_detection,type1_broad_line,broad_balmer_line,,tentative,stack_supported_tentative_hbeta,single-epoch-virial-hbeta,,low_tentative_stack_supported,35,medium_tentative,60,not_applicable_or_recorded_in_source_specific_columns,exploratory_diagnostic,included_evidence_supported,7,6,6,5,74.67999599624905,1.1332146730828314,high,medium_tentative,not_reported_by_source,only catalogue measurement in this release
v5-blagn,physical_object,HZA-GN-954,HZA-GN-954,GN-954,GN954_juodzbalis25,juodzbalis25_jades_blagn,JADES,,6.759,secure_accreting_mbh,True,primary_evidence_supported,published_blagn_with_robust_detection_and_no_recorded_alternative_interpretation,type1_broad_line,broad_balmer_line,,robust,individual_robust,single-epoch-virial-halpha,,high,90,high,90,not_applicable_or_recorded_in_source_specific_columns,exploratory_diagnostic,included_evidence_supported,8,7,9,8,68.7122265884922,0.9403035606779888,medium,high,not_reported_by_source,only catalogue measurement in this release
v5-blagn,physical_object,HZA-GN-4685,HZA-GN-4685,GN-4685,GN4685_juodzbalis25,juodzbalis25_jades_blagn,JADES,,7.415,probable_accreting_mbh,True,primary_evidence_supported,published_blagn_with_tentative_broad_line_detection,type1_broad_line,broad_balmer_line,,tentative,stack_supported_tentative_hbeta,single-epoch-virial-hbeta,,low_tentative_stack_supported,35,medium_tentative,60,not_applicable_or_recorded_in_source_specific_columns,exploratory_diagnostic,included_evidence_supported,9,8,8,7,66.38166725891102,1.0173652371980322,high,medium_tentative,not_reported_by_source,only catalogue measurement in this release
v5-blagn,physical_object,HZA-RUBIES-EGS-42046,HZA-RUBIES-EGS-42046,RUBIES-EGS-42046,RUBIESEGS42046_taylor24,taylor24_ceers_rubies_blagn,RUBIES,EGS,5.276,secure_accreting_mbh,True,primary_evidence_supported,published_blagn_with_robust_detection_and_no_recorded_alternative_interpretation,type1_broad_line,broad_halpha,lrd,robust,individual_robust,single-epoch-virial-halpha-reines2013,formal_mbh_errors_exclude_virial_systematic;nominal_mass_uncorrected_for_dust;halpha_absorption_component_fit,high,90,robust_with_measurement_caveat,75,not_applicable_or_recorded_in_source_specific_columns,exploratory_diagnostic,included_evidence_supported,10,9,10,9,60.875632510651556,0.7281883631027115,medium,robust_with_measurement_caveat,lrd,only catalogue measurement in this release
v5-blagn,physical_object,HZA-RUBIES-UDS-807469,HZA-RUBIES-UDS-807469,RUBIES-UDS-807469,RUBIESUDS807469_taylor24,taylor24_ceers_rubies_blagn,RUBIES,UDS,6.778,secure_accreting_mbh,True,primary_evidence_supported,published_blagn_with_robust_detection_and_no_recorded_alternative_interpretation,type1_broad_line,broad_halpha,,robust,individual_robust,single-epoch-virial-halpha-reines2013,formal_mbh_errors_exclude_virial_systematic;nominal_mass_uncorrected_for_dust,high,90,high,90,not_applicable_or_recorded_in_source_specific_columns,exploratory_diagnostic,included_evidence_supported,11,10,11,10,59.3788636079503,0.8995229948944198,medium,high,non_lrd,only catalogue measurement in this release
v5-blagn,physical_object,HZA-RUBIES-UDS-139709,HZA-RUBIES-UDS-139709,RUBIES-UDS-139709,RUBIESUDS139709_taylor24,taylor24_ceers_rubies_blagn,RUBIES,UDS,5.685,secure_accreting_mbh,True,primary_evidence_supported,published_blagn_with_robust_detection_and_no_recorded_alternative_interpretation,type1_broad_line,broad_halpha,lrd,robust,individual_robust,single-epoch-virial-halpha-reines2013,formal_mbh_errors_exclude_virial_systematic;nominal_mass_uncorrected_for_dust,high,90,high,90,not_applicable_or_recorded_in_source_specific_columns,exploratory_diagnostic,included_evidence_supported,12,11,12,11,55.06849887950944,0.7544645467223257,medium,high,lrd,only catalogue measurement in this release
v5-blagn,physical_object,HZA-CEERS-397,HZA-CEERS-397,CEERS-397,CEERS397_taylor24,taylor24_ceers_rubies_blagn,CEERS,EGS,6.0,secure_accreting_mbh,True,primary_evidence_supported,published_blagn_with_robust_detection_and_no_recorded_alternative_interpretation,type1_broad_line,broad_halpha,,robust,individual_robust,single-epoch-virial-halpha-reines2013,formal_mbh_errors_exclude_virial_systematic;nominal_mass_uncorrected_for_dust,high,90,high,90,not_applicable_or_recorded_in_source_specific_columns,exploratory_diagnostic,included_evidence_supported,13,12,13,12,51.24852742210535,0.7759667460501792,medium,high,non_lrd,only catalogue measurement in this release
v5-blagn,physical_object,HZA-GS-210600,HZA-GS-210600,GS-210600,GS210600_juodzbalis25,juodzbalis25_jades_blagn,JADES,,6.306,secure_accreting_mbh,True,primary_evidence_supported,published_blagn_with_robust_detection_and_no_recorded_alternative_interpretation,type1_broad_line,broad_balmer_line,,robust,individual_robust,single-epoch-virial-halpha,,high,90,high,90,not_applicable_or_recorded_in_source_specific_columns,exploratory_diagnostic,included_evidence_supported,14,13,17,16,50.44952775615923,0.8056392872456205,medium,high,not_reported_by_source,only catalogue measurement in this release
v5-blagn,physical_object,HZA-GOODS-N-12839,HZA-GOODS-N-12839,GOODS-N-12839,GOODSN12839_matthee23,matthee23_eiger_fresco_blagn,FRESCO,GOODS-N,5.241,secure_accreting_mbh,True,primary_evidence_supported,published_blagn_with_robust_detection_and_no_recorded_alternative_interpretation,type1_broad_line,broad_halpha,lrd,robust,individual_robust,single-epoch-virial-halpha-reines2013,formal_mbh_errors_exclude_virial_systematic;nominal_mass_uncorrected_for_dust,high,90,high,90,Matthee statistical errors and +/-0.5 dex calibration scenarios are separate,exploratory_diagnostic,included_evidence_supported,15,14,14,13,49.66178080837816,0.6883071405476705,medium,high,lrd,only catalogue measurement in this release
v5-blagn,physical_object,HZA-RUBIES-UDS-172350,HZA-RUBIES-UDS-172350,RUBIES-UDS-172350,RUBIESUDS172350_taylor24,taylor24_ceers_rubies_blagn,RUBIES,UDS,5.58,secure_accreting_mbh,True,primary_evidence_supported,published_blagn_with_robust_detection_and_no_recorded_alternative_interpretation,type1_broad_line,broad_halpha,lrd,robust,individual_robust,single-epoch-virial-halpha-reines2013,formal_mbh_errors_exclude_virial_systematic;nominal_mass_uncorrected_for_dust,high,90,high,90,not_applicable_or_recorded_in_source_specific_columns,exploratory_diagnostic,included_evidence_supported,16,15,15,14,45.70091490751154,0.7098892624248124,medium,high,lrd,only catalogue measurement in this release
v5-blagn,physical_object,HZA-GS-10013704,HZA-GS-10013704,GS-10013704,GS10013704_juodzbalis25,juodzbalis25_jades_blagn,JADES,,5.919,secure_accreting_mbh,True,primary_evidence_supported,published_blagn_with_robust_detection_and_no_recorded_alternative_interpretation,type1_broad_line,broad_balmer_line,,robust,individual_robust,single-epoch-virial-halpha,,high,90,high,90,not_applicable_or_recorded_in_source_specific_columns,exploratory_diagnostic,included_evidence_supported,17,16,21,20,44.011877560996815,0.7392417802995618,medium,high,not_reported_by_source,only catalogue measurement in this release
v5-blagn,physical_object,HZA-GS-204851,HZA-GS-204851,GS-204851,GS204851_juodzbalis25,juodzbalis25_jades_blagn,JADES,,5.48,secure_accreting_mbh,True,primary_evidence_supported,published_blagn_with_robust_detection_and_no_recorded_alternative_interpretation,type1_broad_line,broad_balmer_line,lrd,robust,individual_robust,single-epoch-virial-halpha,,high,90,high,90,not_applicable_or_recorded_in_source_specific_columns,exploratory_diagnostic,included_evidence_supported,18,17,22,21,43.498403254841364,0.6921076590789973,medium,high,lrd,only catalogue measurement in this release
v5-blagn,physical_object,HZA-RUBIES-UDS-47509,HZA-RUBIES-UDS-47509,RUBIES-UDS-47509,RUBIESUDS47509_taylor24,taylor24_ceers_rubies_blagn,RUBIES,UDS,5.673,secure_accreting_mbh,True,primary_evidence_supported,published_blagn_with_robust_detection_and_no_recorded_alternative_interpretation,type1_broad_line,broad_halpha,lrd,robust,individual_robust,single-epoch-virial-halpha-reines2013,formal_mbh_errors_exclude_virial_systematic;nominal_mass_uncorrected_for_dust,high,90,high,90,not_applicable_or_recorded_in_source_specific_columns,exploratory_diagnostic,included_evidence_supported,19,18,16,15,42.6757926461835,0.7087184893455124,medium,high,lrd,only catalogue measurement in this release
v5-blagn,physical_object,HZA-J1526M2050-BHAE-2,HZA-J1526M2050-BHAE-2,J1526M2050-BHAE-2,J1526M2050BHAE2_lin24,lin24_aspire_blagn,ASPIRE,J1526M2050,4.8708,secure_accreting_mbh,True,primary_evidence_supported,published_blagn_with_robust_detection_and_no_recorded_alternative_interpretation,type1_broad_line,broad_halpha,lrd,robust,individual_robust,single-epoch-virial-halpha-reines2013,formal_mbh_errors_exclude_virial_systematic;nominal_mass_and_lbol_uncorrected_for_dust,high,90,high,90,ASPIRE statistical errors and +/-0.5 dex calibration scenarios are separate,exploratory_diagnostic,included_evidence_supported,20,19,18,17,41.95748325542656,0.6289741623543484,medium,high,lrd,only catalogue measurement in this release
v5-blagn,physical_object,HZA-RUBIES-UDS-174752,HZA-RUBIES-UDS-174752,RUBIES-UDS-174752,RUBIESUDS174752_taylor24,taylor24_ceers_rubies_blagn,RUBIES,UDS,6.039,secure_accreting_mbh,True,primary_evidence_supported,published_blagn_with_robust_detection_and_no_recorded_alternative_interpretation,type1_broad_line,broad_halpha,,robust,individual_robust,single-epoch-virial-halpha-reines2013,formal_mbh_errors_exclude_virial_systematic;nominal_mass_uncorrected_for_dust,high,90,high,90,not_applicable_or_recorded_in_source_specific_columns,exploratory_diagnostic,included_evidence_supported,21,20,19,18,39.901128773527915,0.7356806631993589,medium,high,non_lrd,only catalogue measurement in this release
v5-blagn,physical_object,HZA-J0910M0414-BHAE-1,HZA-J0910M0414-BHAE-1,J0910M0414-BHAE-1,J0910M0414BHAE1_lin24,lin24_aspire_blagn,ASPIRE,J0910M0414,4.9102,secure_accreting_mbh,True,primary_evidence_supported,published_blagn_with_robust_detection_and_no_recorded_alternative_interpretation,type1_broad_line,broad_halpha,lrd,robust,individual_robust,single-epoch-virial-halpha-reines2013,formal_mbh_errors_exclude_virial_systematic;nominal_mass_and_lbol_uncorrected_for_dust,high,90,high,90,ASPIRE statistical errors and +/-0.5 dex calibration scenarios are separate,exploratory_diagnostic,included_evidence_supported,22,21,23,22,38.4358140366125,0.6222507640065763,medium,high,lrd,only catalogue measurement in this release
v5-blagn,physical_object,HZA-RUBIES-UDS-182791,HZA-RUBIES-UDS-182791,RUBIES-UDS-182791,RUBIESUDS182791_taylor24,taylor24_ceers_rubies_blagn,RUBIES,UDS,4.718,secure_accreting_mbh,True,primary_evidence_supported,published_blagn_with_robust_detection_and_no_recorded_alternative_interpretation,type1_broad_line,broad_halpha,,robust,individual_robust,single-epoch-virial-halpha-reines2013,formal_mbh_errors_exclude_virial_systematic;nominal_mass_uncorrected_for_dust,high,90,high,90,not_applicable_or_recorded_in_source_specific_columns,exploratory_diagnostic,included_evidence_supported,23,22,20,19,37.06979553803169,0.6015792497775773,medium,high,non_lrd,only catalogue measurement in this release
v5-blagn,physical_object,HZA-GOODS-N-16813,HZA-GOODS-N-16813,GOODS-N-16813,GOODSN16813_matthee23,matthee23_eiger_fresco_blagn,FRESCO,GOODS-N,5.355,secure_accreting_mbh,True,primary_evidence_supported,published_blagn_with_robust_detection_and_no_recorded_alternative_interpretation,type1_broad_line,broad_halpha,lrd,robust,individual_robust,single-epoch-virial-halpha-reines2013,formal_mbh_errors_exclude_virial_systematic;nominal_mass_uncorrected_for_dust,high,90,high,90,Matthee statistical errors and +/-0.5 dex calibration scenarios are separate,exploratory_diagnostic,included_evidence_supported,24,23,24,23,35.98060416495162,0.6548561599143871,medium,high,lrd,only catalogue measurement in this release
v5-blagn,physical_object,HZA-J1148-18404,HZA-J1148-18404,J1148-18404,J114818404_matthee23,matthee23_eiger_fresco_blagn,EIGER,J1148,5.011,secure_accreting_mbh,True,primary_evidence_supported,published_blagn_with_robust_detection_and_no_recorded_alternative_interpretation,type1_broad_line,broad_halpha,lrd,robust,individual_robust,single-epoch-virial-halpha-reines2013,halpha_absorption_fit;redshifted_absorption_50_km_s;narrow_flux_absorption_degenerate;formal_mbh_errors_exclude_virial_systematic;nominal_mass_uncorrected_for_dust,high,90,robust_with_measurement_caveat,75,Matthee statistical errors and +/-0.5 dex calibration scenarios are separate,exploratory_diagnostic,included_evidence_supported,25,24,25,24,35.864250363386525,0.6235190547868262,medium,robust_with_measurement_caveat,lrd,only catalogue measurement in this release
v5-blagn,physical_object,HZA-RUBIES-EGS-60935,HZA-RUBIES-EGS-60935,RUBIES-EGS-60935,RUBIESEGS60935_taylor24,taylor24_ceers_rubies_blagn,RUBIES,EGS,5.287,secure_accreting_mbh,True,primary_evidence_supported,published_blagn_with_robust_detection_and_no_recorded_alternative_interpretation,type1_broad_line,broad_halpha,lrd,robust,individual_robust,single-epoch-virial-halpha-reines2013,formal_mbh_errors_exclude_virial_systematic;nominal_mass_uncorrected_for_dust,high,90,high,90,not_applicable_or_recorded_in_source_specific_columns,exploratory_diagnostic,included_evidence_supported,26,25,30,29,35.07100749587441,0.645669392381483,low,high,lrd,only catalogue measurement in this release
v5-blagn,physical_object,HZA-GOODS-N-15498,HZA-GOODS-N-15498,GOODS-N-15498,GOODSN15498_matthee23,matthee23_eiger_fresco_blagn,FRESCO,GOODS-N,5.086,secure_accreting_mbh,True,primary_evidence_supported,published_blagn_with_robust_detection_and_no_recorded_alternative_interpretation,type1_broad_line,broad_halpha,lrd,robust,individual_robust,single-epoch-virial-halpha-reines2013,formal_mbh_errors_exclude_virial_systematic;nominal_mass_uncorrected_for_dust,high,90,high,90,Matthee statistical errors and +/-0.5 dex calibration scenarios are separate,exploratory_diagnostic,included_evidence_supported,27,26,26,25,35.00557106208485,0.6275083827356964,low,high,lrd,only catalogue measurement in this release
v5-blagn,physical_object,HZA-J0923P0402-BHAE-1,HZA-J0923P0402-BHAE-1,J0923P0402-BHAE-1,J0923P0402BHAE1_lin24,lin24_aspire_blagn,ASPIRE,J0923P0402,4.8688,probable_accreting_mbh,True,primary_evidence_supported,robust_broad_line_with_recorded_outflow_or_absorption_interpretive_caveat,type1_broad_line,broad_halpha,lrd,robust,individual_robust,single-epoch-virial-halpha-reines2013,two_broad_components_total_profile_used_for_mass;blueshifted_halpha_absorption_586_km_s;absorption_interpretation_uncertain;formal_mbh_errors_exclude_virial_systematic;nominal_mass_and_lbol_uncorrected_for_dust,high,90,robust_with_interpretive_caveat,70,ASPIRE statistical errors and +/-0.5 dex calibration scenarios are separate,exploratory_diagnostic,included_evidence_supported,28,27,28,27,34.757214055781475,0.6079125973182067,low,robust_with_interpretive_caveat,lrd,only catalogue measurement in this release
v5-blagn,physical_object,HZA-CEERS-2782,HZA-CEERS-2782,RUBIES-EGS-50052,RUBIESEGS50052_taylor24,taylor24_ceers_rubies_blagn,RUBIES,EGS,5.24,probable_accreting_mbh,True,primary_evidence_supported,robust_broad_line_with_recorded_outflow_or_absorption_interpretive_caveat,type1_broad_line,broad_halpha,compact_source,robust,individual_robust,single-epoch-virial-halpha-reines2013,formal_mbh_errors_exclude_virial_systematic;nominal_mass_uncorrected_for_dust;duplicate_observation;possible_outflow_contribution;source_preferred_duplicate_measurement,high,90,robust_with_interpretive_caveat,70,not_applicable_or_recorded_in_source_specific_columns,exploratory_diagnostic,included_evidence_supported,29,28,37,36,34.27998488577171,0.6388921781959334,low,robust_with_interpretive_caveat,non_lrd,preferred duplicate: higher-S/N RUBIES spectrum adopted by Taylor et al.
v5-blagn,physical_object,HZA-J0229M0808-BHAE-2,HZA-J0229M0808-BHAE-2,J0229M0808-BHAE-2,J0229M0808BHAE2_lin24,lin24_aspire_blagn,ASPIRE,J0229M0808,5.0369,secure_accreting_mbh,True,primary_evidence_supported,published_blagn_with_robust_detection_and_no_recorded_alternative_interpretation,type1_broad_line,broad_halpha,lrd,robust,individual_robust,single-epoch-virial-halpha-reines2013,formal_mbh_errors_exclude_virial_systematic;nominal_mass_and_lbol_uncorrected_for_dust,high,90,high,90,ASPIRE statistical errors and +/-0.5 dex calibration scenarios are separate,exploratory_diagnostic,included_evidence_supported,30,29,29,28,34.06136389103368,0.6203272541303377,low,high,lrd,only catalogue measurement in this release
v5-blagn,physical_object,HZA-GOODS-N-4014,HZA-GOODS-N-4014,GOODS-N-4014,GOODSN4014_matthee23,matthee23_eiger_fresco_blagn,FRESCO,GOODS-N,5.228,secure_accreting_mbh,True,primary_evidence_supported,published_blagn_with_robust_detection_and_no_recorded_alternative_interpretation,type1_broad_line,broad_halpha,lrd,robust,individual_robust,single-epoch-virial-halpha-reines2013,formal_mbh_errors_exclude_virial_systematic;nominal_mass_uncorrected_for_dust,high,90,high,90,Matthee statistical errors and +/-0.5 dex calibration scenarios are separate,exploratory_diagnostic,included_evidence_supported,31,30,31,30,33.9833800731075,0.6368735258141983,low,high,lrd,only catalogue measurement in this release
v5-blagn,physical_object,HZA-GS-30148179,HZA-GS-30148179,GS-30148179,GS30148179_juodzbalis25,juodzbalis25_jades_blagn,JADES,,5.922,secure_accreting_mbh,True,primary_evidence_supported,published_blagn_with_robust_detection_and_no_recorded_alternative_interpretation,type1_broad_line,broad_balmer_line,,robust,individual_robust,single-epoch-virial-halpha,,high,90,high,90,not_applicable_or_recorded_in_source_specific_columns,exploratory_diagnostic,included_evidence_supported,32,31,27,26,33.02182276046942,0.696261873125633,low,high,not_reported_by_source,only catalogue measurement in this release
v5-blagn,physical_object,HZA-CEERS-746,HZA-CEERS-746,CEERS-746,CEERS746_taylor24,taylor24_ceers_rubies_blagn,CEERS,EGS,5.623,secure_accreting_mbh,True,primary_evidence_supported,published_blagn_with_robust_detection_and_no_recorded_alternative_interpretation,type1_broad_line,broad_halpha,lrd;red_agn;compact_source,robust,individual_robust,single-epoch-virial-halpha-reines2013,formal_mbh_errors_exclude_virial_systematic;nominal_mass_uncorrected_for_dust,high,90,high,90,not_applicable_or_recorded_in_source_specific_columns,exploratory_diagnostic,included_evidence_supported,33,32,32,31,32.69403819299052,0.668332393394149,low,high,lrd,only catalogue measurement in this release
v5-blagn,physical_object,HZA-RUBIES-UDS-29813,HZA-RUBIES-UDS-29813,RUBIES-UDS-29813,RUBIESUDS29813_taylor24,taylor24_ceers_rubies_blagn,RUBIES,UDS,5.44,secure_accreting_mbh,True,primary_evidence_supported,published_blagn_with_robust_detection_and_no_recorded_alternative_interpretation,type1_broad_line,broad_halpha,lrd,robust,individual_robust,single-epoch-virial-halpha-reines2013,formal_mbh_errors_exclude_virial_systematic;nominal_mass_uncorrected_for_dust,high,90,high,90,not_applicable_or_recorded_in_source_specific_columns,exploratory_diagnostic,included_evidence_supported,34,33,36,35,32.23637437660409,0.6500812153876583,low,high,lrd,only catalogue measurement in this release
v5-blagn,physical_object,HZA-GN-61888,HZA-GN-61888,GN-61888,GN61888_juodzbalis25,juodzbalis25_jades_blagn,JADES,,5.874,secure_accreting_mbh,True,primary_evidence_supported,published_blagn_with_robust_detection_and_no_recorded_alternative_interpretation,type1_broad_line,broad_balmer_line,,robust,individual_robust,single-epoch-virial-halpha,,high,90,high,90,not_applicable_or_recorded_in_source_specific_columns,exploratory_diagnostic,included_evidence_supported,35,34,33,32,31.45438949048337,0.6774526738858004,low,high,not_reported_by_source,only catalogue measurement in this release
v5-blagn,physical_object,HZA-J2002M3013-BHAE-1,HZA-J2002M3013-BHAE-1,J2002M3013-BHAE-1,J2002M3013BHAE1_lin24,lin24_aspire_blagn,ASPIRE,J2002M3013,4.9461,secure_accreting_mbh,True,primary_evidence_supported,published_blagn_with_robust_detection_and_no_recorded_alternative_interpretation,type1_broad_line,broad_halpha,lrd,robust,individual_robust,single-epoch-virial-halpha-reines2013,formal_mbh_errors_exclude_virial_systematic;nominal_mass_and_lbol_uncorrected_for_dust,high,90,high,90,ASPIRE statistical errors and +/-0.5 dex calibration scenarios are separate,exploratory_diagnostic,included_evidence_supported,36,35,41,40,31.227072390651937,0.6040960093951534,low,high,lrd,only catalogue measurement in this release
v5-blagn,physical_object,HZA-GOODS-N-13733,HZA-GOODS-N-13733,GOODS-N-13733,GOODSN13733_matthee23,matthee23_eiger_fresco_blagn,FRESCO,GOODS-N,5.236,secure_accreting_mbh,True,primary_evidence_supported,published_blagn_with_robust_detection_and_no_recorded_alternative_interpretation,type1_broad_line,broad_halpha,lrd,robust,individual_robust,single-epoch-virial-halpha-reines2013,formal_mbh_errors_exclude_virial_systematic;nominal_mass_uncorrected_for_dust,high,90,high,90,Matthee statistical errors and +/-0.5 dex calibration scenarios are separate,exploratory_diagnostic,included_evidence_supported,37,36,39,38,30.96698859075819,0.6279250940567935,low,high,lrd,only catalogue measurement in this release
v5-blagn,physical_object,HZA-RUBIES-EGS-37124,HZA-RUBIES-EGS-37124,RUBIES-EGS-37124,RUBIESEGS37124_taylor24,taylor24_ceers_rubies_blagn,RUBIES,EGS,5.682,secure_accreting_mbh,True,primary_evidence_supported,published_blagn_with_robust_detection_and_no_recorded_alternative_interpretation,type1_broad_line,broad_halpha,lrd,robust,individual_robust,single-epoch-virial-halpha-reines2013,formal_mbh_errors_exclude_virial_systematic;nominal_mass_uncorrected_for_dust,high,90,high,90,not_applicable_or_recorded_in_source_specific_columns,exploratory_diagnostic,included_evidence_supported,38,37,40,39,30.345947477906094,0.6641513697348731,low,high,lrd,only catalogue measurement in this release
v5-blagn,physical_object,HZA-RUBIES-UDS-19521,HZA-RUBIES-UDS-19521,RUBIES-UDS-19521,RUBIESUDS19521_taylor24,taylor24_ceers_rubies_blagn,RUBIES,UDS,5.669,secure_accreting_mbh,True,primary_evidence_supported,published_blagn_with_robust_detection_and_no_recorded_alternative_interpretation,type1_broad_line,broad_halpha,,robust,individual_robust,single-epoch-virial-halpha-reines2013,formal_mbh_errors_exclude_virial_systematic;nominal_mass_uncorrected_for_dust,high,90,high,90,not_applicable_or_recorded_in_source_specific_columns,exploratory_diagnostic,included_evidence_supported,39,38,34,33,30.167026909881468,0.6620043229185776,low,high,non_lrd,only catalogue measurement in this release
v5-blagn,physical_object,HZA-RUBIES-EGS-42232,HZA-RUBIES-EGS-42232,RUBIES-EGS-42232,RUBIESEGS42232_taylor24,taylor24_ceers_rubies_blagn,RUBIES,EGS,4.954,secure_accreting_mbh,True,primary_evidence_supported,published_blagn_with_robust_detection_and_no_recorded_alternative_interpretation,type1_broad_line,broad_halpha,lrd,robust,individual_robust,single-epoch-virial-halpha-reines2013,formal_mbh_errors_exclude_virial_systematic;nominal_mass_uncorrected_for_dust,high,90,high,90,not_applicable_or_recorded_in_source_specific_columns,exploratory_diagnostic,included_evidence_supported,40,39,44,43,30.01775591502666,0.6011656815933784,low,high,lrd,only catalogue measurement in this release
v5-blagn,physical_object,HZA-GN-1093,HZA-GN-1093,GN-1093,GN1093_juodzbalis25,juodzbalis25_jades_blagn,JADES,,5.594,secure_accreting_mbh,True,primary_evidence_supported,published_blagn_with_robust_detection_and_no_recorded_alternative_interpretation,type1_broad_line,broad_balmer_line,,robust,individual_robust,single-epoch-virial-halpha,,high,90,high,90,not_applicable_or_recorded_in_source_specific_columns,exploratory_diagnostic,included_evidence_supported,41,40,35,34,28.72239856634876,0.6446687827961851,low,high,not_reported_by_source,only catalogue measurement in this release
v5-blagn,physical_object,HZA-J1120-14389,HZA-J1120-14389,J1120-14389,J112014389_matthee23,matthee23_eiger_fresco_blagn,EIGER,J1120,4.897,secure_accreting_mbh,True,primary_evidence_supported,published_blagn_with_robust_detection_and_no_recorded_alternative_interpretation,type1_broad_line,broad_halpha,lrd,robust,individual_robust,single-epoch-virial-halpha-reines2013,formal_mbh_errors_exclude_virial_systematic;nominal_mass_uncorrected_for_dust,high,90,high,90,Matthee statistical errors and +/-0.5 dex calibration scenarios are separate,exploratory_diagnostic,included_evidence_supported,42,41,45,44,27.70511733900813,0.5897176795115445,low,high,lrd,only catalogue measurement in this release
v5-blagn,physical_object,HZA-RUBIES-EGS-926125,HZA-RUBIES-EGS-926125,RUBIES-EGS-926125,RUBIESEGS926125_taylor24,taylor24_ceers_rubies_blagn,RUBIES,EGS,5.284,secure_accreting_mbh,True,primary_evidence_supported,published_blagn_with_robust_detection_and_no_recorded_alternative_interpretation,type1_broad_line,broad_halpha,lrd,robust,individual_robust,single-epoch-virial-halpha-reines2013,formal_mbh_errors_exclude_virial_systematic;nominal_mass_uncorrected_for_dust,high,90,high,90,not_applicable_or_recorded_in_source_specific_columns,exploratory_diagnostic,included_evidence_supported,43,42,48,47,27.498358071484137,0.620838400608624,low,high,lrd,only catalogue measurement in this release
v5-blagn,physical_object,HZA-J1120-7546,HZA-J1120-7546,J1120-7546,J11207546_matthee23,matthee23_eiger_fresco_blagn,EIGER,J1120,4.967,secure_accreting_mbh,True,primary_evidence_supported,published_blagn_with_robust_detection_and_no_recorded_alternative_interpretation,type1_broad_line,broad_halpha,lrd,robust,individual_robust,single-epoch-virial-halpha-reines2013,formal_mbh_errors_exclude_virial_systematic;nominal_mass_uncorrected_for_dust,high,90,high,90,Matthee statistical errors and +/-0.5 dex calibration scenarios are separate,exploratory_diagnostic,included_evidence_supported,44,43,47,46,26.44841448589735,0.5916059218319842,low,high,lrd,only catalogue measurement in this release
v5-blagn,physical_object,HZA-CEERS-672,HZA-CEERS-672,CEERS-672,CEERS672_taylor24,taylor24_ceers_rubies_blagn,CEERS,EGS,5.666,secure_accreting_mbh,True,primary_evidence_supported,published_blagn_with_robust_detection_and_no_recorded_alternative_interpretation,type1_broad_line,broad_halpha,lrd;red_agn;compact_source,robust,individual_robust,single-epoch-virial-halpha-reines2013,formal_mbh_errors_exclude_virial_systematic;nominal_mass_uncorrected_for_dust,high,90,high,90,not_applicable_or_recorded_in_source_specific_columns,exploratory_diagnostic,included_evidence_supported,45,44,46,45,25.54970074776277,0.6065964089731533,low,high,lrd,only catalogue measurement in this release
v5-blagn,physical_object,HZA-GS-159717,HZA-GS-159717,GS-159717,GS159717_juodzbalis25,juodzbalis25_jades_blagn,JADES,,5.077,secure_accreting_mbh,True,primary_evidence_supported,published_blagn_with_robust_detection_and_no_recorded_alternative_interpretation,type1_broad_line,broad_balmer_line,,robust,individual_robust,single-epoch-virial-halpha,,high,90,high,90,not_applicable_or_recorded_in_source_specific_columns,exploratory_diagnostic,included_evidence_supported,46,45,38,37,25.126132577281673,0.5963891513943026,low,high,not_reported_by_source,only catalogue measurement in this release
v5-blagn,physical_object,HZA-RUBIES-UDS-970351,HZA-RUBIES-UDS-970351,RUBIES-UDS-970351,RUBIESUDS970351_taylor24,taylor24_ceers_rubies_blagn,RUBIES,UDS,5.282,secure_accreting_mbh,True,primary_evidence_supported,published_blagn_with_robust_detection_and_no_recorded_alternative_interpretation,type1_broad_line,broad_halpha,lrd,robust,individual_robust,single-epoch-virial-halpha-reines2013,formal_mbh_errors_exclude_virial_systematic;nominal_mass_uncorrected_for_dust,high,90,high,90,not_applicable_or_recorded_in_source_specific_columns,exploratory_diagnostic,included_evidence_supported,47,46,49,48,24.29761151148394,0.5915713381378073,low,high,lrd,only catalogue measurement in this release
v5-blagn,physical_object,HZA-GOODS-N-14409,HZA-GOODS-N-14409,GOODS-N-14409,GOODSN14409_matthee23,matthee23_eiger_fresco_blagn,FRESCO,GOODS-N,5.139,secure_accreting_mbh,True,primary_evidence_supported,published_blagn_with_robust_detection_and_no_recorded_alternative_interpretation,type1_broad_line,broad_halpha,lrd,robust,individual_robust,single-epoch-virial-halpha-reines2013,formal_mbh_errors_exclude_virial_systematic;nominal_mass_uncorrected_for_dust,high,90,high,90,Matthee statistical errors and +/-0.5 dex calibration scenarios are separate,exploratory_diagnostic,included_evidence_supported,48,47,50,49,23.396266723787903,0.5807552006854548,low,high,lrd,only catalogue measurement in this release
v5-blagn,physical_object,HZA-J0100-2017,HZA-J0100-2017,J0100-2017,J01002017_matthee23,matthee23_eiger_fresco_blagn,EIGER,J0100,4.938,secure_accreting_mbh,True,primary_evidence_supported,published_blagn_with_robust_detection_and_no_recorded_alternative_interpretation,type1_broad_line,broad_halpha,lrd,robust,individual_robust,single-epoch-virial-halpha-reines2013,formal_mbh_errors_exclude_virial_systematic;nominal_mass_uncorrected_for_dust,high,90,high,90,Matthee statistical errors and +/-0.5 dex calibration scenarios are separate,exploratory_diagnostic,included_evidence_supported,49,48,51,50,22.854337972319094,0.5742520556678291,low,high,lrd,only catalogue measurement in this release
v5-blagn,physical_object,HZA-J0148-4214,HZA-J0148-4214,J0148-4214,J01484214_matthee23,matthee23_eiger_fresco_blagn,EIGER,J0148,5.019,secure_accreting_mbh,True,primary_evidence_supported,published_blagn_with_robust_detection_and_no_recorded_alternative_interpretation,type1_broad_line,broad_halpha,lrd,robust,individual_robust,single-epoch-virial-halpha-reines2013,formal_mbh_errors_exclude_virial_systematic;nominal_mass_uncorrected_for_dust,high,90,high,90,Matthee statistical errors and +/-0.5 dex calibration scenarios are separate,exploratory_diagnostic,included_evidence_supported,50,49,52,51,22.846035912089654,0.5741524309450758,low,high,lrd,only catalogue measurement in this release
v5-blagn,physical_object,HZA-J0100-15157,HZA-J0100-15157,J0100-15157,J010015157_matthee23,matthee23_eiger_fresco_blagn,EIGER,J0100,4.941,secure_accreting_mbh,True,primary_evidence_supported,published_blagn_with_robust_detection_and_no_recorded_alternative_interpretation,type1_broad_line,broad_halpha,lrd,robust,individual_robust,single-epoch-virial-halpha-reines2013,flat_optical_continuum_exception_to_sample_trend;formal_mbh_errors_exclude_virial_systematic;nominal_mass_uncorrected_for_dust,high,90,high,90,Matthee statistical errors and +/-0.5 dex calibration scenarios are separate,exploratory_diagnostic,included_evidence_supported,51,50,53,52,22.101439217824847,0.5652172706138981,low,high,lrd,only catalogue measurement in this release
v5-blagn,physical_object,HZA-J1526M2050-BHAE-3,HZA-J1526M2050-BHAE-3,J1526M2050-BHAE-3,J1526M2050BHAE3_lin24,lin24_aspire_blagn,ASPIRE,J1526M2050,4.8751,probable_accreting_mbh,True,primary_evidence_supported,robust_broad_line_with_recorded_outflow_or_absorption_interpretive_caveat,type1_broad_line,broad_halpha,lrd,robust,individual_robust,single-epoch-virial-halpha-reines2013,blueshifted_halpha_absorption_266_km_s;absorption_interpretation_uncertain;total_luminosity_reported_without_absorption;formal_mbh_errors_exclude_virial_systematic;nominal_mass_and_lbol_uncorrected_for_dust,high,90,robust_with_interpretive_caveat,70,ASPIRE statistical errors and +/-0.5 dex calibration scenarios are separate,exploratory_diagnostic,included_evidence_supported,52,51,43,42,21.94407286165244,0.5633288743398293,low,robust_with_interpretive_caveat,lrd,only catalogue measurement in this release
v5-blagn,physical_object,HZA-GS-38562,HZA-GS-38562,GS-38562,GS38562_juodzbalis25,juodzbalis25_jades_blagn,JADES,,4.822,secure_accreting_mbh,True,primary_evidence_supported,published_blagn_with_robust_detection_and_no_recorded_alternative_interpretation,type1_broad_line,broad_balmer_line,,robust,individual_robust,single-epoch-virial-halpha,,high,90,high,90,not_applicable_or_recorded_in_source_specific_columns,exploratory_diagnostic,included_evidence_supported,53,52,42,41,21.93665504135748,0.5632398604962897,low,high,not_reported_by_source,only catalogue measurement in this release
v5-blagn,physical_object,HZA-CEERS-1244,HZA-CEERS-1244,CEERS-1244,CEERS1244_taylor24,taylor24_ceers_rubies_blagn,CEERS,EGS,4.478,secure_accreting_mbh,True,primary_evidence_supported,published_blagn_with_robust_detection_and_no_recorded_alternative_interpretation,type1_broad_line,broad_halpha,,robust,individual_robust,single-epoch-virial-halpha-reines2013,formal_mbh_errors_exclude_virial_systematic;nominal_mass_uncorrected_for_dust,high,90,high,90,not_applicable_or_recorded_in_source_specific_columns,exploratory_diagnostic,included_evidence_supported,54,53,54,53,20.74316356428715,0.5390234084690856,low,high,non_lrd,only catalogue measurement in this release
v5-blagn,physical_object,HZA-RUBIES-EGS-13872,HZA-RUBIES-EGS-13872,RUBIES-EGS-13872,RUBIESEGS13872_taylor24,taylor24_ceers_rubies_blagn,RUBIES,EGS,5.262,secure_accreting_mbh,True,primary_evidence_supported,published_blagn_with_robust_detection_and_no_recorded_alternative_interpretation,type1_broad_line,broad_halpha,,robust,individual_robust,single-epoch-virial-halpha-reines2013,formal_mbh_errors_exclude_virial_systematic;nominal_mass_uncorrected_for_dust,high,90,high,90,not_applicable_or_recorded_in_source_specific_columns,exploratory_diagnostic,included_evidence_supported,55,54,55,54,20.48878990811665,0.5458654788973998,low,high,non_lrd,only catalogue measurement in this release
v5-blagn,physical_object,HZA-J0100-12446,HZA-J0100-12446,J0100-12446,J010012446_matthee23,matthee23_eiger_fresco_blagn,EIGER,J0100,4.699,secure_accreting_mbh,True,primary_evidence_supported,published_blagn_with_robust_detection_and_no_recorded_alternative_interpretation,type1_broad_line,broad_halpha,lrd,robust,individual_robust,single-epoch-virial-halpha-reines2013,formal_mbh_errors_exclude_virial_systematic;nominal_mass_uncorrected_for_dust,high,90,high,90,Matthee statistical errors and +/-0.5 dex calibration scenarios are separate,exploratory_diagnostic,included_evidence_supported,56,55,56,55,19.924789464226947,0.5390974735707234,low,high,lrd,only catalogue measurement in this release
v5-blagn,physical_object,HZA-J2132P1217-BHAE-1,HZA-J2132P1217-BHAE-1,J2132P1217-BHAE-1,J2132P1217BHAE1_lin24,lin24_aspire_blagn,ASPIRE,J2132P1217,4.925,secure_accreting_mbh,True,primary_evidence_supported,published_blagn_with_robust_detection_and_no_recorded_alternative_interpretation,type1_broad_line,broad_halpha,lrd,robust,individual_robust,single-epoch-virial-halpha-reines2013,formal_mbh_errors_exclude_virial_systematic;nominal_mass_and_lbol_uncorrected_for_dust,high,90,high,90,ASPIRE statistical errors and +/-0.5 dex calibration scenarios are separate,exploratory_diagnostic,included_evidence_supported,57,56,57,56,19.790949609108882,0.5374913953093066,low,high,lrd,only catalogue measurement in this release
v5-blagn,physical_object,HZA-J1148-7111,HZA-J1148-7111,J1148-7111,J11487111_matthee23,matthee23_eiger_fresco_blagn,EIGER,J1148,4.339,secure_accreting_mbh,True,primary_evidence_supported,published_blagn_with_robust_detection_and_no_recorded_alternative_interpretation,type1_broad_line,broad_halpha,lrd,robust,individual_robust,single-epoch-virial-halpha-reines2013,formal_mbh_errors_exclude_virial_systematic;nominal_mass_uncorrected_for_dust,high,90,high,90,Matthee statistical errors and +/-0.5 dex calibration scenarios are separate,exploratory_diagnostic,included_evidence_supported,58,57,59,58,19.424528569330477,0.526048711864607,low,high,lrd,only catalogue measurement in this release
v5-blagn,physical_object,HZA-GN-77652,HZA-GN-77652,GN-77652,GN77652_juodzbalis25,juodzbalis25_jades_blagn,JADES,,5.229,secure_accreting_mbh,True,primary_evidence_supported,published_blagn_with_robust_detection_and_no_recorded_alternative_interpretation,type1_broad_line,broad_balmer_line,,robust,individual_robust,single-epoch-virial-halpha,,high,90,high,90,not_applicable_or_recorded_in_source_specific_columns,exploratory_diagnostic,included_evidence_supported,59,58,60,59,18.95358902332188,0.5274430682798625,low,high,not_reported_by_source,only catalogue measurement in this release
v5-blagn,physical_object,HZA-J2232P2930-BHAE-3,HZA-J2232P2930-BHAE-3,J2232P2930-BHAE-3,J2232P2930BHAE3_lin24,lin24_aspire_blagn,ASPIRE,J2232P2930,4.7061,secure_accreting_mbh,True,primary_evidence_supported,published_blagn_with_robust_detection_and_no_recorded_alternative_interpretation,type1_broad_line,broad_halpha,lrd,robust,individual_robust,single-epoch-virial-halpha-reines2013,formal_mbh_errors_exclude_virial_systematic;nominal_mass_and_lbol_uncorrected_for_dust,high,90,high,90,ASPIRE statistical errors and +/-0.5 dex calibration scenarios are separate,exploratory_diagnostic,included_evidence_supported,60,59,61,60,18.778937498139012,0.5253472499776681,low,high,lrd,only catalogue measurement in this release
v5-blagn,physical_object,HZA-GS-172975,HZA-GS-172975,GS-172975,GS172975_juodzbalis25,juodzbalis25_jades_blagn,JADES,,4.741,secure_accreting_mbh,True,primary_evidence_supported,published_blagn_with_robust_detection_and_no_recorded_alternative_interpretation,type1_broad_line,broad_balmer_line,,robust,individual_robust,single-epoch-virial-halpha,,high,90,high,90,not_applicable_or_recorded_in_source_specific_columns,exploratory_diagnostic,included_evidence_supported,61,60,58,57,18.714821266187034,0.5245778551942444,low,high,not_reported_by_source,only catalogue measurement in this release
v5-blagn,physical_object,HZA-J0109M3047-BHAE-1,HZA-J0109M3047-BHAE-1,J0109M3047-BHAE-1,J0109M3047BHAE1_lin24,lin24_aspire_blagn,ASPIRE,J0109M3047,4.36,secure_accreting_mbh,True,primary_evidence_supported,published_blagn_with_robust_detection_and_no_recorded_alternative_interpretation,type1_broad_line,broad_halpha,lrd,robust,individual_robust,single-epoch-virial-halpha-reines2013,formal_mbh_errors_exclude_virial_systematic;nominal_mass_and_lbol_uncorrected_for_dust,high,90,high,90,ASPIRE statistical errors and +/-0.5 dex calibration scenarios are separate,exploratory_diagnostic,included_evidence_supported,62,61,62,61,18.667968732616654,0.5240156247913998,low,high,lrd,only catalogue measurement in this release
v5-blagn,physical_object,HZA-RUBIES-EGS-46985,HZA-RUBIES-EGS-46985,RUBIES-EGS-46985,RUBIESEGS46985_taylor24,taylor24_ceers_rubies_blagn,RUBIES,EGS,4.963,secure_accreting_mbh,True,primary_evidence_supported,published_blagn_with_robust_detection_and_no_recorded_alternative_interpretation,type1_broad_line,broad_halpha,,robust,individual_robust,single-epoch-virial-halpha-reines2013,formal_mbh_errors_exclude_virial_systematic;nominal_mass_uncorrected_for_dust,high,90,high,90,not_applicable_or_recorded_in_source_specific_columns,exploratory_diagnostic,included_evidence_supported,63,62,63,62,18.40072497695864,0.5208086997235036,low,high,non_lrd,only catalogue measurement in this release
v5-blagn,physical_object,HZA-GS-8083,HZA-GS-8083,GS-8083,GS8083_juodzbalis25,juodzbalis25_jades_blagn,JADES,,4.753,secure_accreting_mbh,True,primary_evidence_supported,published_blagn_with_robust_detection_and_no_recorded_alternative_interpretation,type1_broad_line,broad_balmer_line,,robust,individual_robust,single-epoch-virial-halpha,,high,90,high,90,not_applicable_or_recorded_in_source_specific_columns,exploratory_diagnostic,included_evidence_supported,64,63,64,63,17.61009069975248,0.5113210883970297,low,high,not_reported_by_source,only catalogue measurement in this release
v5-blagn,physical_object,HZA-RUBIES-EGS-29489,HZA-RUBIES-EGS-29489,RUBIES-EGS-29489,RUBIESEGS29489_taylor24,taylor24_ceers_rubies_blagn,RUBIES,EGS,4.543,secure_accreting_mbh,True,primary_evidence_supported,published_blagn_with_robust_detection_and_no_recorded_alternative_interpretation,type1_broad_line,broad_halpha,lrd,robust,individual_robust,single-epoch-virial-halpha-reines2013,formal_mbh_errors_exclude_virial_systematic;nominal_mass_uncorrected_for_dust,high,90,high,90,not_applicable_or_recorded_in_source_specific_columns,exploratory_diagnostic,included_evidence_supported,65,64,65,64,17.39989447463301,0.5087987336955961,low,high,lrd,only catalogue measurement in this release
v5-blagn,physical_object,HZA-RUBIES-EGS-45599,HZA-RUBIES-EGS-45599,RUBIES-EGS-45599,RUBIESEGS45599_taylor24,taylor24_ceers_rubies_blagn,RUBIES,EGS,4.862,secure_accreting_mbh,True,primary_evidence_supported,published_blagn_with_robust_detection_and_no_recorded_alternative_interpretation,type1_broad_line,broad_halpha,,robust,individual_robust,single-epoch-virial-halpha-reines2013,formal_mbh_errors_exclude_virial_systematic;nominal_mass_uncorrected_for_dust,high,90,high,90,not_applicable_or_recorded_in_source_specific_columns,exploratory_diagnostic,included_evidence_supported,66,65,66,65,16.863727283703348,0.5023647274044402,low,high,non_lrd,only catalogue measurement in this release
v5-blagn,physical_object,HZA-GN-20621,HZA-GN-20621,GN-20621,GN20621_juodzbalis25,juodzbalis25_jades_blagn,JADES,,4.682,secure_accreting_mbh,True,primary_evidence_supported,published_blagn_with_robust_detection_and_no_recorded_alternative_interpretation,type1_broad_line,broad_balmer_line,,robust,individual_robust,single-epoch-virial-halpha,,high,90,high,90,not_applicable_or_recorded_in_source_specific_columns,exploratory_diagnostic,included_evidence_supported,67,66,67,66,16.350466077351758,0.4962055929282211,low,high,not_reported_by_source,only catalogue measurement in this release
v5-blagn,physical_object,HZA-RUBIES-EGS-17146,HZA-RUBIES-EGS-17146,RUBIES-EGS-17146,RUBIESEGS17146_taylor24,taylor24_ceers_rubies_blagn,RUBIES,EGS,5.0,secure_accreting_mbh,True,primary_evidence_supported,published_blagn_with_robust_detection_and_no_recorded_alternative_interpretation,type1_broad_line,broad_halpha,,robust,individual_robust,single-epoch-virial-halpha-reines2013,formal_mbh_errors_exclude_virial_systematic;nominal_mass_uncorrected_for_dust,high,90,high,90,not_applicable_or_recorded_in_source_specific_columns,exploratory_diagnostic,included_evidence_supported,68,67,69,68,16.1573536518406,0.4938882438220872,low,high,non_lrd,only catalogue measurement in this release
v5-blagn,physical_object,HZA-J0100-16221,HZA-J0100-16221,J0100-16221,J010016221_matthee23,matthee23_eiger_fresco_blagn,EIGER,J0100,4.349,secure_accreting_mbh,True,primary_evidence_supported,published_blagn_with_robust_detection_and_no_recorded_alternative_interpretation,type1_broad_line,broad_halpha,lrd,robust,individual_robust,single-epoch-virial-halpha-reines2013,formal_mbh_errors_exclude_virial_systematic;nominal_mass_uncorrected_for_dust,high,90,high,90,Matthee statistical errors and +/-0.5 dex calibration scenarios are separate,exploratory_diagnostic,included_evidence_supported,69,68,70,69,16.07288387583596,0.4928746065100315,low,high,lrd,only catalogue measurement in this release
v5-blagn,physical_object,HZA-J1526M2050-BHAE-1,HZA-J1526M2050-BHAE-1,J1526M2050-BHAE-1,J1526M2050BHAE1_lin24,lin24_aspire_blagn,ASPIRE,J1526M2050,4.1573,probable_accreting_mbh,True,primary_evidence_supported,robust_broad_line_with_recorded_outflow_or_absorption_interpretive_caveat,type1_broad_line,broad_halpha,lrd,robust,individual_robust,single-epoch-virial-halpha-reines2013,blueshifted_halpha_absorption_357_km_s;absorption_interpretation_uncertain;total_luminosity_reported_without_absorption;formal_mbh_errors_exclude_virial_systematic;nominal_mass_and_lbol_uncorrected_for_dust,high,90,robust_with_interpretive_caveat,70,ASPIRE statistical errors and +/-0.5 dex calibration scenarios are separate,exploratory_diagnostic,included_evidence_supported,70,69,71,70,15.977907217452895,0.4917348866094347,low,robust_with_interpretive_caveat,lrd,only catalogue measurement in this release
v5-blagn,physical_object,HZA-CEERS-01665,HZA-CEERS-01665,CEERS-01665,CEERS01665_harikane23,harikane23_nirspec_blagn,CEERS,EGS,4.483,secure_accreting_mbh,True,primary_evidence_supported,published_blagn_with_robust_detection_and_no_recorded_alternative_interpretation,type1_broad_line,broad_halpha,,robust,individual_robust,single-epoch-virial-halpha-greeneho2005,dust_extinction_corrected;virial_calibration_at_z0;source_does_not_state_numeric_virial_systematic,high,90,high,90,"Harikane statistical errors are propagated; no numeric virial-calibration systematic is published, so no source-specific scenario is inferred",exploratory_diagnostic,included_evidence_supported,71,70,73,72,15.801314125009288,0.48961576950011143,low,high,not_reported_by_source,only catalogue measurement in this release
v5-blagn,physical_object,HZA-GN-53757,HZA-GN-53757,GN-53757,GN53757_juodzbalis25,juodzbalis25_jades_blagn,JADES,,4.447,secure_accreting_mbh,True,primary_evidence_supported,published_blagn_with_robust_detection_and_no_recorded_alternative_interpretation,type1_broad_line,broad_balmer_line,,robust,individual_robust,single-epoch-virial-halpha,,high,90,high,90,not_applicable_or_recorded_in_source_specific_columns,exploratory_diagnostic,included_evidence_supported,72,71,72,71,15.761974034056184,0.48914368840867417,low,high,not_reported_by_source,only catalogue measurement in this release
v5-blagn,physical_object,HZA-J2232P2930-BHAE-1,HZA-J2232P2930-BHAE-1,J2232P2930-BHAE-1,J2232P2930BHAE1_lin24,lin24_aspire_blagn,ASPIRE,J2232P2930,4.1349,secure_accreting_mbh,True,primary_evidence_supported,published_blagn_with_robust_detection_and_no_recorded_alternative_interpretation,type1_broad_line,broad_halpha,lrd,robust,individual_robust,single-epoch-virial-halpha-reines2013,nearby_companions_and_overdensity;formal_mbh_errors_exclude_virial_systematic;nominal_mass_and_lbol_uncorrected_for_dust,high,90,high,90,ASPIRE statistical errors and +/-0.5 dex calibration scenarios are separate,exploratory_diagnostic,included_evidence_supported,73,72,74,73,15.69339078553803,0.48832068942645634,low,high,lrd,only catalogue measurement in this release
v5-blagn,physical_object,HZA-CEERS-01236,HZA-CEERS-01236,CEERS-01236,CEERS01236_harikane23,harikane23_nirspec_blagn,CEERS,EGS,4.484,secure_accreting_mbh,True,primary_evidence_supported,published_blagn_with_robust_detection_and_no_recorded_alternative_interpretation,type1_broad_line,broad_halpha,,robust,individual_robust,single-epoch-virial-halpha-greeneho2005,dual_agn_candidate;virial_calibration_at_z0;source_does_not_state_numeric_virial_systematic,high,90,high,90,"Harikane statistical errors are propagated; no numeric virial-calibration systematic is published, so no source-specific scenario is inferred",exploratory_diagnostic,included_evidence_supported,74,73,75,74,15.631776778936512,0.48758132134723814,low,high,not_reported_by_source,only catalogue measurement in this release
v5-blagn,physical_object,HZA-J1148-21787,HZA-J1148-21787,J1148-21787,J114821787_matthee23,matthee23_eiger_fresco_blagn,EIGER,J1148,4.277,secure_accreting_mbh,True,primary_evidence_supported,published_blagn_with_robust_detection_and_no_recorded_alternative_interpretation,type1_broad_line,broad_halpha,lrd,robust,individual_robust,single-epoch-virial-halpha-reines2013,formal_mbh_errors_exclude_virial_systematic;nominal_mass_uncorrected_for_dust,high,90,high,90,Matthee statistical errors and +/-0.5 dex calibration scenarios are separate,exploratory_diagnostic,included_evidence_supported,75,74,76,75,15.624041417557994,0.4874884970106959,low,high,lrd,only catalogue measurement in this release
v5-blagn,physical_object,HZA-GN-73488,HZA-GN-73488,GN-73488,GN73488_juodzbalis25,juodzbalis25_jades_blagn,JADES,,4.133,secure_accreting_mbh,True,primary_evidence_supported,published_blagn_with_robust_detection_and_no_recorded_alternative_interpretation,type1_broad_line,broad_balmer_line,,robust,individual_robust,single-epoch-virial-halpha,,high,90,high,90,not_applicable_or_recorded_in_source_specific_columns,exploratory_diagnostic,included_evidence_supported,76,75,68,67,15.53025865330091,0.4863631038396109,low,high,not_reported_by_source,only catalogue measurement in this release
v5-blagn,physical_object,HZA-GN-62309,HZA-GN-62309,GN-62309,GN62309_juodzbalis25,juodzbalis25_jades_blagn,JADES,,5.172,secure_accreting_mbh,True,primary_evidence_supported,published_blagn_with_robust_detection_and_no_recorded_alternative_interpretation,type1_broad_line,broad_balmer_line,,robust,individual_robust,single-epoch-virial-halpha,,high,90,high,90,not_applicable_or_recorded_in_source_specific_columns,exploratory_diagnostic,included_evidence_supported,77,76,77,76,15.202365715824826,0.4824283885898979,low,high,not_reported_by_source,only catalogue measurement in this release
v5-blagn,physical_object,HZA-J0218P0007-BHAE-1,HZA-J0218P0007-BHAE-1,J0218P0007-BHAE-1,J0218P0007BHAE1_lin24,lin24_aspire_blagn,ASPIRE,J0218P0007,4.2291,secure_accreting_mbh,True,primary_evidence_supported,published_blagn_with_robust_detection_and_no_recorded_alternative_interpretation,type1_broad_line,broad_halpha,lrd,robust,individual_robust,single-epoch-virial-halpha-reines2013,narrow_halpha_unresolved;formal_mbh_errors_exclude_virial_systematic;nominal_mass_and_lbol_uncorrected_for_dust,high,90,high,90,ASPIRE statistical errors and +/-0.5 dex calibration scenarios are separate,exploratory_diagnostic,included_evidence_supported,78,77,78,77,14.747430644063286,0.4769691677287594,low,high,lrd,only catalogue measurement in this release
v5-blagn,physical_object,HZA-J0229M0808-BHAE-1,HZA-J0229M0808-BHAE-1,J0229M0808-BHAE-1,J0229M0808BHAE1_lin24,lin24_aspire_blagn,ASPIRE,J0229M0808,4.3653,secure_accreting_mbh,True,primary_evidence_supported,published_blagn_with_robust_detection_and_no_recorded_alternative_interpretation,type1_broad_line,broad_halpha,lrd,robust,individual_robust,single-epoch-virial-halpha-reines2013,formal_mbh_errors_exclude_virial_systematic;nominal_mass_and_lbol_uncorrected_for_dust,high,90,high,90,ASPIRE statistical errors and +/-0.5 dex calibration scenarios are separate,exploratory_diagnostic,included_evidence_supported,79,78,79,78,14.632415167355145,0.4755889820082617,low,high,lrd,only catalogue measurement in this release
v5-blagn,physical_object,HZA-J0430M1445-BHAE-1,HZA-J0430M1445-BHAE-1,J0430M1445-BHAE-1,J0430M1445BHAE1_lin24,lin24_aspire_blagn,ASPIRE,J0430M1445,4.0947,secure_accreting_mbh,True,primary_evidence_supported,published_blagn_with_robust_detection_and_no_recorded_alternative_interpretation,type1_broad_line,broad_halpha,lrd,robust,individual_robust,single-epoch-virial-halpha-reines2013,two_broad_components_total_profile_used_for_mass;formal_mbh_errors_exclude_virial_systematic;nominal_mass_and_lbol_uncorrected_for_dust,high,90,robust_with_measurement_caveat,75,ASPIRE statistical errors and +/-0.5 dex calibration scenarios are separate,exploratory_diagnostic,included_evidence_supported,80,79,80,79,14.292034525018362,0.47150441430022033,low,robust_with_measurement_caveat,lrd,only catalogue measurement in this release
v5-blagn,physical_object,HZA-J0148-12884,HZA-J0148-12884,J0148-12884,J014812884_matthee23,matthee23_eiger_fresco_blagn,EIGER,J0148,4.602,secure_accreting_mbh,True,primary_evidence_supported,published_blagn_with_robust_detection_and_no_recorded_alternative_interpretation,type1_broad_line,broad_halpha,lrd,robust,individual_robust,single-epoch-virial-halpha-reines2013,complex_morphology_five_exponential_components;formal_mbh_errors_exclude_virial_systematic;nominal_mass_uncorrected_for_dust,high,90,high,90,Matthee statistical errors and +/-0.5 dex calibration scenarios are separate,exploratory_diagnostic,included_evidence_supported,81,80,81,80,14.291097070056349,0.47149316484067616,low,high,lrd,only catalogue measurement in this release
v5-blagn,physical_object,HZA-RUBIES-EGS-6411,HZA-RUBIES-EGS-6411,RUBIES-EGS-6411,RUBIESEGS6411_taylor24,taylor24_ceers_rubies_blagn,RUBIES,EGS,4.88,secure_accreting_mbh,True,primary_evidence_supported,published_blagn_with_robust_detection_and_no_recorded_alternative_interpretation,type1_broad_line,broad_halpha,,robust,individual_robust,single-epoch-virial-halpha-reines2013,formal_mbh_errors_exclude_virial_systematic;nominal_mass_uncorrected_for_dust,high,90,high,90,not_applicable_or_recorded_in_source_specific_columns,exploratory_diagnostic,included_evidence_supported,82,81,82,81,13.870241568163827,0.4664428988179659,low,high,non_lrd,only catalogue measurement in this release
v5-blagn,physical_object,HZA-RUBIES-EGS-28812,HZA-RUBIES-EGS-28812,RUBIES-EGS-28812,RUBIESEGS28812_taylor24,taylor24_ceers_rubies_blagn,RUBIES,EGS,4.222,secure_accreting_mbh,True,primary_evidence_supported,published_blagn_with_robust_detection_and_no_recorded_alternative_interpretation,type1_broad_line,broad_halpha,,robust,individual_robust,single-epoch-virial-halpha-reines2013,formal_mbh_errors_exclude_virial_systematic;nominal_mass_uncorrected_for_dust;halpha_absorption_component_fit,high,90,robust_with_measurement_caveat,75,not_applicable_or_recorded_in_source_specific_columns,exploratory_diagnostic,included_evidence_supported,83,82,83,82,13.231692796886414,0.45878031356263693,low,robust_with_measurement_caveat,non_lrd,only catalogue measurement in this release
v5-blagn,physical_object,HZA-RUBIES-UDS-19484,HZA-RUBIES-UDS-19484,RUBIES-UDS-19484,RUBIESUDS19484_taylor24,taylor24_ceers_rubies_blagn,RUBIES,UDS,4.656,secure_accreting_mbh,True,primary_evidence_supported,published_blagn_with_robust_detection_and_no_recorded_alternative_interpretation,type1_broad_line,broad_halpha,lrd,robust,individual_robust,single-epoch-virial-halpha-reines2013,formal_mbh_errors_exclude_virial_systematic;nominal_mass_uncorrected_for_dust,high,90,high,90,not_applicable_or_recorded_in_source_specific_columns,exploratory_diagnostic,included_evidence_supported,84,83,84,83,12.549316803542556,0.45059180164251067,low,high,lrd,only catalogue measurement in this release
v5-blagn,physical_object,HZA-J2232P2930-BHAE-2,HZA-J2232P2930-BHAE-2,J2232P2930-BHAE-2,J2232P2930BHAE2_lin24,lin24_aspire_blagn,ASPIRE,J2232P2930,4.4693,secure_accreting_mbh,True,primary_evidence_supported,published_blagn_with_robust_detection_and_no_recorded_alternative_interpretation,type1_broad_line,broad_halpha,lrd,robust,individual_robust,single-epoch-virial-halpha-reines2013,broad_fwhm_near_1000_km_s_selection_boundary;formal_mbh_errors_exclude_virial_systematic;nominal_mass_and_lbol_uncorrected_for_dust,high,90,high,90,ASPIRE statistical errors and +/-0.5 dex calibration scenarios are separate,exploratory_diagnostic,included_evidence_supported,85,84,85,84,11.797438619014015,0.44156926342816816,low,high,lrd,only catalogue measurement in this release
v5-blagn,physical_object,HZA-GLASS-150029,HZA-GLASS-150029,GLASS-150029,GLASS150029_harikane23,harikane23_nirspec_blagn,GLASS,Abell-2744,4.583,secure_accreting_mbh,True,primary_evidence_supported,published_blagn_with_robust_detection_and_no_recorded_alternative_interpretation,type1_broad_line,broad_halpha,,robust,individual_robust,single-epoch-virial-halpha-greeneho2005,narrow_oiii_outflow_component;virial_calibration_at_z0;source_does_not_state_numeric_virial_systematic,high,90,high,90,"Harikane statistical errors are propagated; no numeric virial-calibration systematic is published, so no source-specific scenario is inferred",exploratory_diagnostic,included_evidence_supported,86,85,86,85,11.355531602295867,0.4362663792275504,low,high,not_reported_by_source,only catalogue measurement in this release
v5-blagn,physical_object,HZA-RUBIES-UDS-119957,HZA-RUBIES-UDS-119957,RUBIES-UDS-119957,RUBIESUDS119957_taylor24,taylor24_ceers_rubies_blagn,RUBIES,UDS,4.149,secure_accreting_mbh,True,primary_evidence_supported,published_blagn_with_robust_detection_and_no_recorded_alternative_interpretation,type1_broad_line,broad_halpha,lrd,robust,individual_robust,single-epoch-virial-halpha-reines2013,formal_mbh_errors_exclude_virial_systematic;nominal_mass_uncorrected_for_dust,high,90,high,90,not_applicable_or_recorded_in_source_specific_columns,exploratory_diagnostic,included_evidence_supported,87,86,87,86,11.261136260834359,0.4351336351300123,low,high,lrd,only catalogue measurement in this release
v5-blagn,physical_object,HZA-RUBIES-UDS-31747,HZA-RUBIES-UDS-31747,RUBIES-UDS-31747,RUBIESUDS31747_taylor24,taylor24_ceers_rubies_blagn,RUBIES,UDS,4.13,secure_accreting_mbh,True,primary_evidence_supported,published_blagn_with_robust_detection_and_no_recorded_alternative_interpretation,type1_broad_line,broad_halpha,lrd,robust,individual_robust,single-epoch-virial-halpha-reines2013,formal_mbh_errors_exclude_virial_systematic;nominal_mass_uncorrected_for_dust,high,90,high,90,not_applicable_or_recorded_in_source_specific_columns,exploratory_diagnostic,included_evidence_supported,88,87,88,87,10.908321132651999,0.430899853591824,low,high,lrd,only catalogue measurement in this release
v5-blagn,physical_object,HZA-J0148-976,HZA-J0148-976,J0148-976,J0148976_matthee23,matthee23_eiger_fresco_blagn,EIGER,J0148,4.163,secure_accreting_mbh,True,primary_evidence_supported,published_blagn_with_robust_detection_and_no_recorded_alternative_interpretation,type1_broad_line,broad_halpha,lrd,robust,individual_robust,single-epoch-virial-halpha-reines2013,formal_mbh_errors_exclude_virial_systematic;nominal_mass_uncorrected_for_dust,high,90,high,90,Matthee statistical errors and +/-0.5 dex calibration scenarios are separate,exploratory_diagnostic,included_evidence_supported,89,88,89,88,10.85774332989975,0.430292919958797,low,high,lrd,only catalogue measurement in this release
v5-blagn,physical_object,HZA-RUBIES-UDS-35974,HZA-RUBIES-UDS-35974,RUBIES-UDS-35974,RUBIESUDS35974_taylor24,taylor24_ceers_rubies_blagn,RUBIES,UDS,4.367,secure_accreting_mbh,True,primary_evidence_supported,published_blagn_with_robust_detection_and_no_recorded_alternative_interpretation,type1_broad_line,broad_halpha,,robust,individual_robust,single-epoch-virial-halpha-reines2013,formal_mbh_errors_exclude_virial_systematic;nominal_mass_uncorrected_for_dust,high,90,high,90,not_applicable_or_recorded_in_source_specific_columns,exploratory_diagnostic,included_evidence_supported,90,89,90,89,10.84418055129983,0.43013016661559794,low,high,non_lrd,only catalogue measurement in this release
v5-blagn,physical_object,HZA-J0224M4711-BHAE-1,HZA-J0224M4711-BHAE-1,J0224M4711-BHAE-1,J0224M4711BHAE1_lin24,lin24_aspire_blagn,ASPIRE,J0224M4711,4.0639,secure_accreting_mbh,True,primary_evidence_supported,published_blagn_with_robust_detection_and_no_recorded_alternative_interpretation,type1_broad_line,broad_halpha,lrd,robust,individual_robust,single-epoch-virial-halpha-reines2013,formal_mbh_errors_exclude_virial_systematic;nominal_mass_and_lbol_uncorrected_for_dust,high,90,high,90,ASPIRE statistical errors and +/-0.5 dex calibration scenarios are separate,exploratory_diagnostic,included_evidence_supported,91,90,91,90,10.57964718710251,0.42695576624523013,low,high,lrd,only catalogue measurement in this release
v5-blagn,physical_object,HZA-RUBIES-UDS-155916,HZA-RUBIES-UDS-155916,RUBIES-UDS-155916,RUBIESUDS155916_taylor24,taylor24_ceers_rubies_blagn,RUBIES,UDS,4.098,secure_accreting_mbh,True,primary_evidence_supported,published_blagn_with_robust_detection_and_no_recorded_alternative_interpretation,type1_broad_line,broad_halpha,,robust,individual_robust,single-epoch-virial-halpha-reines2013,formal_mbh_errors_exclude_virial_systematic;nominal_mass_uncorrected_for_dust,high,90,high,90,not_applicable_or_recorded_in_source_specific_columns,exploratory_diagnostic,included_evidence_supported,92,91,92,91,9.794339378398224,0.4175320725407787,low,high,non_lrd,only catalogue measurement in this release
v5-blagn,physical_object,HZA-RUBIES-UDS-63139,HZA-RUBIES-UDS-63139,RUBIES-UDS-63139,RUBIESUDS63139_taylor24,taylor24_ceers_rubies_blagn,RUBIES,UDS,4.435,secure_accreting_mbh,True,primary_evidence_supported,published_blagn_with_robust_detection_and_no_recorded_alternative_interpretation,type1_broad_line,broad_halpha,,robust,individual_robust,single-epoch-virial-halpha-reines2013,formal_mbh_errors_exclude_virial_systematic;nominal_mass_uncorrected_for_dust,high,90,high,90,not_applicable_or_recorded_in_source_specific_columns,exploratory_diagnostic,included_evidence_supported,93,92,93,92,9.673306722622575,0.4160796806714709,low,high,non_lrd,only catalogue measurement in this release
v5-blagn,physical_object,HZA-RUBIES-UDS-143683,HZA-RUBIES-UDS-143683,RUBIES-UDS-143683,RUBIESUDS143683_taylor24,taylor24_ceers_rubies_blagn,RUBIES,UDS,4.226,secure_accreting_mbh,True,primary_evidence_supported,published_blagn_with_robust_detection_and_no_recorded_alternative_interpretation,type1_broad_line,broad_halpha,,robust,individual_robust,single-epoch-virial-halpha-reines2013,formal_mbh_errors_exclude_virial_systematic;nominal_mass_uncorrected_for_dust,high,90,high,90,not_applicable_or_recorded_in_source_specific_columns,exploratory_diagnostic,included_evidence_supported,94,93,94,93,9.415026217409565,0.41298031460891477,low,high,non_lrd,only catalogue measurement in this release
v5-blagn,physical_object,HZA-RUBIES-UDS-48507,HZA-RUBIES-UDS-48507,RUBIES-UDS-48507,RUBIESUDS48507_taylor24,taylor24_ceers_rubies_blagn,RUBIES,UDS,4.468,secure_accreting_mbh,True,primary_evidence_supported,published_blagn_with_robust_detection_and_no_recorded_alternative_interpretation,type1_broad_line,broad_halpha,,robust,individual_robust,single-epoch-virial-halpha-reines2013,formal_mbh_errors_exclude_virial_systematic;nominal_mass_uncorrected_for_dust,high,90,high,90,not_applicable_or_recorded_in_source_specific_columns,exploratory_diagnostic,included_evidence_supported,95,94,95,94,9.089989853787502,0.40907987824545,low,high,non_lrd,only catalogue measurement in this release
v5-blagn,physical_object,HZA-GS-200679,HZA-GS-200679,GS-200679,GS200679_juodzbalis25,juodzbalis25_jades_blagn,JADES,,4.547,probable_accreting_mbh,True,primary_evidence_supported,published_blagn_with_tentative_broad_line_detection,type1_broad_line,broad_balmer_line,,tentative,individual_tentative,single-epoch-virial-halpha,,medium_tentative,60,medium_tentative,60,not_applicable_or_recorded_in_source_specific_columns,exploratory_diagnostic,included_evidence_supported,96,95,96,95,7.998664978596665,0.39598397974315996,low,medium_tentative,not_reported_by_source,only catalogue measurement in this release
v5-blagn,physical_object,HZA-RUBIES-UDS-30969,HZA-RUBIES-UDS-30969,RUBIES-UDS-30969,RUBIESUDS30969_taylor24,taylor24_ceers_rubies_blagn,RUBIES,UDS,4.0,secure_accreting_mbh,True,primary_evidence_supported,published_blagn_with_robust_detection_and_no_recorded_alternative_interpretation,type1_broad_line,broad_halpha,,robust,individual_robust,single-epoch-virial-halpha-reines2013,formal_mbh_errors_exclude_virial_systematic;nominal_mass_uncorrected_for_dust,high,90,high,90,not_applicable_or_recorded_in_source_specific_columns,exploratory_diagnostic,included_evidence_supported,97,96,97,96,6.599103334169058,0.3791892400100287,low,high,non_lrd,only catalogue measurement in this release
v5-blagn,physical_object,HZA-GN-11836,HZA-GN-11836,GN-11836,GN11836_juodzbalis25,juodzbalis25_jades_blagn,JADES,,4.409,secure_accreting_mbh,True,primary_evidence_supported,published_blagn_with_robust_detection_and_no_recorded_alternative_interpretation,type1_broad_line,broad_balmer_line,,robust,individual_robust,single-epoch-virial-halpha,,high,90,source_values_internally_inconsistent,55,not_applicable_or_recorded_in_source_specific_columns,exploratory_diagnostic,included_evidence_supported,98,97,98,97,5.701111137430049,0.36841333364916057,low,source_values_internally_inconsistent,not_reported_by_source,only catalogue measurement in this release
v5-blagn,physical_object,HZA-GLASS-160133,HZA-GLASS-160133,GLASS-160133,GLASS160133_harikane23,harikane23_nirspec_blagn,GLASS,Abell-2744,4.015,secure_accreting_mbh,True,primary_evidence_supported,published_blagn_with_robust_detection_and_no_recorded_alternative_interpretation,type1_broad_line,broad_halpha,,robust,individual_robust,single-epoch-virial-halpha-greeneho2005,host_mass_upper_limit;narrow_oiii_outflow_component;virial_calibration_at_z0;source_does_not_state_numeric_virial_systematic,high,90,high,90,"Harikane statistical errors are propagated; no numeric virial-calibration systematic is published, so no source-specific scenario is inferred",exploratory_diagnostic,included_evidence_supported,99,98,99,98,4.2166474023073715,0.35059976882768845,low,high,not_reported_by_source,only catalogue measurement in this release
