measurement_id,object_id,ra_hms,dec_dms,ra_deg,dec_deg,original_redshift,systemic_redshift,systemic_redshift_err,j_mag,j_mag_err,h_mag,h_mag_err,ks_mag,ks_mag_err,photometry_reference,discovery_reference_key,comment
GNIRS50-P000-26_shen19,P000+26,00:01:21.63,+26:50:09.2,0.340125,26.83588888888889,5.75,5.733,0.007,18.36,0.08,,,,,UHS,1,
GNIRS50-J0002-2550_shen19,J0002+2550,00:02:39.39,+25:50:34.9,0.6641250000000001,25.843027777777777,5.82,5.818,0.007,18.46,0.09,,,,,UHS,2,
GNIRS50-J0008-0626_shen19,J0008-0626,00:08:25.77,-06:26:04.6,2.1073749999999998,-6.434611111111112,5.93,5.929,0.006,19.43,0.13,,,,,Jiang2016,3,BAL
GNIRS50-J0028-0457_shen19,J0028+0457,00:28:06.56,+04:57:25.7,7.027333333333334,4.957138888888889,5.99,5.982,0.012,19.16,0.12,19.05,0.2,18.32,0.18,UKIDSS LAS,4,
GNIRS50-J0033-0125_shen19,J0033-0125,00:33:11.40,-01:25:24.9,8.297500000000001,-1.4235833333333334,6.13,5.978,0.01,20.64,0.2,,,,,Willott2007,5,
GNIRS50-J0050-3445_shen19,J0050+3445,00:50:06.67,+34:45:22.6,12.527791666666667,34.756277777777775,6.25,6.251,0.006,19.05,0.15,,,,,UHS,6,
GNIRS50-J0055-0146_shen19,J0055+0146,00:55:02.91,+01:46:18.3,13.762125,1.77175,6.02,6.017,0.054,20.93,0.15,,,,,Willott2009,7,
GNIRS50-J0136-0226_shen19,J0136+0226,01:36:03.17,+02:26:05.7,24.013208333333335,2.434916666666667,6.21,6.206,0.009,21.15,0.22,,,,,Willott2010,6,
GNIRS50-J0203-0012_shen19,J0203+0012,02:03:32.38,+00:12:29.2,30.884916666666662,0.20811111111111114,5.86,5.709,0.01,19.05,0.1,17.75,0.07,17.32,0.09,UKIDSS LAS,8,BAL
GNIRS50-J0221-0802_shen19,J0221-0802,02:21:22.71,-08:02:51.5,35.344625,-8.047638888888889,6.16,6.161,0.054,21.09,0.14,,,,,Willott2010,6,
GNIRS50-J0227-0605_shen19,J0227-0605,02:27:43.29,-06:05:30.2,36.930375000000005,-6.091722222222222,6.2,6.212,0.007,21.07,0.22,,,,,VIK,7,
GNIRS50-J0300-2232_shen19,J0300-2232,03:00:44.18,-22:32:27.2,45.184083333333334,-22.54088888888889,5.7,5.684,0.008,18.71,0.08,19.42,0.08,,,Banados2014,4,
GNIRS50-J0353-0104_shen19,J0353+0104,03:53:49.72,+01:04:04.4,58.457166666666666,1.0678888888888889,6.049,6.057,0.005,19.45,0.16,18.53,0.17,18.16,0.22,UKIDSS LAS,9,BAL
GNIRS50-P060-24_shen19,P060+24,04:02:12.69,+24:51:24.4,60.55287499999999,24.85677777777778,6.18,6.17,0.006,19.05,0.1,18.69,0.16,17.81,0.14,UKIDSS GCS,1,
GNIRS50-J0810-5105_shen19,J0810+5105,08:10:54.32,+51:05:40.1,122.72633333333332,51.09447222222222,5.8,5.805,0.01,18.77,0.06,,,,,Jiang2016,10,
GNIRS50-J0835-3217_shen19,J0835+3217,08:35:25.76,+32:17:52.6,128.85733333333334,32.29794444444444,5.89,5.902,0.009,20.5,0.2,,,,,Jiang2016,10,
GNIRS50-J0836-0054_shen19,J0836+0054,08:36:43.85,+00:54:53.3,129.18270833333332,0.9148055555555555,5.82,5.834,0.007,17.7,0.03,17.02,0.03,16.18,0.03,UKIDSS GCS,11,radio-loud
GNIRS50-J0840-5624_shen19,J0840+5624,08:40:35.09,+56:24:19.9,130.14620833333333,56.40552777777778,5.85,5.816,0.01,19.0,0.01,,,,,Jiang2016,12,
GNIRS50-J0841-2905_shen19,J0841+2905,08:41:19.52,+29:05:04.4,130.33133333333333,29.084555555555553,5.96,5.954,0.005,19.17,0.09,18.62,0.18,17.84,0.15,UKIDSS LAS,13,BAL
GNIRS50-J0842-1218_shen19,J0842+1218,08:42:29.43,+12:18:50.5,130.62262499999997,12.31402777777778,6.055,6.069,0.009,18.78,0.11,,,,,UHS,3,
GNIRS50-J0850-3246_shen19,J0850+3246,08:50:48.25,+32:46:47.9,132.70104166666667,32.77997222222222,5.867,5.73,0.013,18.74,0.08,,,,,UHS,3,
GNIRS50-J0927-2001_shen19,J0927+2001,09:27:21.82,+20:01:23.7,141.84091666666666,20.023249999999997,5.79,5.77,0.013,19.12,0.17,,,,,UHS,12,
GNIRS50-J1044-0125_shen19,J1044-0125,10:44:33.04,-01:25:02.2,161.13766666666666,-1.4172777777777779,5.8,5.78,0.007,18.31,0.05,17.92,0.12,17.03,0.07,UKIDSS LAS,14,BAL
GNIRS50-J1137-3549_shen19,J1137+3549,11:37:17.73,+35:49:56.9,174.32387500000002,35.83247222222222,6.01,6.009,0.01,18.48,0.07,,,,,UHS,12,
GNIRS50-J1143-3808_shen19,J1143+3808,11:43:38.33,+38:08:28.7,175.90970833333333,38.141305555555554,5.81,5.8,0.01,19.0,0.14,,,,,UHS,10,
GNIRS50-J1148-0702_shen19,J1148+0702,11:48:03.29,+07:02:08.3,177.01370833333334,7.035638888888888,6.339,6.344,0.006,19.36,0.11,18.39,0.12,17.51,0.11,UKIDSS LAS,10,
GNIRS50-J1148-5251_shen19,J1148+5251,11:48:16.64,+52:51:50.3,177.06933333333333,52.86397222222222,6.43,6.416,0.006,18.17,0.06,,,,,UHS,15,
GNIRS50-J1207-0630_shen19,J1207+0630,12:07:37.43,+06:30:10.1,181.90595833333333,6.502805555555556,6.04,6.028,0.013,19.35,0.14,,,17.5,0.12,UKIDSS LAS,3,
GNIRS50-J1243-2529_shen19,J1243+2529,12:43:40.81,+25:29:23.9,190.92004166666666,25.489972222222224,5.85,5.842,0.006,19.21,0.13,18.29,0.1,17.54,0.1,UKIDSS LAS,10,
GNIRS50-J1250-3130_shen19,J1250+3130,12:50:51.93,+31:30:22.9,192.716375,31.50636111111111,6.13,6.138,0.005,19.22,0.12,18.17,0.14,17.4,0.09,UKIDSS LAS,12,BAL
GNIRS50-J1257-6349_shen19,J1257+6349,12:57:57.47,+63:49:37.2,194.48945833333332,63.827000000000005,6.02,5.992,0.01,19.78,0.08,,,,,Jiang2016,3,
GNIRS50-J1335-3533_shen19,J1335+3533,13:35:50.81,+35:33:15.8,203.96170833333335,35.55438888888889,5.93,5.87,0.02,18.9,0.13,,,17.61,0.14,UKIDSS LAS,12,
GNIRS50-P210-27_shen19,P210+27,14:01:47.34,+27:49:35.0,210.44725,27.82638888888889,6.14,6.166,0.007,19.56,0.21,,,,,UHS,1,
GNIRS50-J1403-0902_shen19,J1403+0902,14:03:19.13,+09:02:50.9,210.82970833333334,9.047472222222222,5.86,5.787,0.013,19.17,0.1,18.59,0.1,17.93,0.11,UKIDSS LAS,3,
GNIRS50-J1425-3254_shen19,J1425+3254,14:25:16.34,+32:54:09.6,216.31808333333333,32.90266666666667,5.85,5.862,0.006,19.22,0.17,,,,,UHS,16,
GNIRS50-J1427-3312_shen19,J1427+3312,14:27:38.59,+33:12:41.0,216.91079166666665,33.21138888888889,6.12,6.118,0.005,19.68,0.05,,,,,McGreer2006,17,radio-loud; BAL
GNIRS50-J1429-5447_shen19,J1429+5447,14:29:52.17,+54:47:17.7,217.46737499999998,54.78825,6.21,6.119,0.008,19.7,0.07,,,,,Willott2010,6,radio-loud
GNIRS50-J1436-5007_shen19,J1436+5007,14:36:11.74,+50:07:06.9,219.04891666666666,50.11858333333333,5.83,5.809,0.01,18.99,0.14,,,,,UHS,12,
GNIRS50-P228-21_shen19,P228+21,15:14:44.91,+21:14:19.8,228.68712499999998,21.238833333333336,5.92,5.893,0.015,19.0,0.02,,,,,Banados2016,1,
GNIRS50-J1545-6028_shen19,J1545+6028,15:45:52.08,+60:28:24.0,236.467,60.473333333333336,5.78,5.794,0.007,,,,,,,,18,
GNIRS50-J1602-4228_shen19,J1602+4228,16:02:53.98,+42:28:24.9,240.72491666666667,42.47358333333334,6.07,6.083,0.005,18.82,0.12,,,,,UHS,2,
GNIRS50-J1609-3041_shen19,J1609+3041,16:09:37.27,+30:41:47.6,242.40529166666667,30.696555555555555,6.16,6.146,0.006,19.39,0.15,18.72,0.18,18.15,0.22,UKIDSS LAS,10,radio-loud
GNIRS50-J1621-5155_shen19,J1621+5155,16:21:00.92,+51:55:48.9,245.25383333333335,51.93025,5.71,5.637,0.008,18.52,0.1,,,,,UHS,10,
GNIRS50-J1623-3112_shen19,J1623+3112,16:23:31.81,+31:12:00.5,245.88254166666667,31.200138888888887,6.22,6.254,0.006,19.16,0.11,18.45,0.12,17.86,0.13,UKIDSS LAS,2,
GNIRS50-J1630-4012_shen19,J1630+4012,16:30:33.90,+40:12:09.6,247.64125,40.20266666666667,6.05,6.066,0.007,19.73,0.22,,,,,UHS,15,
GNIRS50-P333-26_shen19,P333+26,22:15:56.63,+26:06:29.4,333.9859583333334,26.10816666666667,6.03,6.027,0.007,19.52,0.14,,,,,UHS,1,
GNIRS50-J2307-0031_shen19,J2307+0031,23:07:35.35,+00:31:49.4,346.8972916666667,0.5303888888888889,5.87,5.9,0.01,20.43,0.11,,,,,VHS,9,
GNIRS50-J2310-1855_shen19,J2310+1855,23:10:38.88,+18:55:19.7,347.66200000000003,18.92213888888889,6.04,5.956,0.011,17.94,0.05,,,,,UHS,10,
GNIRS50-J2329-0403_shen19,J2329-0403,23:29:14.46,-04:03:24.1,352.31025,-4.056694444444444,5.9,5.883,0.007,21.06,0.19,,,,,Willott2009,7,BAL
GNIRS50-J2356-0023_shen19,J2356+0023,23:56:51.58,+00:23:33.3,359.2149166666666,0.39258333333333334,6.0,5.987,0.014,21.18,0.07,,,,,Jiang2016,9,
