measurement_id,object_id,ra_hms,dec_dms,ra_deg,dec_deg
XQR30-PSO-J007-04_mazzucchelli23,PSO J007+04,00:28:06.56,+04:57:25.64,7.027333333333334,4.957122222222222
XQR30-PSO-J009-10_mazzucchelli23,PSO J009-10,00:38:56.52,-10:25:53.90,9.7355,-10.43163888888889
XQR30-PSO-J023-02_mazzucchelli23,PSO J023-02,01:32:01.70,-02:16:03.11,23.00708333333333,-2.2675305555555556
XQR30-PSO-J025-11_mazzucchelli23,PSO J025-11,01:40:57.03,-11:40:59.48,25.237624999999998,-11.683188888888889
XQR30-PSO-J029-29_mazzucchelli23,PSO J029-29,01:58:04.14,-29:05:19.25,29.51725,-29.088680555555555
XQR30-VST-ATLAS-J029-36_mazzucchelli23,VST-ATLAS J029-36,01:59:57.97,-36:33:56.60,29.991541666666667,-36.56572222222222
XQR30-VDES-J0224-4711_mazzucchelli23,VDES J0224-4711,02:24:26.54,-47:11:29.40,36.11058333333333,-47.1915
XQR30-PSO-J060-24_mazzucchelli23,PSO J060+24,04:02:12.69,+24:51:24.42,60.55287499999999,24.856783333333336
XQR30-VDES-J0408-5632_mazzucchelli23,VDES J0408-5632,04:08:19.23,-56:32:28.80,62.080125,-56.541333333333334
XQR30-PSO-J065-26_mazzucchelli23,PSO J065-26,04:21:38.05,-26:57:15.60,65.40854166666665,-26.954333333333334
XQR30-PSO-J065-01_mazzucchelli23,PSO J065+01,04:23:50.15,+01:43:24.79,65.95895833333334,1.723552777777778
XQR30-PSO-J089-15_mazzucchelli23,PSO J089-15,05:59:45.47,-15:35:00.20,89.93945833333333,-15.583388888888889
XQR30-PSO-J108-08_mazzucchelli23,PSO J108+08,07:13:46.31,+08:55:32.65,108.44295833333334,8.92573611111111
XQR30-SDSS-J0842-1218_mazzucchelli23,SDSS J0842+1218,08:42:29.43,+12:18:50.58,130.62262499999997,12.31405
XQR30-DELS-J0923-0402_mazzucchelli23,DELS J0923+0402,09:23:47.12,+04:02:54.40,140.94633333333334,4.048444444444445
XQR30-PSO-J158-14_mazzucchelli23,PSO J158-14,10:34:46.50,-14:25:15.58,158.69375,-14.420994444444444
XQR30-PSO-J183-05_mazzucchelli23,PSO J183+05,12:12:26.98,+05:05:33.49,183.11241666666666,5.092636111111111
XQR30-PSO-J183-12_mazzucchelli23,PSO J183-12,12:13:11.81,-12:46:03.45,183.29920833333333,-12.767625
XQR30-PSO-J217-16_mazzucchelli23,PSO J217-16,14:28:21.39,-16:02:43.30,217.089125,-16.045361111111113
XQR30-PSO-J217-07_mazzucchelli23,PSO J217-07,14:31:40.45,-07:24:43.30,217.9185416666667,-7.412027777777778
XQR30-PSO-J231-20_mazzucchelli23,PSO J231-20,15:26:37.84,-20:50:00.66,231.65766666666667,-20.833516666666664
XQR30-DELS-J1535-1943_mazzucchelli23,DELS J1535+1943,15:35:32.87,+19:43:20.10,233.88695833333335,19.72225
XQR30-PSO-J239-07_mazzucchelli23,PSO J239-07,15:58:50.99,-07:24:09.59,239.71245833333336,-7.402663888888889
XQR30-PSO-J242-12_mazzucchelli23,PSO J242-12,16:09:45.53,-12:58:54.11,242.43970833333327,-12.981697222222222
XQR30-PSO-J308-27_mazzucchelli23,PSO J308-27,20:33:55.91,-27:38:54.60,308.4829583333334,-27.6485
XQR30-PSO-J323-12_mazzucchelli23,PSO J323+12,21:32:33.19,+12:17:55.26,323.1382916666667,12.298683333333333
XQR30-VDES-J2211-3206_mazzucchelli23,VDES J2211-3206,22:11:12.17,-32:06:12.94,332.8007083333333,-32.10359444444445
XQR30-VDES-J2250-5015_mazzucchelli23,VDES J2250-5015,22:50:02.01,-50:15:42.20,342.508375,-50.261722222222225
XQR30-SDSS-J2310-1855_mazzucchelli23,SDSS J2310+1855,23:10:38.89,+18:55:19.70,347.66204166666665,18.92213888888889
XQR30-PSO-J359-06_mazzucchelli23,PSO J359-06,23:56:32.45,-06:22:59.26,359.1352083333333,-6.383127777777777
XQR30-SDSS-J0100-2802_mazzucchelli23,SDSS J0100+2802,01:00:13.02,+28:02:25.80,15.05425,28.0405
XQR30-VST-ATLAS-J025-33_mazzucchelli23,VST-ATLAS J025-33,01:42:43.72,-33:27:45.61,25.682166666666667,-33.462669444444444
XQR30-ULAS-J0148-0600_mazzucchelli23,ULAS J0148+0600,01:48:37.64,+06:00:20.06,27.156833333333335,6.005572222222222
XQR30-PSO-J036-03_mazzucchelli23,PSO J036+03,02:26:01.87,+03:02:59.24,36.50779166666667,3.0497888888888887
XQR30-WISEA-J0439-1634_mazzucchelli23,WISEA J0439+1634,04:39:47.08,+16:34:16.01,69.94616666666668,16.57111388888889
XQR30-SDSS-J0818-1722_mazzucchelli23,SDSS J0818+1722,08:18:27.40,+17:22:52.01,124.61416666666666,17.38111388888889
XQR30-SDSS-J0836-0054_mazzucchelli23,SDSS J0836+0054,08:36:43.86,+00:54:53.26,129.18275,0.9147944444444445
XQR30-SDSS-J0927-2001_mazzucchelli23,SDSS J0927+2001,09:27:21.82,+20:01:23.64,141.84091666666666,20.023233333333334
XQR30-SDSS-J1030-0524_mazzucchelli23,SDSS J1030+0524,10:30:27.11,+05:24:55.06,157.61295833333335,5.415294444444445
XQR30-SDSS-J1306-0356_mazzucchelli23,SDSS J1306+0356,13:06:08.26,+03:56:26.19,196.53441666666666,3.9406083333333335
XQR30-ULAS-J1319-0950_mazzucchelli23,ULAS J1319+0950,13:19:11.29,+09:50:51.49,199.79704166666667,9.847636111111111
XQR30-CFHQS-J1509-1749_mazzucchelli23,CFHQS J1509-1749,15:09:41.78,-17:49:26.80,227.42408333333333,-17.82411111111111
