measurement_id,physical_object_id,preferred_measurement_flag,preferred_measurement_reason,match_method,match_reference
CEERS1244_taylor24,HZA-CEERS-1244,True,only catalogue measurement in this release,singleton assignment,"Taylor et al. (2025), Table 1"
CEERS2782_taylor24,HZA-CEERS-2782,False,nonpreferred duplicate: severe spatial slit loss; Taylor et al. adopt RUBIES-EGS-50052,explicit literature duplicate,"Taylor et al. (2025), Section 3.3 / Table 1 notes"
CEERS397_taylor24,HZA-CEERS-397,True,only catalogue measurement in this release,singleton assignment,"Taylor et al. (2025), Table 1"
CEERS672_taylor24,HZA-CEERS-672,True,only catalogue measurement in this release,singleton assignment,"Taylor et al. (2025), Table 1"
CEERS746_taylor24,HZA-CEERS-746,True,only catalogue measurement in this release,singleton assignment,"Taylor et al. (2025), Table 1"
GN1093_juodzbalis25,HZA-GN-1093,True,only catalogue measurement in this release,singleton assignment,v1 catalogue
GN11836_juodzbalis25,HZA-GN-11836,True,only catalogue measurement in this release,singleton assignment,v1 catalogue
GN20621_juodzbalis25,HZA-GN-20621,True,only catalogue measurement in this release,singleton assignment,v1 catalogue
GN38509_juodzbalis25,HZA-GN-38509,True,only catalogue measurement in this release,singleton assignment,v1 catalogue
GN4685_juodzbalis25,HZA-GN-4685,True,only catalogue measurement in this release,singleton assignment,v1 catalogue
GN53757_juodzbalis25,HZA-GN-53757,True,only catalogue measurement in this release,singleton assignment,v1 catalogue
GN61888_juodzbalis25,HZA-GN-61888,True,only catalogue measurement in this release,singleton assignment,v1 catalogue
GN62309_juodzbalis25,HZA-GN-62309,True,only catalogue measurement in this release,singleton assignment,v1 catalogue
GN73488_juodzbalis25,HZA-GN-73488,True,only catalogue measurement in this release,singleton assignment,v1 catalogue
GN77652_juodzbalis25,HZA-GN-77652,True,only catalogue measurement in this release,singleton assignment,v1 catalogue
GN954_juodzbalis25,HZA-GN-954,True,only catalogue measurement in this release,singleton assignment,v1 catalogue
GOODSN12839_matthee23,HZA-GOODS-N-12839,True,only catalogue measurement in this release,singleton assignment after coordinate-redshift search,no candidate within 0.5 arcsec and delta-z 0.01
GOODSN13733_matthee23,HZA-GOODS-N-13733,True,only catalogue measurement in this release,singleton assignment after coordinate-redshift search,no candidate within 0.5 arcsec and delta-z 0.01
GOODSN14409_matthee23,HZA-GOODS-N-14409,True,only catalogue measurement in this release,singleton assignment after coordinate-redshift search,no candidate within 0.5 arcsec and delta-z 0.01
GOODSN15498_matthee23,HZA-GOODS-N-15498,True,only catalogue measurement in this release,singleton assignment after coordinate-redshift search,no candidate within 0.5 arcsec and delta-z 0.01
GOODSN16813_matthee23,HZA-GOODS-N-16813,True,only catalogue measurement in this release,singleton assignment after coordinate-redshift search,no candidate within 0.5 arcsec and delta-z 0.01
GOODSN4014_matthee23,HZA-GOODS-N-4014,True,only catalogue measurement in this release,singleton assignment after coordinate-redshift search,no candidate within 0.5 arcsec and delta-z 0.01
GOODSN9771_matthee23,HZA-GOODS-N-9771,True,only catalogue measurement in this release,singleton assignment after coordinate-redshift search,no candidate within 0.5 arcsec and delta-z 0.01
GOODSS13971_matthee23,HZA-GS-204851,False,prior-release preferred measurement retained for longitudinal reproducibility,coordinate-redshift match; manually reviewed,0.5 arcsec and delta-z 0.01 candidate thresholds
GS10013704_juodzbalis25,HZA-GS-10013704,True,only catalogue measurement in this release,singleton assignment,v1 catalogue
GS159717_juodzbalis25,HZA-GS-159717,True,only catalogue measurement in this release,singleton assignment,v1 catalogue
GS164055_juodzbalis25,HZA-GS-164055,True,only catalogue measurement in this release,singleton assignment,v1 catalogue
GS172975_juodzbalis25,HZA-GS-172975,True,only catalogue measurement in this release,singleton assignment,v1 catalogue
GS20030333_juodzbalis25,HZA-GS-20030333,True,only catalogue measurement in this release,singleton assignment,v1 catalogue
GS20057765_juodzbalis25,HZA-GS-20057765,True,only catalogue measurement in this release,singleton assignment,v1 catalogue
GS200679_juodzbalis25,HZA-GS-200679,True,only catalogue measurement in this release,singleton assignment,v1 catalogue
GS204851_juodzbalis25,HZA-GS-204851,True,only catalogue measurement in this release,singleton assignment,v1 catalogue
GS210600_juodzbalis25,HZA-GS-210600,True,only catalogue measurement in this release,singleton assignment,v1 catalogue
GS30148179_juodzbalis25,HZA-GS-30148179,True,only catalogue measurement in this release,singleton assignment,v1 catalogue
GS38562_juodzbalis25,HZA-GS-38562,True,only catalogue measurement in this release,singleton assignment,v1 catalogue
GS8083_juodzbalis25,HZA-GS-8083,True,only catalogue measurement in this release,singleton assignment,v1 catalogue
J010012446_matthee23,HZA-J0100-12446,True,only catalogue measurement in this release,singleton assignment after coordinate-redshift search,no candidate within 0.5 arcsec and delta-z 0.01
J010015157_matthee23,HZA-J0100-15157,True,only catalogue measurement in this release,singleton assignment after coordinate-redshift search,no candidate within 0.5 arcsec and delta-z 0.01
J010016221_matthee23,HZA-J0100-16221,True,only catalogue measurement in this release,singleton assignment after coordinate-redshift search,no candidate within 0.5 arcsec and delta-z 0.01
J01002017_matthee23,HZA-J0100-2017,True,only catalogue measurement in this release,singleton assignment after coordinate-redshift search,no candidate within 0.5 arcsec and delta-z 0.01
J0109M3047BHAE1_lin24,HZA-J0109M3047-BHAE-1,True,only catalogue measurement in this release,singleton assignment after coordinate-redshift search,no candidate within 0.5 arcsec and delta-z 0.01
J014812884_matthee23,HZA-J0148-12884,True,only catalogue measurement in this release,singleton assignment after coordinate-redshift search,no candidate within 0.5 arcsec and delta-z 0.01
J01484214_matthee23,HZA-J0148-4214,True,only catalogue measurement in this release,singleton assignment after coordinate-redshift search,no candidate within 0.5 arcsec and delta-z 0.01
J0148976_matthee23,HZA-J0148-976,True,only catalogue measurement in this release,singleton assignment after coordinate-redshift search,no candidate within 0.5 arcsec and delta-z 0.01
J0218P0007BHAE1_lin24,HZA-J0218P0007-BHAE-1,True,only catalogue measurement in this release,singleton assignment after coordinate-redshift search,no candidate within 0.5 arcsec and delta-z 0.01
J0224M4711BHAE1_lin24,HZA-J0224M4711-BHAE-1,True,only catalogue measurement in this release,singleton assignment after coordinate-redshift search,no candidate within 0.5 arcsec and delta-z 0.01
J0229M0808BHAE1_lin24,HZA-J0229M0808-BHAE-1,True,only catalogue measurement in this release,singleton assignment after coordinate-redshift search,no candidate within 0.5 arcsec and delta-z 0.01
J0229M0808BHAE2_lin24,HZA-J0229M0808-BHAE-2,True,only catalogue measurement in this release,singleton assignment after coordinate-redshift search,no candidate within 0.5 arcsec and delta-z 0.01
J0430M1445BHAE1_lin24,HZA-J0430M1445-BHAE-1,True,only catalogue measurement in this release,singleton assignment after coordinate-redshift search,no candidate within 0.5 arcsec and delta-z 0.01
J0910M0414BHAE1_lin24,HZA-J0910M0414-BHAE-1,True,only catalogue measurement in this release,singleton assignment after coordinate-redshift search,no candidate within 0.5 arcsec and delta-z 0.01
J0923P0402BHAE1_lin24,HZA-J0923P0402-BHAE-1,True,only catalogue measurement in this release,singleton assignment after coordinate-redshift search,no candidate within 0.5 arcsec and delta-z 0.01
J112014389_matthee23,HZA-J1120-14389,True,only catalogue measurement in this release,singleton assignment after coordinate-redshift search,no candidate within 0.5 arcsec and delta-z 0.01
J11207546_matthee23,HZA-J1120-7546,True,only catalogue measurement in this release,singleton assignment after coordinate-redshift search,no candidate within 0.5 arcsec and delta-z 0.01
J114818404_matthee23,HZA-J1148-18404,True,only catalogue measurement in this release,singleton assignment after coordinate-redshift search,no candidate within 0.5 arcsec and delta-z 0.01
J114821787_matthee23,HZA-J1148-21787,True,only catalogue measurement in this release,singleton assignment after coordinate-redshift search,no candidate within 0.5 arcsec and delta-z 0.01
J11487111_matthee23,HZA-J1148-7111,True,only catalogue measurement in this release,singleton assignment after coordinate-redshift search,no candidate within 0.5 arcsec and delta-z 0.01
J1526M2050BHAE1_lin24,HZA-J1526M2050-BHAE-1,True,only catalogue measurement in this release,singleton assignment after coordinate-redshift search,no candidate within 0.5 arcsec and delta-z 0.01
J1526M2050BHAE2_lin24,HZA-J1526M2050-BHAE-2,True,only catalogue measurement in this release,singleton assignment after coordinate-redshift search,no candidate within 0.5 arcsec and delta-z 0.01
J1526M2050BHAE3_lin24,HZA-J1526M2050-BHAE-3,True,only catalogue measurement in this release,singleton assignment after coordinate-redshift search,no candidate within 0.5 arcsec and delta-z 0.01
J2002M3013BHAE1_lin24,HZA-J2002M3013-BHAE-1,True,only catalogue measurement in this release,singleton assignment after coordinate-redshift search,no candidate within 0.5 arcsec and delta-z 0.01
J2132P1217BHAE1_lin24,HZA-J2132P1217-BHAE-1,True,only catalogue measurement in this release,singleton assignment after coordinate-redshift search,no candidate within 0.5 arcsec and delta-z 0.01
J2232P2930BHAE1_lin24,HZA-J2232P2930-BHAE-1,True,only catalogue measurement in this release,singleton assignment after coordinate-redshift search,no candidate within 0.5 arcsec and delta-z 0.01
J2232P2930BHAE2_lin24,HZA-J2232P2930-BHAE-2,True,only catalogue measurement in this release,singleton assignment after coordinate-redshift search,no candidate within 0.5 arcsec and delta-z 0.01
J2232P2930BHAE3_lin24,HZA-J2232P2930-BHAE-3,True,only catalogue measurement in this release,singleton assignment after coordinate-redshift search,no candidate within 0.5 arcsec and delta-z 0.01
RUBIESEGS13872_taylor24,HZA-RUBIES-EGS-13872,True,only catalogue measurement in this release,singleton assignment,"Taylor et al. (2025), Table 1"
RUBIESEGS17146_taylor24,HZA-RUBIES-EGS-17146,True,only catalogue measurement in this release,singleton assignment,"Taylor et al. (2025), Table 1"
RUBIESEGS28812_taylor24,HZA-RUBIES-EGS-28812,True,only catalogue measurement in this release,singleton assignment,"Taylor et al. (2025), Table 1"
RUBIESEGS29489_taylor24,HZA-RUBIES-EGS-29489,True,only catalogue measurement in this release,singleton assignment,"Taylor et al. (2025), Table 1"
RUBIESEGS37124_taylor24,HZA-RUBIES-EGS-37124,True,only catalogue measurement in this release,singleton assignment,"Taylor et al. (2025), Table 1"
RUBIESEGS42046_taylor24,HZA-RUBIES-EGS-42046,True,only catalogue measurement in this release,singleton assignment,"Taylor et al. (2025), Table 1"
RUBIESEGS42232_taylor24,HZA-RUBIES-EGS-42232,True,only catalogue measurement in this release,singleton assignment,"Taylor et al. (2025), Table 1"
RUBIESEGS45599_taylor24,HZA-RUBIES-EGS-45599,True,only catalogue measurement in this release,singleton assignment,"Taylor et al. (2025), Table 1"
RUBIESEGS46985_taylor24,HZA-RUBIES-EGS-46985,True,only catalogue measurement in this release,singleton assignment,"Taylor et al. (2025), Table 1"
RUBIESEGS49140_taylor24,HZA-RUBIES-EGS-49140,True,only catalogue measurement in this release,singleton assignment,"Taylor et al. (2025), Table 1"
RUBIESEGS50052_taylor24,HZA-CEERS-2782,True,preferred duplicate: higher-S/N RUBIES spectrum adopted by Taylor et al.,explicit literature duplicate,"Taylor et al. (2025), Section 3.3 / Table 1 notes"
RUBIESEGS60935_taylor24,HZA-RUBIES-EGS-60935,True,only catalogue measurement in this release,singleton assignment,"Taylor et al. (2025), Table 1"
RUBIESEGS6411_taylor24,HZA-RUBIES-EGS-6411,True,only catalogue measurement in this release,singleton assignment,"Taylor et al. (2025), Table 1"
RUBIESEGS926125_taylor24,HZA-RUBIES-EGS-926125,True,only catalogue measurement in this release,singleton assignment,"Taylor et al. (2025), Table 1"
RUBIESUDS119957_taylor24,HZA-RUBIES-UDS-119957,True,only catalogue measurement in this release,singleton assignment,"Taylor et al. (2025), Table 1"
RUBIESUDS139709_taylor24,HZA-RUBIES-UDS-139709,True,only catalogue measurement in this release,singleton assignment,"Taylor et al. (2025), Table 1"
RUBIESUDS143683_taylor24,HZA-RUBIES-UDS-143683,True,only catalogue measurement in this release,singleton assignment,"Taylor et al. (2025), Table 1"
RUBIESUDS155916_taylor24,HZA-RUBIES-UDS-155916,True,only catalogue measurement in this release,singleton assignment,"Taylor et al. (2025), Table 1"
RUBIESUDS172350_taylor24,HZA-RUBIES-UDS-172350,True,only catalogue measurement in this release,singleton assignment,"Taylor et al. (2025), Table 1"
RUBIESUDS174752_taylor24,HZA-RUBIES-UDS-174752,True,only catalogue measurement in this release,singleton assignment,"Taylor et al. (2025), Table 1"
RUBIESUDS182791_taylor24,HZA-RUBIES-UDS-182791,True,only catalogue measurement in this release,singleton assignment,"Taylor et al. (2025), Table 1"
RUBIESUDS19484_taylor24,HZA-RUBIES-UDS-19484,True,only catalogue measurement in this release,singleton assignment,"Taylor et al. (2025), Table 1"
RUBIESUDS19521_taylor24,HZA-RUBIES-UDS-19521,True,only catalogue measurement in this release,singleton assignment,"Taylor et al. (2025), Table 1"
RUBIESUDS29813_taylor24,HZA-RUBIES-UDS-29813,True,only catalogue measurement in this release,singleton assignment,"Taylor et al. (2025), Table 1"
RUBIESUDS30969_taylor24,HZA-RUBIES-UDS-30969,True,only catalogue measurement in this release,singleton assignment,"Taylor et al. (2025), Table 1"
RUBIESUDS31747_taylor24,HZA-RUBIES-UDS-31747,True,only catalogue measurement in this release,singleton assignment,"Taylor et al. (2025), Table 1"
RUBIESUDS35974_taylor24,HZA-RUBIES-UDS-35974,True,only catalogue measurement in this release,singleton assignment,"Taylor et al. (2025), Table 1"
RUBIESUDS47509_taylor24,HZA-RUBIES-UDS-47509,True,only catalogue measurement in this release,singleton assignment,"Taylor et al. (2025), Table 1"
RUBIESUDS48507_taylor24,HZA-RUBIES-UDS-48507,True,only catalogue measurement in this release,singleton assignment,"Taylor et al. (2025), Table 1"
RUBIESUDS63139_taylor24,HZA-RUBIES-UDS-63139,True,only catalogue measurement in this release,singleton assignment,"Taylor et al. (2025), Table 1"
RUBIESUDS807469_taylor24,HZA-RUBIES-UDS-807469,True,only catalogue measurement in this release,singleton assignment,"Taylor et al. (2025), Table 1"
RUBIESUDS970351_taylor24,HZA-RUBIES-UDS-970351,True,only catalogue measurement in this release,singleton assignment,"Taylor et al. (2025), Table 1"
